function	file	scope	wrapv	signedchar
_init#1	NOLINE	BOUNDARY	same	same
.plt#1	NOLINE	BOUNDARY	same	same
regexec@plt#1	NOLINE	BOUNDARY	same	same
putenv@plt#1	NOLINE	BOUNDARY	same	same
isalpha@plt#1	NOLINE	BOUNDARY	same	same
strncat@plt#1	NOLINE	BOUNDARY	same	same
regfree@plt#1	NOLINE	BOUNDARY	same	same
strcspn@plt#1	NOLINE	BOUNDARY	same	same
pipe@plt#1	NOLINE	BOUNDARY	same	same
toupper@plt#1	NOLINE	BOUNDARY	same	same
stpcpy@plt#1	NOLINE	BOUNDARY	same	same
__libc_start_main@plt#1	NOLINE	BOUNDARY	same	same
pthread_mutex_lock@plt#1	NOLINE	BOUNDARY	same	same
lseek64@plt#1	NOLINE	BOUNDARY	same	same
getpwnam@plt#1	NOLINE	BOUNDARY	same	same
vsprintf@plt#1	NOLINE	BOUNDARY	same	same
localtime@plt#1	NOLINE	BOUNDARY	same	same
regerror@plt#1	NOLINE	BOUNDARY	same	same
time@plt#1	NOLINE	BOUNDARY	same	same
strtok@plt#1	NOLINE	BOUNDARY	same	same
__lxstat@plt#1	NOLINE	BOUNDARY	same	same
fileno@plt#1	NOLINE	BOUNDARY	same	same
__gmon_start__@plt#1	NOLINE	BOUNDARY	same	same
readdir@plt#1	NOLINE	BOUNDARY	same	same
rename@plt#1	NOLINE	BOUNDARY	same	same
strtod@plt#1	NOLINE	BOUNDARY	same	same
dl_iterate_phdr@plt#1	NOLINE	BOUNDARY	same	same
getcwd@plt#1	NOLINE	BOUNDARY	same	same
qsort@plt#1	NOLINE	BOUNDARY	same	same
readlink@plt#1	NOLINE	BOUNDARY	same	same
getpid@plt#1	NOLINE	BOUNDARY	same	same
socket@plt#1	NOLINE	BOUNDARY	same	same
getpwuid@plt#1	NOLINE	BOUNDARY	same	same
snprintf@plt#1	NOLINE	BOUNDARY	same	same
strcat@plt#1	NOLINE	BOUNDARY	same	same
strncasecmp@plt#1	NOLINE	BOUNDARY	same	same
putchar@plt#1	NOLINE	BOUNDARY	same	same
fseeko@plt#1	NOLINE	BOUNDARY	same	same
fprintf@plt#1	NOLINE	BOUNDARY	same	same
sigaction@plt#1	NOLINE	BOUNDARY	same	same
memcpy@plt#1	NOLINE	BOUNDARY	same	same
__ctype_b_loc@plt#1	NOLINE	BOUNDARY	same	same
fread@plt#1	NOLINE	BOUNDARY	same	same
strncpy@plt#1	NOLINE	BOUNDARY	same	same
realloc@plt#1	NOLINE	BOUNDARY	same	same
exit@plt#1	NOLINE	BOUNDARY	same	same
cos@plt#1	NOLINE	BOUNDARY	same	same
isxdigit@plt#1	NOLINE	BOUNDARY	same	same
ftello@plt#1	NOLINE	BOUNDARY	same	same
strftime@plt#1	NOLINE	BOUNDARY	same	same
strrchr@plt#1	NOLINE	BOUNDARY	same	same
__ctype_toupper_loc@plt#1	NOLINE	BOUNDARY	same	same
localtime_r@plt#1	NOLINE	BOUNDARY	same	same
__cxa_finalize@plt#1	NOLINE	BOUNDARY	same	same
pthread_once@plt#1	NOLINE	BOUNDARY	same	same
sleep@plt#1	NOLINE	BOUNDARY	same	same
gmtime@plt#1	NOLINE	BOUNDARY	same	same
sincos@plt#1	NOLINE	BOUNDARY	same	same
strstr@plt#1	NOLINE	BOUNDARY	same	same
sigaddset@plt#1	NOLINE	BOUNDARY	same	same
_exit@plt#1	NOLINE	BOUNDARY	same	same
pclose@plt#1	NOLINE	BOUNDARY	same	same
dup@plt#1	NOLINE	BOUNDARY	same	same
log@plt#1	NOLINE	BOUNDARY	same	same
isupper@plt#1	NOLINE	BOUNDARY	same	same
acos@plt#1	NOLINE	BOUNDARY	same	same
wait@plt#1	NOLINE	BOUNDARY	same	same
fputc@plt#1	NOLINE	BOUNDARY	same	same
closedir@plt#1	NOLINE	BOUNDARY	same	same
__isoc99_sscanf@plt#1	NOLINE	BOUNDARY	same	same
strncmp@plt#1	NOLINE	BOUNDARY	same	same
access@plt#1	NOLINE	BOUNDARY	same	same
abort@plt#1	NOLINE	BOUNDARY	same	same
frexp@plt#1	NOLINE	BOUNDARY	same	same
ferror@plt#1	NOLINE	BOUNDARY	same	same
fgetc@plt#1	NOLINE	BOUNDARY	same	same
fflush@plt#1	NOLINE	BOUNDARY	same	same
islower@plt#1	NOLINE	BOUNDARY	same	same
remove@plt#1	NOLINE	BOUNDARY	same	same
__assert_fail@plt#1	NOLINE	BOUNDARY	same	same
isalnum@plt#1	NOLINE	BOUNDARY	same	same
getuid@plt#1	NOLINE	BOUNDARY	same	same
__errno_location@plt#1	NOLINE	BOUNDARY	same	same
read@plt#1	NOLINE	BOUNDARY	same	same
__xstat@plt#1	NOLINE	BOUNDARY	same	same
putc@plt#1	NOLINE	BOUNDARY	same	same
perror@plt#1	NOLINE	BOUNDARY	same	same
signal@plt#1	NOLINE	BOUNDARY	same	same
system@plt#1	NOLINE	BOUNDARY	same	same
fork@plt#1	NOLINE	BOUNDARY	same	same
funlockfile@plt#1	NOLINE	BOUNDARY	same	same
fopen@plt#1	NOLINE	BOUNDARY	same	same
tolower@plt#1	NOLINE	BOUNDARY	same	same
write@plt#1	NOLINE	BOUNDARY	same	same
__getauxval@plt#1	NOLINE	BOUNDARY	same	same
feof@plt#1	NOLINE	BOUNDARY	same	same
memcmp@plt#1	NOLINE	BOUNDARY	same	same
fseek@plt#1	NOLINE	BOUNDARY	same	same
malloc@plt#1	NOLINE	BOUNDARY	same	same
asin@plt#1	NOLINE	BOUNDARY	same	same
sigemptyset@plt#1	NOLINE	BOUNDARY	same	same
_setjmp@plt#1	NOLINE	BOUNDARY	same	same
isspace@plt#1	NOLINE	BOUNDARY	same	same
__uflow@plt#1	NOLINE	BOUNDARY	same	same
fclose@plt#1	NOLINE	BOUNDARY	same	same
atan@plt#1	NOLINE	BOUNDARY	same	same
setvbuf@plt#1	NOLINE	BOUNDARY	same	same
pthread_mutex_unlock@plt#1	NOLINE	BOUNDARY	same	same
strcmp@plt#1	NOLINE	BOUNDARY	same	same
strtol@plt#1	NOLINE	BOUNDARY	same	same
sqrt@plt#1	NOLINE	BOUNDARY	same	same
sin@plt#1	NOLINE	BOUNDARY	same	same
opendir@plt#1	NOLINE	BOUNDARY	same	same
flockfile@plt#1	NOLINE	BOUNDARY	same	same
calloc@plt#1	NOLINE	BOUNDARY	same	same
getenv@plt#1	NOLINE	BOUNDARY	same	same
vsnprintf@plt#1	NOLINE	BOUNDARY	same	same
popen@plt#1	NOLINE	BOUNDARY	same	same
gettimeofday@plt#1	NOLINE	BOUNDARY	same	same
strchr@plt#1	NOLINE	BOUNDARY	same	same
mkdir@plt#1	NOLINE	BOUNDARY	same	same
getc@plt#1	NOLINE	BOUNDARY	same	same
execvp@plt#1	NOLINE	BOUNDARY	same	same
log10@plt#1	NOLINE	BOUNDARY	same	same
memchr@plt#1	NOLINE	BOUNDARY	same	same
modf@plt#1	NOLINE	BOUNDARY	same	same
regcomp@plt#1	NOLINE	BOUNDARY	same	same
longjmp@plt#1	NOLINE	BOUNDARY	same	same
atan2@plt#1	NOLINE	BOUNDARY	same	same
getopt_long_only@plt#1	NOLINE	BOUNDARY	same	same
free@plt#1	NOLINE	BOUNDARY	same	same
puts@plt#1	NOLINE	BOUNDARY	same	same
strerror@plt#1	NOLINE	BOUNDARY	same	same
sprintf@plt#1	NOLINE	BOUNDARY	same	same
fwrite@plt#1	NOLINE	BOUNDARY	same	same
fputs@plt#1	NOLINE	BOUNDARY	same	same
printf@plt#1	NOLINE	BOUNDARY	same	same
strcpy@plt#1	NOLINE	BOUNDARY	same	same
memmove@plt#1	NOLINE	BOUNDARY	same	same
close@plt#1	NOLINE	BOUNDARY	same	same
vfprintf@plt#1	NOLINE	BOUNDARY	same	same
connect@plt#1	NOLINE	BOUNDARY	same	same
pow@plt#1	NOLINE	BOUNDARY	same	same
strlen@plt#1	NOLINE	BOUNDARY	same	same
strcasecmp@plt#1	NOLINE	BOUNDARY	same	same
ungetc@plt#1	NOLINE	BOUNDARY	same	same
ftell@plt#1	NOLINE	BOUNDARY	same	same
fcntl@plt#1	NOLINE	BOUNDARY	same	same
open@plt#1	NOLINE	BOUNDARY	same	same
strtoull@plt#1	NOLINE	BOUNDARY	same	same
memset@plt#1	NOLINE	BOUNDARY	same	same
__cxa_bad_cast#1	NOLINE	BOUNDARY	same	same
__cxa_bad_typeid#1	NOLINE	BOUNDARY	same	same
__cxa_throw_bad_array_new_length#1	NOLINE	BOUNDARY	same	same
_ZN9__gnu_cxx30__throw_concurrence_lock_errorEv#1	NOLINE	BOUNDARY	same	same
main#1	texk/web2c/lib/texmfmp.c	BOUNDARY	same	same
_GLOBAL__sub_I_eh_alloc.cc#1	NOLINE	BOUNDARY	same	same
init_have_lse_atomics#1	NOLINE	BOUNDARY	same	same
_start#1	NOLINE	BOUNDARY	same	same
call_weak_fn#1	NOLINE	BOUNDARY	same	same
deregister_tm_clones#1	NOLINE	BOUNDARY	same	same
register_tm_clones#1	NOLINE	BOUNDARY	same	same
__do_global_dtors_aux#1	NOLINE	BOUNDARY	same	same
frame_dummy#1	NOLINE	BOUNDARY	same	same
normalize_quotes#1	texk/web2c/lib/texmfmp.c	BOUNDARY	same	changed
ipc_make_name#1	texk/web2c/lib/texmfmp.c	BOUNDARY	same	same
tcx_get_num#1	texk/web2c/lib/texmfmp.c	BOUNDARY	same	changed
ipc_snd#1	texk/web2c/lib/texmfmp.c	BOUNDARY	same	same
swap_items#1	texk/web2c/lib/texmfmp.c	BOUNDARY	same	changed
catch_interrupt#1	texk/web2c/lib/texmfmp.c	BOUNDARY	same	same
makepdftime#1	texk/web2c/lib/texmfmp.c	BOUNDARY	changed	changed
ipc_open_out.part.0#1	texk/web2c/lib/texmfmp.c	BOUNDARY	same	same
init_start_time.part.0#1	texk/web2c/lib/texmfmp.c	BOUNDARY	same	changed
shell_cmd_is_allowed.constprop.0#1	texk/web2c/lib/texmfmp.c	BOUNDARY	same	changed
runpopen#1	texk/web2c/lib/texmfmp.c	BOUNDARY	same	same
generic_synctex_get_current_name#1	texk/web2c/lib/texmfmp.c	BOUNDARY	same	same
runsystem#1	texk/web2c/lib/texmfmp.c	BOUNDARY	same	changed
texmf_yesno#1	texk/web2c/lib/texmfmp.c	BOUNDARY	same	changed
maininit#1	texk/web2c/lib/texmfmp.c	BOUNDARY	same	changed
topenin#1	texk/web2c/lib/texmfmp.c	BOUNDARY	changed	changed
ipcpage#1	texk/web2c/lib/texmfmp.c	BOUNDARY	changed	changed
readtcxfile#1	texk/web2c/lib/texmfmp.c	BOUNDARY	changed	changed
open_in_or_pipe#1	texk/web2c/lib/texmfmp.c	BOUNDARY	changed	changed
open_out_or_pipe#1	texk/web2c/lib/texmfmp.c	BOUNDARY	same	same
close_file_or_pipe#1	texk/web2c/lib/texmfmp.c	BOUNDARY	same	same
init_start_time#1	texk/web2c/lib/texmfmp.c	BOUNDARY	same	same
get_date_and_time#1	texk/web2c/lib/texmfmp.c	BOUNDARY	same	changed
get_seconds_and_micros#1	texk/web2c/lib/texmfmp.c	BOUNDARY	same	same
input_line#1	texk/web2c/lib/texmfmp.c	BOUNDARY	changed	same
calledit#1	texk/web2c/lib/texmfmp.c	BOUNDARY	changed	changed
do_dump#1	texk/web2c/lib/texmfmp.c	BOUNDARY	same	same
do_undump#1	texk/web2c/lib/texmfmp.c	BOUNDARY	same	same
makefullnamestring#1	texk/web2c/lib/texmfmp.c	BOUNDARY	same	same
getjobname#1	texk/web2c/lib/texmfmp.c	BOUNDARY	same	same
gettexstring#1	texk/web2c/lib/texmfmp.c	BOUNDARY	changed	same
isnewsource#1	texk/web2c/lib/texmfmp.c	BOUNDARY	changed	changed
remembersourceinfo#1	texk/web2c/lib/texmfmp.c	BOUNDARY	same	same
makesrcspecial#1	texk/web2c/lib/texmfmp.c	BOUNDARY	same	changed
initstarttime#1	texk/web2c/lib/texmfmp.c	BOUNDARY	same	same
makecstring#1	texk/web2c/lib/texmfmp.c	BOUNDARY	changed	same
find_input_file#1	texk/web2c/lib/texmfmp.c	BOUNDARY	same	changed
makecfilename#1	texk/web2c/lib/texmfmp.c	BOUNDARY	same	changed
getcreationdate#1	texk/web2c/lib/texmfmp.c	BOUNDARY	same	same
getfilemoddate#1	texk/web2c/lib/texmfmp.c	BOUNDARY	same	same
getfilesize#1	texk/web2c/lib/texmfmp.c	BOUNDARY	same	same
getfiledump#1	texk/web2c/lib/texmfmp.c	BOUNDARY	changed	same
convertStringToHexString#1	texk/web2c/lib/texmfmp.c	BOUNDARY	changed	same
getmd5sum#1	texk/web2c/lib/texmfmp.c	BOUNDARY	changed	same
synctexabort.constprop.0#1	texk/web2c/synctexdir/synctex.c	BOUNDARY	same	same
synctex_record_node_kern#1	texk/web2c/synctexdir/synctex.c	BOUNDARY	changed	same
synctex_dot_open.part.0#1	texk/web2c/synctexdir/synctex.c	BOUNDARY	same	changed
synctex_prepare_content.part.0#1	texk/web2c/synctexdir/synctex.c	BOUNDARY	same	same
synctexinitcommand#1	texk/web2c/synctexdir/synctex.c	BOUNDARY	same	same
synctexabort#1	texk/web2c/synctexdir/synctex.c	BOUNDARY	same	same
synctexstartinput#1	texk/web2c/synctexdir/synctex.c	BOUNDARY	same	changed
synctexterminate#1	texk/web2c/synctexdir/synctex.c	BOUNDARY	same	changed
synctexsheet#1	texk/web2c/synctexdir/synctex.c	BOUNDARY	same	same
synctexteehs#1	texk/web2c/synctexdir/synctex.c	BOUNDARY	same	same
synctexpdfxform#1	texk/web2c/synctexdir/synctex.c	BOUNDARY	same	same
synctexmrofxfdp#1	texk/web2c/synctexdir/synctex.c	BOUNDARY	same	same
synctexpdfrefxform#1	texk/web2c/synctexdir/synctex.c	BOUNDARY	same	same
synctexvlist#1	texk/web2c/synctexdir/synctex.c	BOUNDARY	changed	same
synctextsilv#1	texk/web2c/synctexdir/synctex.c	BOUNDARY	changed	same
synctexvoidvlist#1	texk/web2c/synctexdir/synctex.c	BOUNDARY	changed	same
synctexhlist#1	texk/web2c/synctexdir/synctex.c	BOUNDARY	changed	same
synctextsilh#1	texk/web2c/synctexdir/synctex.c	BOUNDARY	changed	same
synctexvoidhlist#1	texk/web2c/synctexdir/synctex.c	BOUNDARY	changed	same
synctexhorizontalruleorglue#1	texk/web2c/synctexdir/synctex.c	BOUNDARY	changed	same
synctexkern#1	texk/web2c/synctexdir/synctex.c	BOUNDARY	changed	same
synctexcurrent#1	texk/web2c/synctexdir/synctex.c	BOUNDARY	same	same
synctex_record_node_math#1	texk/web2c/synctexdir/synctex.c	BOUNDARY	changed	same
synctexmath#1	texk/web2c/synctexdir/synctex.c	BOUNDARY	changed	same
synctex_record_node_char#1	texk/web2c/synctexdir/synctex.c	BOUNDARY	changed	same
synctexchar#1	texk/web2c/synctexdir/synctex.c	BOUNDARY	same	same
synctex_record_node_unknown#1	texk/web2c/synctexdir/synctex.c	BOUNDARY	changed	same
synctexnode#1	texk/web2c/synctexdir/synctex.c	BOUNDARY	same	same
initialize#1	Work/texk/web2c/pdftexini.c	TRANSLATED	changed	same
getstringsstarted#1	Work/texk/web2c/pdftexini.c	TRANSLATED	changed	same
sortavail#1	Work/texk/web2c/pdftexini.c	TRANSLATED	changed	same
zprimitive#1	Work/texk/web2c/pdftexini.c	TRANSLATED	changed	same
znewtrieop#1	Work/texk/web2c/pdftexini.c	TRANSLATED	changed	same
ztrienode#1	Work/texk/web2c/pdftexini.c	TRANSLATED	changed	same
zcompresstrie.part.0#1	Work/texk/web2c/pdftexini.c	TRANSLATED	same	same
zcompresstrie#1	Work/texk/web2c/pdftexini.c	TRANSLATED	same	same
zfirstfit#1	Work/texk/web2c/pdftexini.c	TRANSLATED	changed	same
ztriepack#1	Work/texk/web2c/pdftexini.c	TRANSLATED	same	same
ztriefix#1	Work/texk/web2c/pdftexini.c	TRANSLATED	changed	same
newpatterns#1	Work/texk/web2c/pdftexini.c	TRANSLATED	changed	same
inittrie#1	Work/texk/web2c/pdftexini.c	TRANSLATED	same	same
zlinebreak#1	Work/texk/web2c/pdftexini.c	TRANSLATED	changed	same
newhyphexceptions#1	Work/texk/web2c/pdftexini.c	TRANSLATED	changed	same
zdomarks#1	Work/texk/web2c/pdftexini.c	TRANSLATED	changed	same
prefixedcommand#1	Work/texk/web2c/pdftexini.c	TRANSLATED	changed	same
storefmtfile#1	Work/texk/web2c/pdftexini.c	TRANSLATED	changed	same
loadfmtfile#1	Work/texk/web2c/pdftexini.c	TRANSLATED	changed	same
finalcleanup#1	Work/texk/web2c/pdftexini.c	TRANSLATED	changed	same
initprim#1	Work/texk/web2c/pdftexini.c	TRANSLATED	same	same
mainbody#1	Work/texk/web2c/pdftexini.c	TRANSLATED	changed	changed
zxovern.part.0#1	Work/texk/web2c/pdftex0.c	TRANSLATED	changed	same
zpacketreadsigned.part.0#1	Work/texk/web2c/pdftex0.c	TRANSLATED	same	same
println#1	Work/texk/web2c/pdftex0.c	TRANSLATED	same	same
zprintchar#1	Work/texk/web2c/pdftex0.c	TRANSLATED	same	same
zprint#1	Work/texk/web2c/pdftex0.c	TRANSLATED	changed	same
zslowprint.part.0#1	Work/texk/web2c/pdftex0.c	TRANSLATED	changed	same
zslowprint#1	Work/texk/web2c/pdftex0.c	TRANSLATED	same	same
zprintnl#1	Work/texk/web2c/pdftex0.c	TRANSLATED	same	same
zprintesc#1	Work/texk/web2c/pdftex0.c	TRANSLATED	same	same
zprintthedigs#1	Work/texk/web2c/pdftex0.c	TRANSLATED	changed	same
zprintint#1	Work/texk/web2c/pdftex0.c	TRANSLATED	changed	same
zprintcs#1	Work/texk/web2c/pdftex0.c	TRANSLATED	changed	same
zsprintcs#1	Work/texk/web2c/pdftex0.c	TRANSLATED	changed	same
zprintfilename#1	Work/texk/web2c/pdftex0.c	TRANSLATED	changed	same
zprintsize#1	Work/texk/web2c/pdftex0.c	TRANSLATED	changed	same
zprintwritewhatsit#1	Work/texk/web2c/pdftex0.c	TRANSLATED	changed	same
zprintsanum#1	Work/texk/web2c/pdftex0.c	TRANSLATED	changed	same
zprintcsnames#1	Work/texk/web2c/pdftex0.c	TRANSLATED	changed	same
printfileline#1	Work/texk/web2c/pdftex0.c	TRANSLATED	changed	same
zzreadbuffer#1	Work/texk/web2c/pdftex0.c	TRANSLATED	same	same
zzprintbuffer#1	Work/texk/web2c/pdftex0.c	TRANSLATED	same	same
initterminal#1	Work/texk/web2c/pdftex0.c	TRANSLATED	changed	same
zstreqbuf#1	Work/texk/web2c/pdftex0.c	TRANSLATED	changed	same
zstreqstr#1	Work/texk/web2c/pdftex0.c	TRANSLATED	changed	same
zsearchstring#1	Work/texk/web2c/pdftex0.c	TRANSLATED	changed	same
zprinttwo#1	Work/texk/web2c/pdftex0.c	TRANSLATED	changed	same
zprinthex#1	Work/texk/web2c/pdftex0.c	TRANSLATED	changed	same
zprintromanint#1	Work/texk/web2c/pdftex0.c	TRANSLATED	changed	same
printcurrentstring#1	Work/texk/web2c/pdftex0.c	TRANSLATED	changed	same
zhalf#1	Work/texk/web2c/pdftex0.c	TRANSLATED	same	same
zrounddecimals#1	Work/texk/web2c/pdftex0.c	TRANSLATED	changed	same
zprintscaled#1	Work/texk/web2c/pdftex0.c	TRANSLATED	changed	same
zmultandadd#1	Work/texk/web2c/pdftex0.c	TRANSLATED	same	same
zxovern#1	Work/texk/web2c/pdftex0.c	TRANSLATED	same	same
zxnoverd#1	Work/texk/web2c/pdftex0.c	TRANSLATED	changed	same
zbadness#1	Work/texk/web2c/pdftex0.c	TRANSLATED	changed	same
zmakefrac#1	Work/texk/web2c/pdftex0.c	TRANSLATED	changed	same
ztakefrac#1	Work/texk/web2c/pdftex0.c	TRANSLATED	same	same
zabvscd#1	Work/texk/web2c/pdftex0.c	TRANSLATED	changed	same
newrandoms#1	Work/texk/web2c/pdftex0.c	TRANSLATED	same	same
zinitrandoms#1	Work/texk/web2c/pdftex0.c	TRANSLATED	same	same
zunifrand#1	Work/texk/web2c/pdftex0.c	TRANSLATED	same	same
zshowtokenlist#1	Work/texk/web2c/pdftex0.c	TRANSLATED	changed	same
runaway#1	Work/texk/web2c/pdftex0.c	TRANSLATED	same	same
zflushlist#1	Work/texk/web2c/pdftex0.c	TRANSLATED	same	same
zfreenode#1	Work/texk/web2c/pdftex0.c	TRANSLATED	changed	same
zpdfwarning#1	Work/texk/web2c/pdftex0.c	TRANSLATED	same	same
removelastspace#1	Work/texk/web2c/pdftex0.c	TRANSLATED	changed	same
zstrinstr#1	Work/texk/web2c/pdftex0.c	TRANSLATED	changed	same
zroundxnoverd#1	Work/texk/web2c/pdftex0.c	TRANSLATED	changed	same
zfixexpandvalue.part.0#1	Work/texk/web2c/pdftex0.c	TRANSLATED	changed	same
zisbitset#1	Work/texk/web2c/pdftex0.c	TRANSLATED	changed	same
zpdfosswitch#1	Work/texk/web2c/pdftex0.c	TRANSLATED	same	same
zpdflookuplist#1	Work/texk/web2c/pdftex0.c	TRANSLATED	same	same
zprevrightmost#1	Work/texk/web2c/pdftex0.c	TRANSLATED	same	same
zfindobj#1	Work/texk/web2c/pdftex0.c	TRANSLATED	same	same
zflushstr#1	Work/texk/web2c/pdftex0.c	TRANSLATED	same	same
getmicrointerval#1	Work/texk/web2c/pdftex0.c	TRANSLATED	changed	same
zprintfontidentifier#1	Work/texk/web2c/pdftex0.c	TRANSLATED	changed	same
zshortdisplay#1	Work/texk/web2c/pdftex0.c	TRANSLATED	changed	same
zprintfontandchar#1	Work/texk/web2c/pdftex0.c	TRANSLATED	changed	same
zprintmark#1	Work/texk/web2c/pdftex0.c	TRANSLATED	changed	same
zprintruledimen#1	Work/texk/web2c/pdftex0.c	TRANSLATED	same	same
zprintglue#1	Work/texk/web2c/pdftex0.c	TRANSLATED	same	same
zprintspec#1	Work/texk/web2c/pdftex0.c	TRANSLATED	changed	same
zprintfamandchar#1	Work/texk/web2c/pdftex0.c	TRANSLATED	changed	same
zprintdelimiter#1	Work/texk/web2c/pdftex0.c	TRANSLATED	same	same
zprintstyle#1	Work/texk/web2c/pdftex0.c	TRANSLATED	changed	same
zprintskipparam#1	Work/texk/web2c/pdftex0.c	TRANSLATED	changed	same
zdeletetokenref#1	Work/texk/web2c/pdftex0.c	TRANSLATED	changed	same
zdeleteglueref#1	Work/texk/web2c/pdftex0.c	TRANSLATED	same	same
zprintmode#1	Work/texk/web2c/pdftex0.c	TRANSLATED	changed	same
zprintinmode#1	Work/texk/web2c/pdftex0.c	TRANSLATED	changed	same
popnest#1	Work/texk/web2c/pdftex0.c	TRANSLATED	same	same
zprintparam#1	Work/texk/web2c/pdftex0.c	TRANSLATED	changed	same
fixdateandtime#1	Work/texk/web2c/pdftex0.c	TRANSLATED	same	same
begindiagnostic#1	Work/texk/web2c/pdftex0.c	TRANSLATED	same	same
zenddiagnostic#1	Work/texk/web2c/pdftex0.c	TRANSLATED	same	same
zprintlengthparam#1	Work/texk/web2c/pdftex0.c	TRANSLATED	changed	same
zprintcmdchr#1	Work/texk/web2c/pdftex0.c	TRANSLATED	changed	same
zprintgroup#1	Work/texk/web2c/pdftex0.c	TRANSLATED	changed	same
zgrouptrace#1	Work/texk/web2c/pdftex0.c	TRANSLATED	same	same
pseudoclose#1	Work/texk/web2c/pdftex0.c	TRANSLATED	same	same
zdeletesaref#1	Work/texk/web2c/pdftex0.c	TRANSLATED	changed	same
ztokenshow#1	Work/texk/web2c/pdftex0.c	TRANSLATED	same	same
printmeaning#1	Work/texk/web2c/pdftex0.c	TRANSLATED	same	same
showcurcmdchr#1	Work/texk/web2c/pdftex0.c	TRANSLATED	same	same
showcontext#1	Work/texk/web2c/pdftex0.c	TRANSLATED	changed	same
groupwarning#1	Work/texk/web2c/pdftex0.c	TRANSLATED	changed	same
ifwarning#1	Work/texk/web2c/pdftex0.c	TRANSLATED	changed	same
filewarning#1	Work/texk/web2c/pdftex0.c	TRANSLATED	changed	same
endfilereading#1	Work/texk/web2c/pdftex0.c	TRANSLATED	same	same
clearforerrorprompt#1	Work/texk/web2c/pdftex0.c	TRANSLATED	same	same
zdisposemunode#1	Work/texk/web2c/pdftex0.c	TRANSLATED	same	same
zdisposemutableout#1	Work/texk/web2c/pdftex0.c	TRANSLATED	same	same
zeffectivechar#1	Work/texk/web2c/pdftex0.c	TRANSLATED	same	same
ztestnoligatures#1	Work/texk/web2c/pdftex0.c	TRANSLATED	changed	same
zgettagcode#1	Work/texk/web2c/pdftex0.c	TRANSLATED	changed	same
zaddorsub#1	Work/texk/web2c/pdftex0.c	TRANSLATED	changed	same
zquotient#1	Work/texk/web2c/pdftex0.c	TRANSLATED	changed	same
zfract#1	Work/texk/web2c/pdftex0.c	TRANSLATED	changed	same
beginname#1	Work/texk/web2c/pdftex0.c	TRANSLATED	same	same
zpackfilename#1	Work/texk/web2c/pdftex0.c	TRANSLATED	changed	same
zpackbufferedname#1	Work/texk/web2c/pdftex0.c	TRANSLATED	changed	same
zpackjobname#1	Work/texk/web2c/pdftex0.c	TRANSLATED	same	same
zeffectivecharinfo#1	Work/texk/web2c/pdftex0.c	TRANSLATED	same	same
zprunemovements#1	Work/texk/web2c/pdftex0.c	TRANSLATED	changed	same
getpdfcompresslevel#1	Work/texk/web2c/pdftex0.c	TRANSLATED	changed	same
getpdfsuppresswarningdupmap#1	Work/texk/web2c/pdftex0.c	TRANSLATED	same	same
getpdfsuppresswarningpagegroup#1	Work/texk/web2c/pdftex0.c	TRANSLATED	same	same
getpdfsuppressptexinfo#1	Work/texk/web2c/pdftex0.c	TRANSLATED	same	same
getpdfomitcharset#1	Work/texk/web2c/pdftex0.c	TRANSLATED	same	same
getptexuseunderscore#1	Work/texk/web2c/pdftex0.c	TRANSLATED	same	same
getnullfont#1	Work/texk/web2c/pdftex0.c	TRANSLATED	same	same
getfontbase#1	Work/texk/web2c/pdftex0.c	TRANSLATED	same	same
getnullcs#1	Work/texk/web2c/pdftex0.c	TRANSLATED	same	same
getnullptr#1	Work/texk/web2c/pdftex0.c	TRANSLATED	same	same
zgettexint#1	Work/texk/web2c/pdftex0.c	TRANSLATED	same	same
zgettexdimen#1	Work/texk/web2c/pdftex0.c	TRANSLATED	same	same
zgetxheight#1	Work/texk/web2c/pdftex0.c	TRANSLATED	same	same
zgetcharwidth#1	Work/texk/web2c/pdftex0.c	TRANSLATED	same	same
zgetcharheight#1	Work/texk/web2c/pdftex0.c	TRANSLATED	same	same
zgetchardepth#1	Work/texk/web2c/pdftex0.c	TRANSLATED	same	same
zgetquad#1	Work/texk/web2c/pdftex0.c	TRANSLATED	same	same
zgetslant#1	Work/texk/web2c/pdftex0.c	TRANSLATED	same	same
zshortdisplayn#1	Work/texk/web2c/pdftex0.c	TRANSLATED	changed	same
zfixint#1	Work/texk/web2c/pdftex0.c	TRANSLATED	changed	same
zgetfontautoexpandratio#1	Work/texk/web2c/pdftex0.c	TRANSLATED	same	same
zslowprintsubstr#1	Work/texk/web2c/pdftex0.c	TRANSLATED	changed	same
zsettagcode#1	Work/texk/web2c/pdftex0.c	TRANSLATED	changed	same
zsetnoligatures#1	Work/texk/web2c/pdftex0.c	TRANSLATED	changed	same
ztfmlookup#1	Work/texk/web2c/pdftex0.c	TRANSLATED	changed	same
zfixexpandvalue#1	Work/texk/web2c/pdftex0.c	TRANSLATED	same	same
zisletterspacedfont#1	Work/texk/web2c/pdftex0.c	TRANSLATED	changed	same
zvflocalfontwarning#1	Work/texk/web2c/pdftex0.c	TRANSLATED	changed	same
zpacketreadsigned#1	Work/texk/web2c/pdftex0.c	TRANSLATED	changed	same
zwarndestdup#1	Work/texk/web2c/pdftex0.c	TRANSLATED	same	same
zsetrectdimens#1	Work/texk/web2c/pdftex0.c	TRANSLATED	changed	same
zopensubentries#1	Work/texk/web2c/pdftex0.c	TRANSLATED	changed	same
zsubstrofstr#1	Work/texk/web2c/pdftex0.c	TRANSLATED	changed	same
zstrlessstr#1	Work/texk/web2c/pdftex0.c	TRANSLATED	changed	same
zsortdestnames#1	Work/texk/web2c/pdftex0.c	TRANSLATED	changed	same
zpdffixstructdest#1	Work/texk/web2c/pdftex0.c	TRANSLATED	changed	same
zcharstretch#1	Work/texk/web2c/pdftex0.c	TRANSLATED	same	same
zcharshrink#1	Work/texk/web2c/pdftex0.c	TRANSLATED	same	same
zgetkern#1	Work/texk/web2c/pdftex0.c	TRANSLATED	changed	same
zkernstretch#1	Work/texk/web2c/pdftex0.c	TRANSLATED	changed	same
zkernshrink#1	Work/texk/web2c/pdftex0.c	TRANSLATED	changed	same
zcharpw#1	Work/texk/web2c/pdftex0.c	TRANSLATED	changed	same
zheightplusdepth#1	Work/texk/web2c/pdftex0.c	TRANSLATED	changed	same
zmathkern#1	Work/texk/web2c/pdftex0.c	TRANSLATED	changed	same
popalignment#1	Work/texk/web2c/pdftex0.c	TRANSLATED	changed	same
showsavegroups#1	Work/texk/web2c/pdftex0.c	TRANSLATED	changed	same
printtotals#1	Work/texk/web2c/pdftex0.c	TRANSLATED	changed	same
zfreezepagespecs#1	Work/texk/web2c/pdftex0.c	TRANSLATED	same	same
youcant#1	Work/texk/web2c/pdftex0.c	TRANSLATED	same	same
znormmin#1	Work/texk/web2c/pdftex0.c	TRANSLATED	same	same
trapzeroglue#1	Work/texk/web2c/pdftex0.c	TRANSLATED	changed	same
newinteraction#1	Work/texk/web2c/pdftex0.c	TRANSLATED	same	same
zoutlinelistcount#1	Work/texk/web2c/pdftex0.c	TRANSLATED	changed	same
zconcattokens#1	Work/texk/web2c/pdftex0.c	TRANSLATED	same	same
giveerrhelp#1	Work/texk/web2c/pdftex0.c	TRANSLATED	same	same
openfmtfile#1	Work/texk/web2c/pdftex0.c	TRANSLATED	changed	same
closefilesandterminate#1	Work/texk/web2c/pdftex0.c	TRANSLATED	changed	same
jumpout#1	Work/texk/web2c/pdftex0.c	TRANSLATED	changed	same
zoverflow#1	Work/texk/web2c/pdftex0.c	TRANSLATED	same	same
makestring#1	Work/texk/web2c/pdftex0.c	TRANSLATED	same	same
slowmakestring#1	Work/texk/web2c/pdftex0.c	TRANSLATED	changed	same
zexpandfontname#1	Work/texk/web2c/pdftex0.c	TRANSLATED	same	same
getavail#1	Work/texk/web2c/pdftex0.c	TRANSLATED	same	same
zappendptr#1	Work/texk/web2c/pdftex0.c	TRANSLATED	same	same
mubyteupdate#1	Work/texk/web2c/pdftex0.c	TRANSLATED	changed	same
zgetnode#1	Work/texk/web2c/pdftex0.c	TRANSLATED	changed	same
newnullbox#1	Work/texk/web2c/pdftex0.c	TRANSLATED	changed	same
zcharbox#1	Work/texk/web2c/pdftex0.c	TRANSLATED	changed	same
zstackintobox#1	Work/texk/web2c/pdftex0.c	TRANSLATED	changed	same
zvardelimiter#1	Work/texk/web2c/pdftex0.c	TRANSLATED	changed	same
zmakeleftright#1	Work/texk/web2c/pdftex0.c	TRANSLATED	changed	same
newrule#1	Work/texk/web2c/pdftex0.c	TRANSLATED	changed	same
zfractionrule#1	Work/texk/web2c/pdftex0.c	TRANSLATED	changed	same
znewligature#1	Work/texk/web2c/pdftex0.c	TRANSLATED	changed	same
znewligitem#1	Work/texk/web2c/pdftex0.c	TRANSLATED	changed	same
newdisc#1	Work/texk/web2c/pdftex0.c	TRANSLATED	changed	same
znewmath#1	Work/texk/web2c/pdftex0.c	TRANSLATED	changed	same
znewspec#1	Work/texk/web2c/pdftex0.c	TRANSLATED	changed	same
zadjustinterwordglue#1	Work/texk/web2c/pdftex0.c	TRANSLATED	changed	same
znewparamglue#1	Work/texk/web2c/pdftex0.c	TRANSLATED	changed	same
znewglue#1	Work/texk/web2c/pdftex0.c	TRANSLATED	changed	same
znewskipparam#1	Work/texk/web2c/pdftex0.c	TRANSLATED	same	same
zappendtovlist#1	Work/texk/web2c/pdftex0.c	TRANSLATED	changed	same
appspace#1	Work/texk/web2c/pdftex0.c	TRANSLATED	changed	same
znewkern#1	Work/texk/web2c/pdftex0.c	TRANSLATED	changed	same
znewpenalty#1	Work/texk/web2c/pdftex0.c	TRANSLATED	changed	same
znewindex#1	Work/texk/web2c/pdftex0.c	TRANSLATED	same	same
zfindsaelement#1	Work/texk/web2c/pdftex0.c	TRANSLATED	changed	same
znewedge#1	Work/texk/web2c/pdftex0.c	TRANSLATED	changed	same
newnoad#1	Work/texk/web2c/pdftex0.c	TRANSLATED	changed	same
indentinhmode#1	Work/texk/web2c/pdftex0.c	TRANSLATED	changed	same
znewstyle#1	Work/texk/web2c/pdftex0.c	TRANSLATED	changed	same
newchoice#1	Work/texk/web2c/pdftex0.c	TRANSLATED	changed	same
zmathglue#1	Work/texk/web2c/pdftex0.c	TRANSLATED	changed	same
pushalignment#1	Work/texk/web2c/pdftex0.c	TRANSLATED	changed	same
znewwhatsit#1	Work/texk/web2c/pdftex0.c	TRANSLATED	same	same
fixlanguage#1	Work/texk/web2c/pdftex0.c	TRANSLATED	changed	same
zgetautokern#1	Work/texk/web2c/pdftex0.c	TRANSLATED	changed	same
appenditaliccorrection#1	Work/texk/web2c/pdftex0.c	TRANSLATED	changed	same
zpdfosgetosbuf#1	Work/texk/web2c/pdftex0.c	TRANSLATED	same	same
zappenddestname#1	Work/texk/web2c/pdftex0.c	TRANSLATED	same	same
zpdfcreateobj#1	Work/texk/web2c/pdftex0.c	TRANSLATED	same	same
pdfnewobjnum#1	Work/texk/web2c/pdftex0.c	TRANSLATED	same	same
zpdfosprepareobj#1	Work/texk/web2c/pdftex0.c	TRANSLATED	same	same
pushnest#1	Work/texk/web2c/pdftex0.c	TRANSLATED	same	same
zidlookup#1	Work/texk/web2c/pdftex0.c	TRANSLATED	changed	same
zprimlookup#1	Work/texk/web2c/pdftex0.c	TRANSLATED	changed	same
pseudoinput#1	Work/texk/web2c/pdftex0.c	TRANSLATED	changed	same
zsasave#1	Work/texk/web2c/pdftex0.c	TRANSLATED	changed	same
znewsavelevel#1	Work/texk/web2c/pdftex0.c	TRANSLATED	changed	same
zpushmath#1	Work/texk/web2c/pdftex0.c	TRANSLATED	same	same
zeqsave#1	Work/texk/web2c/pdftex0.c	TRANSLATED	changed	same
zbegintokenlist#1	Work/texk/web2c/pdftex0.c	TRANSLATED	changed	same
beginfilereading#1	Work/texk/web2c/pdftex0.c	TRANSLATED	same	same
zstrtoks#1	Work/texk/web2c/pdftex0.c	TRANSLATED	changed	same
insertsrcspecial#1	Work/texk/web2c/pdftex0.c	TRANSLATED	changed	same
appendsrcspecial#1	Work/texk/web2c/pdftex0.c	TRANSLATED	changed	same
zmorename#1	Work/texk/web2c/pdftex0.c	TRANSLATED	changed	same
endname#1	Work/texk/web2c/pdftex0.c	TRANSLATED	changed	same
makenamestring#1	Work/texk/web2c/pdftex0.c	TRANSLATED	changed	same
zamakenamestring#1	Work/texk/web2c/pdftex0.c	TRANSLATED	same	same
zbmakenamestring#1	Work/texk/web2c/pdftex0.c	TRANSLATED	same	same
zzwmakenamestring#1	Work/texk/web2c/pdftex0.c	TRANSLATED	same	same
zpromptfilename#1	Work/texk/web2c/pdftex0.c	TRANSLATED	changed	changed
openlogfile#1	Work/texk/web2c/pdftex0.c	TRANSLATED	changed	changed
normalizeselector#1	Work/texk/web2c/pdftex0.c	TRANSLATED	same	same
zfatalerror#1	Work/texk/web2c/pdftex0.c	TRANSLATED	same	same
terminput#1	Work/texk/web2c/pdftex0.c	TRANSLATED	same	same
firmuptheline.part.0#1	Work/texk/web2c/pdftex0.c	TRANSLATED	changed	same
firmuptheline#1	Work/texk/web2c/pdftex0.c	TRANSLATED	same	same
dviswap#1	Work/texk/web2c/pdftex0.c	TRANSLATED	changed	same
zdvifour#1	Work/texk/web2c/pdftex0.c	TRANSLATED	same	same
zdvipop#1	Work/texk/web2c/pdftex0.c	TRANSLATED	same	same
zdvifontdef#1	Work/texk/web2c/pdftex0.c	TRANSLATED	changed	same
zmovement#1	Work/texk/web2c/pdftex0.c	TRANSLATED	changed	same
getnext#1	Work/texk/web2c/pdftex0.c	TRANSLATED	changed	same
gettoken#1	Work/texk/web2c/pdftex0.c	TRANSLATED	same	same
passtext#1	Work/texk/web2c/pdftex0.c	TRANSLATED	same	same
error#1	Work/texk/web2c/pdftex0.c	TRANSLATED	changed	same
zinterror#1	Work/texk/web2c/pdftex0.c	TRANSLATED	changed	same
pauseforinstructions.part.0#1	Work/texk/web2c/pdftex0.c	TRANSLATED	same	same
pauseforinstructions#1	Work/texk/web2c/pdftex0.c	TRANSLATED	changed	same
zreconstitute#1	Work/texk/web2c/pdftex0.c	TRANSLATED	changed	same
endtokenlist#1	Work/texk/web2c/pdftex0.c	TRANSLATED	changed	same
backinput#1	Work/texk/web2c/pdftex0.c	TRANSLATED	same	same
insertrelax#1	Work/texk/web2c/pdftex0.c	TRANSLATED	same	same
inserror#1	Work/texk/web2c/pdftex0.c	TRANSLATED	same	same
initcol#1	Work/texk/web2c/pdftex0.c	TRANSLATED	changed	same
zmlog#1	Work/texk/web2c/pdftex0.c	TRANSLATED	changed	same
normrand#1	Work/texk/web2c/pdftex0.c	TRANSLATED	same	same
backerror#1	Work/texk/web2c/pdftex0.c	TRANSLATED	same	same
muerror#1	Work/texk/web2c/pdftex0.c	TRANSLATED	same	same
zcharwarning#1	Work/texk/web2c/pdftex0.c	TRANSLATED	same	same
znewcharacter#1	Work/texk/web2c/pdftex0.c	TRANSLATED	same	same
zfetch#1	Work/texk/web2c/pdftex0.c	TRANSLATED	changed	same
zmakeord#1	Work/texk/web2c/pdftex0.c	TRANSLATED	changed	same
zfiniteshrink#1	Work/texk/web2c/pdftex0.c	TRANSLATED	same	same
reportillegalcase#1	Work/texk/web2c/pdftex0.c	TRANSLATED	same	same
extrarightbrace#1	Work/texk/web2c/pdftex0.c	TRANSLATED	changed	same
noalignerror#1	Work/texk/web2c/pdftex0.c	TRANSLATED	changed	same
omiterror#1	Work/texk/web2c/pdftex0.c	TRANSLATED	changed	same
cserror#1	Work/texk/web2c/pdftex0.c	TRANSLATED	changed	same
mathlimitswitch#1	Work/texk/web2c/pdftex0.c	TRANSLATED	same	same
offsave#1	Work/texk/web2c/pdftex0.c	TRANSLATED	changed	same
headforvmode#1	Work/texk/web2c/pdftex0.c	TRANSLATED	changed	same
zeTeXenabled#1	Work/texk/web2c/pdftex0.c	TRANSLATED	same	same
getrtoken#1	Work/texk/web2c/pdftex0.c	TRANSLATED	same	same
insertdollarsign#1	Work/texk/web2c/pdftex0.c	TRANSLATED	same	same
privileged#1	Work/texk/web2c/pdftex0.c	TRANSLATED	same	same
alignerror#1	Work/texk/web2c/pdftex0.c	TRANSLATED	same	same
checkoutervalidity#1	Work/texk/web2c/pdftex0.c	TRANSLATED	same	same
zreadtoks#1	Work/texk/web2c/pdftex0.c	TRANSLATED	changed	same
ensurepdfopen.part.0#1	Work/texk/web2c/pdftex0.c	TRANSLATED	same	same
ensurepdfopen#1	Work/texk/web2c/pdftex0.c	TRANSLATED	same	same
zpdfgetmem#1	Work/texk/web2c/pdftex0.c	TRANSLATED	same	same
zinitfontbase#1	Work/texk/web2c/pdftex0.c	TRANSLATED	changed	same
zsetlpcode#1	Work/texk/web2c/pdftex0.c	TRANSLATED	changed	same
zsetrpcode#1	Work/texk/web2c/pdftex0.c	TRANSLATED	changed	same
zsetefcode#1	Work/texk/web2c/pdftex0.c	TRANSLATED	changed	same
zsetknbscode#1	Work/texk/web2c/pdftex0.c	TRANSLATED	changed	same
zsetstbscode#1	Work/texk/web2c/pdftex0.c	TRANSLATED	changed	same
zsetshbscode#1	Work/texk/web2c/pdftex0.c	TRANSLATED	changed	same
zsetknbccode#1	Work/texk/web2c/pdftex0.c	TRANSLATED	changed	same
zsetknaccode#1	Work/texk/web2c/pdftex0.c	TRANSLATED	changed	same
zcopyexpandparams#1	Work/texk/web2c/pdftex0.c	TRANSLATED	changed	same
zautoexpandfont#1	Work/texk/web2c/pdftex0.c	TRANSLATED	changed	same
macrocall#1	Work/texk/web2c/pdftex0.c	TRANSLATED	changed	same
zsaveforafter#1	Work/texk/web2c/pdftex0.c	TRANSLATED	changed	same
zconfusion#1	Work/texk/web2c/pdftex0.c	TRANSLATED	changed	same
zflushnodelist#1	Work/texk/web2c/pdftex0.c	TRANSLATED	changed	same
zsadestroy#1	Work/texk/web2c/pdftex0.c	TRANSLATED	changed	same
zeqdestroy#1	Work/texk/web2c/pdftex0.c	TRANSLATED	same	same
poplinklevel#1	Work/texk/web2c/pdftex0.c	TRANSLATED	changed	same
flushmath#1	Work/texk/web2c/pdftex0.c	TRANSLATED	changed	same
hyphenate#1	Work/texk/web2c/pdftex0.c	TRANSLATED	changed	same
zcopynodelist#1	Work/texk/web2c/pdftex0.c	TRANSLATED	changed	same
zpushlinklevel#1	Work/texk/web2c/pdftex0.c	TRANSLATED	same	same
zappendlink#1	Work/texk/web2c/pdftex0.c	TRANSLATED	changed	same
zchangeiflimit#1	Work/texk/web2c/pdftex0.c	TRANSLATED	changed	same
zzreverse#1	Work/texk/web2c/pdftex0.c	TRANSLATED	changed	same
zgetvpos#1	Work/texk/web2c/pdftex0.c	TRANSLATED	changed	same
zmakevcenter#1	Work/texk/web2c/pdftex0.c	TRANSLATED	changed	same
zprunepagetop#1	Work/texk/web2c/pdftex0.c	TRANSLATED	changed	same
zvertbreak#1	Work/texk/web2c/pdftex0.c	TRANSLATED	changed	same
deletelast#1	Work/texk/web2c/pdftex0.c	TRANSLATED	same	same
zjustcopy#1	Work/texk/web2c/pdftex0.c	TRANSLATED	changed	same
zjustreverse#1	Work/texk/web2c/pdftex0.c	TRANSLATED	changed	same
zfinmlist#1	Work/texk/web2c/pdftex0.c	TRANSLATED	changed	same
zpdferror#1	Work/texk/web2c/pdftex0.c	TRANSLATED	changed	same
ztokenstostring#1	Work/texk/web2c/pdftex0.c	TRANSLATED	same	same
zgetobj#1	Work/texk/web2c/pdftex0.c	TRANSLATED	same	same
zdividescaled#1	Work/texk/web2c/pdftex0.c	TRANSLATED	changed	same
zadvcharwidth#1	Work/texk/web2c/pdftex0.c	TRANSLATED	same	same
zpdfusefont#1	Work/texk/web2c/pdftex0.c	TRANSLATED	same	same
zpdfcheckobj#1	Work/texk/web2c/pdftex0.c	TRANSLATED	same	same
zshownodelist#1	Work/texk/web2c/pdftex0.c	TRANSLATED	changed	same
zshowbox#1	Work/texk/web2c/pdftex0.c	TRANSLATED	changed	same
showactivities#1	Work/texk/web2c/pdftex0.c	TRANSLATED	changed	same
zvpackage#1	Work/texk/web2c/pdftex0.c	TRANSLATED	changed	same
zoverbar#1	Work/texk/web2c/pdftex0.c	TRANSLATED	changed	same
zvsplit#1	Work/texk/web2c/pdftex0.c	TRANSLATED	changed	same
zboxerror#1	Work/texk/web2c/pdftex0.c	TRANSLATED	changed	same
zensurevbox#1	Work/texk/web2c/pdftex0.c	TRANSLATED	same	same
zshoweqtb#1	Work/texk/web2c/pdftex0.c	TRANSLATED	changed	same
zrestoretrace#1	Work/texk/web2c/pdftex0.c	TRANSLATED	same	same
zeqdefine#1	Work/texk/web2c/pdftex0.c	TRANSLATED	same	same
zeqworddefine#1	Work/texk/web2c/pdftex0.c	TRANSLATED	same	same
normalparagraph#1	Work/texk/web2c/pdftex0.c	TRANSLATED	same	same
zinitspan#1	Work/texk/web2c/pdftex0.c	TRANSLATED	same	same
endgraf.part.0#1	Work/texk/web2c/pdftex0.c	TRANSLATED	same	same
initrow#1	Work/texk/web2c/pdftex0.c	TRANSLATED	changed	same
endgraf#1	Work/texk/web2c/pdftex0.c	TRANSLATED	same	same
starteqno#1	Work/texk/web2c/pdftex0.c	TRANSLATED	same	same
zgeqdefine#1	Work/texk/web2c/pdftex0.c	TRANSLATED	same	same
zgeqworddefine#1	Work/texk/web2c/pdftex0.c	TRANSLATED	same	same
preparemag#1	Work/texk/web2c/pdftex0.c	TRANSLATED	same	same
zshowsa#1	Work/texk/web2c/pdftex0.c	TRANSLATED	changed	same
zsadef#1	Work/texk/web2c/pdftex0.c	TRANSLATED	changed	same
zsawdef#1	Work/texk/web2c/pdftex0.c	TRANSLATED	changed	same
zgsadef#1	Work/texk/web2c/pdftex0.c	TRANSLATED	changed	same
zgsawdef#1	Work/texk/web2c/pdftex0.c	TRANSLATED	changed	same
sarestore#1	Work/texk/web2c/pdftex0.c	TRANSLATED	changed	same
unsave#1	Work/texk/web2c/pdftex0.c	TRANSLATED	changed	same
showinfo#1	Work/texk/web2c/pdftex0.c	TRANSLATED	same	same
zprintsubsidiarydata#1	Work/texk/web2c/pdftex0.c	TRANSLATED	changed	same
zreadfontinfo#1	Work/texk/web2c/pdftex0.c	TRANSLATED	changed	same
pdfreaddummyfont.part.0#1	Work/texk/web2c/pdftex0.c	TRANSLATED	same	same
pdfreaddummyfont#1	Work/texk/web2c/pdftex0.c	TRANSLATED	same	same
zloadexpandfont#1	Work/texk/web2c/pdftex0.c	TRANSLATED	same	same
zgetexpandfont#1	Work/texk/web2c/pdftex0.c	TRANSLATED	same	same
zsetexpandparams#1	Work/texk/web2c/pdftex0.c	TRANSLATED	same	same
zvfexpandlocalfonts#1	Work/texk/web2c/pdftex0.c	TRANSLATED	changed	same
zstorescaledf#1	Work/texk/web2c/pdftex0.c	TRANSLATED	changed	same
zpacketscaled#1	Work/texk/web2c/pdftex0.c	TRANSLATED	changed	same
pdfflush.part.0#1	Work/texk/web2c/pdftex0.c	TRANSLATED	changed	same
pdfflush#1	Work/texk/web2c/pdftex0.c	TRANSLATED	same	same
zpdfprintoctal#1	Work/texk/web2c/pdftex0.c	TRANSLATED	changed	same
zpdfprintchar#1	Work/texk/web2c/pdftex0.c	TRANSLATED	changed	same
zpdfprint#1	Work/texk/web2c/pdftex0.c	TRANSLATED	changed	same
zpdfprinttoks#1	Work/texk/web2c/pdftex0.c	TRANSLATED	changed	same
pdfendstring#1	Work/texk/web2c/pdftex0.c	TRANSLATED	same	same
zpdfprintint#1	Work/texk/web2c/pdftex0.c	TRANSLATED	changed	same
zpdfprinttwo#1	Work/texk/web2c/pdftex0.c	TRANSLATED	changed	same
pdfbeginstream#1	Work/texk/web2c/pdftex0.c	TRANSLATED	changed	same
zpdfprintreal#1	Work/texk/web2c/pdftex0.c	TRANSLATED	changed	same
zpdfprintbp#1	Work/texk/web2c/pdftex0.c	TRANSLATED	same	same
zpdfprintmagbp#1	Work/texk/web2c/pdftex0.c	TRANSLATED	same	same
zpdfsetorigin#1	Work/texk/web2c/pdftex0.c	TRANSLATED	changed	same
zpdfsetorigintemp.part.0#1	Work/texk/web2c/pdftex0.c	TRANSLATED	changed	same
zpdfsetorigintemp#1	Work/texk/web2c/pdftex0.c	TRANSLATED	same	same
pdfendstringnl.part.0#1	Work/texk/web2c/pdftex0.c	TRANSLATED	changed	same
pdfendstringnl#1	Work/texk/web2c/pdftex0.c	TRANSLATED	same	same
zpdfsettextpos#1	Work/texk/web2c/pdftex0.c	TRANSLATED	changed	same
pdfbegintext#1	Work/texk/web2c/pdftex0.c	TRANSLATED	changed	same
pdfendtext.part.0#1	Work/texk/web2c/pdftex0.c	TRANSLATED	changed	same
pdfendtext#1	Work/texk/web2c/pdftex0.c	TRANSLATED	same	same
zpdfsetrule#1	Work/texk/web2c/pdftex0.c	TRANSLATED	changed	same
zpdfrectangle#1	Work/texk/web2c/pdftex0.c	TRANSLATED	changed	same
zliteral#1	Work/texk/web2c/pdftex0.c	TRANSLATED	changed	same
zpdfoutcolorstack#1	Work/texk/web2c/pdftex0.c	TRANSLATED	changed	same
pdfoutcolorstackstartpage#1	Work/texk/web2c/pdftex0.c	TRANSLATED	same	same
zpdfoutsave#1	Work/texk/web2c/pdftex0.c	TRANSLATED	same	same
zpdfoutrestore#1	Work/texk/web2c/pdftex0.c	TRANSLATED	same	same
zpdfprintfwint#1	Work/texk/web2c/pdftex0.c	TRANSLATED	changed	same
zpdfoutbytes#1	Work/texk/web2c/pdftex0.c	TRANSLATED	changed	same
zpdfintentry#1	Work/texk/web2c/pdftex0.c	TRANSLATED	changed	same
zpdfintentryln#1	Work/texk/web2c/pdftex0.c	TRANSLATED	changed	same
zpdfindirect#1	Work/texk/web2c/pdftex0.c	TRANSLATED	changed	same
zpdfindirectln#1	Work/texk/web2c/pdftex0.c	TRANSLATED	changed	same
zpdfprintstr#1	Work/texk/web2c/pdftex0.c	TRANSLATED	changed	same
zpdfprintstrln#1	Work/texk/web2c/pdftex0.c	TRANSLATED	changed	same
zpdfstrentry.part.0#1	Work/texk/web2c/pdftex0.c	TRANSLATED	changed	same
zpdfstrentry#1	Work/texk/web2c/pdftex0.c	TRANSLATED	same	same
zpdfstrentryln.part.0#1	Work/texk/web2c/pdftex0.c	TRANSLATED	changed	same
zpdfstrentryln#1	Work/texk/web2c/pdftex0.c	TRANSLATED	same	same
zpdfprinttoksln#1	Work/texk/web2c/pdftex0.c	TRANSLATED	changed	same
zpdfprintrectspec#1	Work/texk/web2c/pdftex0.c	TRANSLATED	changed	same
zoutform#1	Work/texk/web2c/pdftex0.c	TRANSLATED	changed	same
zoutimage#1	Work/texk/web2c/pdftex0.c	TRANSLATED	changed	same
zthreadtitle#1	Work/texk/web2c/pdftex0.c	TRANSLATED	changed	same
pdfendobj.part.0#1	Work/texk/web2c/pdftex0.c	TRANSLATED	changed	same
zpdfinitfont#1	Work/texk/web2c/pdftex0.c	TRANSLATED	changed	same
pdfinitfontcurval#1	Work/texk/web2c/pdftex0.c	TRANSLATED	same	same
zpdfsetfont#1	Work/texk/web2c/pdftex0.c	TRANSLATED	changed	same
pdfinsertinterwordspace#1	Work/texk/web2c/pdftex0.c	TRANSLATED	same	same
zpdfbeginstring#1	Work/texk/web2c/pdftex0.c	TRANSLATED	changed	same
pdfinsertfakespace#1	Work/texk/web2c/pdftex0.c	TRANSLATED	same	same
zexpandfont#1	Work/texk/web2c/pdftex0.c	TRANSLATED	same	same
zcopyfontinfo#1	Work/texk/web2c/pdftex0.c	TRANSLATED	changed	same
zvferror#1	Work/texk/web2c/pdftex0.c	TRANSLATED	changed	same
zpacketreadunsigned#1	Work/texk/web2c/pdftex0.c	TRANSLATED	changed	same
vfbyte#1	Work/texk/web2c/pdftex0.c	TRANSLATED	same	same
zpdfoutsetmatrix#1	Work/texk/web2c/pdftex0.c	TRANSLATED	changed	same
zflushwhatsitnode#1	Work/texk/web2c/pdftex0.c	TRANSLATED	same	same
zwriteaction#1	Work/texk/web2c/pdftex0.c	TRANSLATED	changed	same
zdoannot#1	Work/texk/web2c/pdftex0.c	TRANSLATED	changed	same
zdolink#1	Work/texk/web2c/pdftex0.c	TRANSLATED	changed	same
endlink#1	Work/texk/web2c/pdftex0.c	TRANSLATED	changed	same
zappendbead#1	Work/texk/web2c/pdftex0.c	TRANSLATED	changed	same
zdothread#1	Work/texk/web2c/pdftex0.c	TRANSLATED	changed	same
zappendthread#1	Work/texk/web2c/pdftex0.c	TRANSLATED	changed	same
endthread#1	Work/texk/web2c/pdftex0.c	TRANSLATED	changed	same
zdodest#1	Work/texk/web2c/pdftex0.c	TRANSLATED	changed	same
zgapamount#1	Work/texk/web2c/pdftex0.c	TRANSLATED	changed	same
zdosnapy#1	Work/texk/web2c/pdftex0.c	TRANSLATED	changed	same
zdosnapycomp#1	Work/texk/web2c/pdftex0.c	TRANSLATED	changed	same
fixpdfdraftmode#1	Work/texk/web2c/pdftex0.c	TRANSLATED	same	same
fixpdfoutput#1	Work/texk/web2c/pdftex0.c	TRANSLATED	changed	same
checkpdfversion#1	Work/texk/web2c/pdftex0.c	TRANSLATED	changed	same
zpdfbeginobj#1	Work/texk/web2c/pdftex0.c	TRANSLATED	changed	same
zpdfnewobj#1	Work/texk/web2c/pdftex0.c	TRANSLATED	same	same
zpdfbegindict#1	Work/texk/web2c/pdftex0.c	TRANSLATED	changed	same
zpdfnewdict#1	Work/texk/web2c/pdftex0.c	TRANSLATED	same	same
pdfoswriteobjstream.part.0#1	Work/texk/web2c/pdftex0.c	TRANSLATED	changed	same
pdfoswriteobjstream#1	Work/texk/web2c/pdftex0.c	TRANSLATED	same	same
pdfendobj#1	Work/texk/web2c/pdftex0.c	TRANSLATED	same	same
pdfenddict#1	Work/texk/web2c/pdftex0.c	TRANSLATED	changed	same
pdfendstream#1	Work/texk/web2c/pdftex0.c	TRANSLATED	changed	same
zpdffixdest#1	Work/texk/web2c/pdftex0.c	TRANSLATED	changed	same
zpdfwriteimage#1	Work/texk/web2c/pdftex0.c	TRANSLATED	changed	same
zpdffixthread#1	Work/texk/web2c/pdftex0.c	TRANSLATED	changed	same
zoutthread#1	Work/texk/web2c/pdftex0.c	TRANSLATED	changed	same
pdfprintinfo#1	Work/texk/web2c/pdftex0.c	TRANSLATED	changed	same
zpdfwriteobj#1	Work/texk/web2c/pdftex0.c	TRANSLATED	changed	same
zcheckexpandpars#1	Work/texk/web2c/pdftex0.c	TRANSLATED	same	same
zdosubstfont#1	Work/texk/web2c/pdftex0.c	TRANSLATED	changed	same
zhpack#1	Work/texk/web2c/pdftex0.c	TRANSLATED	changed	same
zrebox#1	Work/texk/web2c/pdftex0.c	TRANSLATED	changed	same
zmakefraction#1	Work/texk/web2c/pdftex0.c	TRANSLATED	changed	same
mlisttohlist#1	Work/texk/web2c/pdftex0.c	TRANSLATED	changed	same
zcleanbox#1	Work/texk/web2c/pdftex0.c	TRANSLATED	changed	same
zmakescripts#1	Work/texk/web2c/pdftex0.c	TRANSLATED	changed	same
zmakeover#1	Work/texk/web2c/pdftex0.c	TRANSLATED	changed	same
zmakeunder#1	Work/texk/web2c/pdftex0.c	TRANSLATED	changed	same
zmakeradical#1	Work/texk/web2c/pdftex0.c	TRANSLATED	changed	same
zmakemathaccent#1	Work/texk/web2c/pdftex0.c	TRANSLATED	changed	same
zmakeop#1	Work/texk/web2c/pdftex0.c	TRANSLATED	changed	same
zappdisplay#1	Work/texk/web2c/pdftex0.c	TRANSLATED	changed	same
znewmarginkern#1	Work/texk/web2c/pdftex0.c	TRANSLATED	changed	same
zpushnode#1	Work/texk/web2c/pdftex0.c	TRANSLATED	same	same
popnode#1	Work/texk/web2c/pdftex0.c	TRANSLATED	same	same
zcheckpdfoutput#1	Work/texk/web2c/pdftex0.c	TRANSLATED	same	same
zscaleimage#1	Work/texk/web2c/pdftex0.c	TRANSLATED	changed	same
zfindprotcharright#1	Work/texk/web2c/pdftex0.c	TRANSLATED	changed	same
zfindprotcharleft#1	Work/texk/web2c/pdftex0.c	TRANSLATED	changed	same
ztotalpw#1	Work/texk/web2c/pdftex0.c	TRANSLATED	changed	same
ztrybreak#1	Work/texk/web2c/pdftex0.c	TRANSLATED	changed	same
zpostlinebreak#1	Work/texk/web2c/pdftex0.c	TRANSLATED	changed	same
zvfreadsigned#1	Work/texk/web2c/pdftex0.c	TRANSLATED	same	same
zvfreadunsigned#1	Work/texk/web2c/pdftex0.c	TRANSLATED	same	same
zvfdeffont#1	Work/texk/web2c/pdftex0.c	TRANSLATED	same	same
zdovf#1	Work/texk/web2c/pdftex0.c	TRANSLATED	changed	same
zautoexpandvf#1	Work/texk/web2c/pdftex0.c	TRANSLATED	changed	same
pdfcheckvfcurval#1	Work/texk/web2c/pdftex0.c	TRANSLATED	same	same
zdovfpacket#1	Work/texk/web2c/pdftex0.c	TRANSLATED	changed	same
scanfilenamebraced#1	Work/texk/web2c/pdftex0.c	TRANSLATED	changed	same
scanfilename#1	Work/texk/web2c/pdftex0.c	TRANSLATED	same	same
startinput#1	Work/texk/web2c/pdftex0.c	TRANSLATED	changed	same
expand#1	Work/texk/web2c/pdftex0.c	TRANSLATED	changed	same
getxtoken#1	Work/texk/web2c/pdftex0.c	TRANSLATED	same	same
scanleftbrace#1	Work/texk/web2c/pdftex0.c	TRANSLATED	same	same
scangeneraltext#1	Work/texk/web2c/pdftex0.c	TRANSLATED	changed	same
pseudostart#1	Work/texk/web2c/pdftex0.c	TRANSLATED	changed	same
appenddiscretionary#1	Work/texk/web2c/pdftex0.c	TRANSLATED	changed	same
builddiscretionary#1	Work/texk/web2c/pdftex0.c	TRANSLATED	changed	same
appendchoices#1	Work/texk/web2c/pdftex0.c	TRANSLATED	changed	same
buildchoices#1	Work/texk/web2c/pdftex0.c	TRANSLATED	changed	same
scanoptionalequals#1	Work/texk/web2c/pdftex0.c	TRANSLATED	changed	same
zscankeyword#1	Work/texk/web2c/pdftex0.c	TRANSLATED	changed	same
zletterspacefont#1	Work/texk/web2c/pdftex0.c	TRANSLATED	changed	same
scanpdfboxspec#1	Work/texk/web2c/pdftex0.c	TRANSLATED	same	same
scanexpr#1	Work/texk/web2c/pdftex0.c	TRANSLATED	changed	same
zscansomethinginternal#1	Work/texk/web2c/pdftex0.c	TRANSLATED	changed	same
scanint#1	Work/texk/web2c/pdftex0.c	TRANSLATED	changed	same
scaneightbitint#1	Work/texk/web2c/pdftex0.c	TRANSLATED	same	same
begininsertoradjust#1	Work/texk/web2c/pdftex0.c	TRANSLATED	changed	same
scancharnum#1	Work/texk/web2c/pdftex0.c	TRANSLATED	changed	same
scanfourbitint#1	Work/texk/web2c/pdftex0.c	TRANSLATED	changed	same
scanfontident#1	Work/texk/web2c/pdftex0.c	TRANSLATED	changed	same
scanfifteenbitint#1	Work/texk/web2c/pdftex0.c	TRANSLATED	same	same
scantwentysevenbitint#1	Work/texk/web2c/pdftex0.c	TRANSLATED	same	same
scanregisternum#1	Work/texk/web2c/pdftex0.c	TRANSLATED	same	same
unpackage#1	Work/texk/web2c/pdftex0.c	TRANSLATED	changed	same
scanfourbitintor18#1	Work/texk/web2c/pdftex0.c	TRANSLATED	changed	same
zfindfontdimen#1	Work/texk/web2c/pdftex0.c	TRANSLATED	same	same
znewwritewhatsit#1	Work/texk/web2c/pdftex0.c	TRANSLATED	changed	same
zscandimen#1	Work/texk/web2c/pdftex0.c	TRANSLATED	changed	same
zscanglue#1	Work/texk/web2c/pdftex0.c	TRANSLATED	changed	same
scannormalglue#1	Work/texk/web2c/pdftex0.c	TRANSLATED	same	same
scanmuglue#1	Work/texk/web2c/pdftex0.c	TRANSLATED	same	same
appendglue#1	Work/texk/web2c/pdftex0.c	TRANSLATED	same	same
znewsnapnode#1	Work/texk/web2c/pdftex0.c	TRANSLATED	changed	same
scanrulespec#1	Work/texk/web2c/pdftex0.c	TRANSLATED	changed	same
zscanspec#1	Work/texk/web2c/pdftex0.c	TRANSLATED	changed	same
appendkern#1	Work/texk/web2c/pdftex0.c	TRANSLATED	changed	same
scanaltrule#1	Work/texk/web2c/pdftex0.c	TRANSLATED	changed	same
thetoks#1	Work/texk/web2c/pdftex0.c	TRANSLATED	changed	same
insthetoks#1	Work/texk/web2c/pdftex0.c	TRANSLATED	changed	same
showwhatever#1	Work/texk/web2c/pdftex0.c	TRANSLATED	changed	same
conditional#1	Work/texk/web2c/pdftex0.c	TRANSLATED	changed	same
zscandelimiter#1	Work/texk/web2c/pdftex0.c	TRANSLATED	same	same
mathfraction#1	Work/texk/web2c/pdftex0.c	TRANSLATED	changed	same
mathleftright#1	Work/texk/web2c/pdftex0.c	TRANSLATED	changed	same
doassignments#1	Work/texk/web2c/pdftex0.c	TRANSLATED	same	same
alterpagesofar#1	Work/texk/web2c/pdftex0.c	TRANSLATED	same	same
makeaccent#1	Work/texk/web2c/pdftex0.c	TRANSLATED	changed	same
alterinteger#1	Work/texk/web2c/pdftex0.c	TRANSLATED	changed	same
alterboxdimen#1	Work/texk/web2c/pdftex0.c	TRANSLATED	changed	same
alterprevgraf#1	Work/texk/web2c/pdftex0.c	TRANSLATED	changed	same
zmakefontcopy#1	Work/texk/web2c/pdftex0.c	TRANSLATED	changed	same
znewletterspacedfont#1	Work/texk/web2c/pdftex0.c	TRANSLATED	changed	same
alteraux#1	Work/texk/web2c/pdftex0.c	TRANSLATED	changed	same
readexpandfont#1	Work/texk/web2c/pdftex0.c	TRANSLATED	same	same
zdoregistercommand#1	Work/texk/web2c/pdftex0.c	TRANSLATED	changed	same
xtoken#1	Work/texk/web2c/pdftex0.c	TRANSLATED	same	same
getxorprotected#1	Work/texk/web2c/pdftex0.c	TRANSLATED	same	same
fincol#1	Work/texk/web2c/pdftex0.c	TRANSLATED	changed	same
getpreambletoken#1	Work/texk/web2c/pdftex0.c	TRANSLATED	same	same
zscantoks#1	Work/texk/web2c/pdftex0.c	TRANSLATED	changed	same
zspecialout#1	Work/texk/web2c/pdftex0.c	TRANSLATED	changed	same
zwriteout#1	Work/texk/web2c/pdftex0.c	TRANSLATED	changed	same
zoutwhat#1	Work/texk/web2c/pdftex0.c	TRANSLATED	changed	same
vlistout#1	Work/texk/web2c/pdftex0.c	TRANSLATED	changed	same
hlistout#1	Work/texk/web2c/pdftex0.c	TRANSLATED	changed	same
zdvishipout#1	Work/texk/web2c/pdftex0.c	TRANSLATED	changed	same
zpdfoutliteral#1	Work/texk/web2c/pdftex0.c	TRANSLATED	changed	same
zpdfspecial#1	Work/texk/web2c/pdftex0.c	TRANSLATED	changed	same
pdfvlistout#1	Work/texk/web2c/pdftex0.c	TRANSLATED	changed	same
pdfhlistout#1	Work/texk/web2c/pdftex0.c	TRANSLATED	changed	same
zpdfshipout#1	Work/texk/web2c/pdftex0.c	TRANSLATED	changed	same
zshipout#1	Work/texk/web2c/pdftex0.c	TRANSLATED	same	same
zfireup#1	Work/texk/web2c/pdftex0.c	TRANSLATED	changed	same
buildpage#1	Work/texk/web2c/pdftex0.c	TRANSLATED	changed	same
itsallover#1	Work/texk/web2c/pdftex0.c	TRANSLATED	changed	same
znewgraf#1	Work/texk/web2c/pdftex0.c	TRANSLATED	changed	same
appendpenalty#1	Work/texk/web2c/pdftex0.c	TRANSLATED	changed	same
initmath#1	Work/texk/web2c/pdftex0.c	TRANSLATED	changed	same
resumeafterdisplay#1	Work/texk/web2c/pdftex0.c	TRANSLATED	changed	same
aftermath#1	Work/texk/web2c/pdftex0.c	TRANSLATED	changed	same
finalign#1	Work/texk/web2c/pdftex0.c	TRANSLATED	changed	same
alignpeek#1	Work/texk/web2c/pdftex0.c	TRANSLATED	changed	same
finrow#1	Work/texk/web2c/pdftex0.c	TRANSLATED	changed	same
doendv#1	Work/texk/web2c/pdftex0.c	TRANSLATED	changed	same
initalign#1	Work/texk/web2c/pdftex0.c	TRANSLATED	changed	same
zboxend#1	Work/texk/web2c/pdftex0.c	TRANSLATED	changed	same
zbeginbox#1	Work/texk/web2c/pdftex0.c	TRANSLATED	changed	same
zscanbox#1	Work/texk/web2c/pdftex0.c	TRANSLATED	changed	same
zpackage#1	Work/texk/web2c/pdftex0.c	TRANSLATED	changed	same
handlerightbrace#1	Work/texk/web2c/pdftex0.c	TRANSLATED	changed	same
makemark#1	Work/texk/web2c/pdftex0.c	TRANSLATED	changed	same
issuemessage#1	Work/texk/web2c/pdftex0.c	TRANSLATED	changed	same
shiftcase#1	Work/texk/web2c/pdftex0.c	TRANSLATED	same	same
scanpdfexttoks#1	Work/texk/web2c/pdftex0.c	TRANSLATED	same	same
scanimage#1	Work/texk/web2c/pdftex0.c	TRANSLATED	changed	same
scanaction#1	Work/texk/web2c/pdftex0.c	TRANSLATED	changed	same
znewannotwhatsit#1	Work/texk/web2c/pdftex0.c	TRANSLATED	changed	same
scanthreadid#1	Work/texk/web2c/pdftex0.c	TRANSLATED	changed	same
pdfincludechars#1	Work/texk/web2c/pdftex0.c	TRANSLATED	changed	same
glyphtounicode#1	Work/texk/web2c/pdftex0.c	TRANSLATED	same	same
scanpdfextlatetoks#1	Work/texk/web2c/pdftex0.c	TRANSLATED	same	same
comparestrings#1	Work/texk/web2c/pdftex0.c	TRANSLATED	changed	same
convtoks#1	Work/texk/web2c/pdftex0.c	TRANSLATED	changed	same
zsetmathchar#1	Work/texk/web2c/pdftex0.c	TRANSLATED	changed	same
zscanmath#1	Work/texk/web2c/pdftex0.c	TRANSLATED	changed	same
mathradical#1	Work/texk/web2c/pdftex0.c	TRANSLATED	changed	same
mathac#1	Work/texk/web2c/pdftex0.c	TRANSLATED	changed	same
subsup#1	Work/texk/web2c/pdftex0.c	TRANSLATED	changed	same
znewfont#1	Work/texk/web2c/pdftex0.c	TRANSLATED	changed	same
openorclosein#1	Work/texk/web2c/pdftex0.c	TRANSLATED	same	same
doextension#1	Work/texk/web2c/pdftex0.c	TRANSLATED	changed	same
maincontrol#1	Work/texk/web2c/pdftex0.c	TRANSLATED	changed	same
getnullstr#1	Work/texk/web2c/pdftex0.c	TRANSLATED	same	same
e843419@0008_0000006d_6a014#1	NOLINE	BOUNDARY	one-build-only	one-build-only
e843419@0008_0000006d_63014#1	NOLINE	BOUNDARY	one-build-only	one-build-only
e843419@0008_0000006d_52014#1	NOLINE	BOUNDARY	one-build-only	one-build-only
e843419@0008_0000006d_21018#1	NOLINE	BOUNDARY	one-build-only	one-build-only
e843419@0008_0000006d_14010#1	NOLINE	BOUNDARY	one-build-only	one-build-only
e843419@0008_0000006d_a014#1	NOLINE	BOUNDARY	one-build-only	one-build-only
loadpoolstrings#1	Work/texk/web2c/pdftex-pool.c	BOUNDARY	same	changed
compare_info#1	texk/web2c/pdftexdir/avlstuff.c	BOUNDARY	changed	same
avl_xfree#1	texk/web2c/pdftexdir/avlstuff.c	BOUNDARY	changed	same
avl_xmalloc#1	texk/web2c/pdftexdir/avlstuff.c	BOUNDARY	same	same
comp_int_entry#1	texk/web2c/pdftexdir/avlstuff.c	BOUNDARY	same	same
comp_string_entry#1	texk/web2c/pdftexdir/avlstuff.c	BOUNDARY	same	same
avlputobj#1	texk/web2c/pdftexdir/avlstuff.c	BOUNDARY	same	same
avlfindobj#1	texk/web2c/pdftexdir/avlstuff.c	BOUNDARY	same	same
destroy_ff_entry#1	texk/web2c/pdftexdir/mapfile.c	BOUNDARY	same	same
comp_ff_entry#1	texk/web2c/pdftexdir/mapfile.c	BOUNDARY	same	same
comp_fm_entry_tfm#1	texk/web2c/pdftexdir/mapfile.c	BOUNDARY	same	same
comp_fm_entry_ps#1	texk/web2c/pdftexdir/mapfile.c	BOUNDARY	same	same
new_fm_entry#1	texk/web2c/pdftexdir/mapfile.c	BOUNDARY	same	same
delete_fm_entry#1	texk/web2c/pdftexdir/mapfile.c	BOUNDARY	same	same
destroy_fm_entry_ps#1	texk/web2c/pdftexdir/mapfile.c	BOUNDARY	same	same
destroy_fm_entry_tfm#1	texk/web2c/pdftexdir/mapfile.c	BOUNDARY	same	same
avl_do_entry#1	texk/web2c/pdftexdir/mapfile.c	BOUNDARY	same	same
check_std_t1font#1	texk/web2c/pdftexdir/mapfile.c	BOUNDARY	same	changed
fm_scan_line#1	texk/web2c/pdftexdir/mapfile.c	BOUNDARY	changed	changed
fm_read_info#1	texk/web2c/pdftexdir/mapfile.c	BOUNDARY	same	same
process_map_item#1	texk/web2c/pdftexdir/mapfile.c	BOUNDARY	same	changed
hasfmentry#1	texk/web2c/pdftexdir/mapfile.c	BOUNDARY	same	changed
isscalable#1	texk/web2c/pdftexdir/mapfile.c	BOUNDARY	same	same
hasspacechar#1	texk/web2c/pdftexdir/mapfile.c	BOUNDARY	same	same
pdfmapfile#1	texk/web2c/pdftexdir/mapfile.c	BOUNDARY	same	changed
pdfmapline#1	texk/web2c/pdftexdir/mapfile.c	BOUNDARY	same	same
pdfmaplinesp#1	texk/web2c/pdftexdir/mapfile.c	BOUNDARY	same	same
pdfinitmapfile#1	texk/web2c/pdftexdir/mapfile.c	BOUNDARY	same	same
check_ff_exist#1	texk/web2c/pdftexdir/mapfile.c	BOUNDARY	same	same
fm_valid_for_font_replacement#1	texk/web2c/pdftexdir/mapfile.c	BOUNDARY	same	same
lookup_fontmap#1	texk/web2c/pdftexdir/mapfile.c	BOUNDARY	same	changed
fm_free#1	texk/web2c/pdftexdir/mapfile.c	BOUNDARY	same	same
destroy_sfd_entry#1	texk/web2c/pdftexdir/subfont.c	BOUNDARY	same	same
comp_sfd_entry#1	texk/web2c/pdftexdir/subfont.c	BOUNDARY	same	same
sfd_getline#1	texk/web2c/pdftexdir/subfont.c	BOUNDARY	same	changed
sfd_free#1	texk/web2c/pdftexdir/subfont.c	BOUNDARY	same	same
handle_subfont_fm#1	texk/web2c/pdftexdir/subfont.c	BOUNDARY	changed	changed
comp_glyph_unicode_entry#1	texk/web2c/pdftexdir/tounicode.c	BOUNDARY	same	same
check_unicode_value#1	texk/web2c/pdftexdir/tounicode.c	BOUNDARY	changed	same
destroy_glyph_unicode_entry#1	texk/web2c/pdftexdir/tounicode.c	BOUNDARY	changed	same
utf16be_str#1	texk/web2c/pdftexdir/tounicode.c	BOUNDARY	changed	same
set_glyph_unicode#1	texk/web2c/pdftexdir/tounicode.c	BOUNDARY	same	changed
glyph_unicode_free#1	texk/web2c/pdftexdir/tounicode.c	BOUNDARY	same	same
deftounicode#1	texk/web2c/pdftexdir/tounicode.c	BOUNDARY	changed	changed
write_tounicode#1	texk/web2c/pdftexdir/tounicode.c	BOUNDARY	changed	changed
dumptounicode#1	texk/web2c/pdftexdir/tounicode.c	BOUNDARY	same	same
undumptounicode#1	texk/web2c/pdftexdir/tounicode.c	BOUNDARY	same	same
do_matrixtransform#1	texk/web2c/pdftexdir/utils.c	BOUNDARY	changed	same
safe_print#1	texk/web2c/pdftexdir/utils.c	BOUNDARY	same	changed
colstacks_first_init#1	texk/web2c/pdftexdir/utils.c	BOUNDARY	same	same
put_cstring_on_strpool#1	texk/web2c/pdftexdir/utils.c	BOUNDARY	same	changed
removepdffile.part.0#1	texk/web2c/pdftexdir/utils.c	BOUNDARY	same	same
matrixtransformrect.part.0#1	texk/web2c/pdftexdir/utils.c	BOUNDARY	changed	same
fb_offset#1	texk/web2c/pdftexdir/utils.c	BOUNDARY	same	same
fb_seek#1	texk/web2c/pdftexdir/utils.c	BOUNDARY	same	same
fb_flush#1	texk/web2c/pdftexdir/utils.c	BOUNDARY	same	same
removepdffile#1	texk/web2c/pdftexdir/utils.c	BOUNDARY	same	same
pdftex_fail#1	texk/web2c/pdftexdir/utils.c	BOUNDARY	same	same
fb_putchar#1	texk/web2c/pdftexdir/utils.c	BOUNDARY	same	same
pdf_puts#1	texk/web2c/pdftexdir/utils.c	BOUNDARY	same	changed
pdf_newline#1	texk/web2c/pdftexdir/utils.c	BOUNDARY	same	changed
pdf_printf#1	texk/web2c/pdftexdir/utils.c	BOUNDARY	same	same
maketexstring.part.0#1	texk/web2c/pdftexdir/utils.c	BOUNDARY	same	changed
maketexstring#1	texk/web2c/pdftexdir/utils.c	BOUNDARY	same	changed
xfflush.part.0#1	texk/web2c/pdftexdir/utils.c	BOUNDARY	same	same
tex_printf#1	texk/web2c/pdftexdir/utils.c	BOUNDARY	same	changed
pdftex_warn#1	texk/web2c/pdftexdir/utils.c	BOUNDARY	same	changed
make_subset_tag#1	texk/web2c/pdftexdir/utils.c	BOUNDARY	changed	same
garbagewarning#1	texk/web2c/pdftexdir/utils.c	BOUNDARY	same	same
setjobid#1	texk/web2c/pdftexdir/utils.c	BOUNDARY	same	same
makepdftexbanner#1	texk/web2c/pdftexdir/utils.c	BOUNDARY	same	changed
getresnameprefix#1	texk/web2c/pdftexdir/utils.c	BOUNDARY	same	changed
xfwrite#1	texk/web2c/pdftexdir/utils.c	BOUNDARY	same	same
xfflush#1	texk/web2c/pdftexdir/utils.c	BOUNDARY	same	same
xgetc#1	texk/web2c/pdftexdir/utils.c	BOUNDARY	same	same
xputc#1	texk/web2c/pdftexdir/utils.c	BOUNDARY	same	same
writestreamlength#1	texk/web2c/pdftexdir/utils.c	BOUNDARY	same	same
extxnoverd#1	texk/web2c/pdftexdir/utils.c	BOUNDARY	same	same
libpdffinish#1	texk/web2c/pdftexdir/utils.c	BOUNDARY	same	same
convertStringToPDFString#1	texk/web2c/pdftexdir/utils.c	BOUNDARY	same	changed
escapestring#1	texk/web2c/pdftexdir/utils.c	BOUNDARY	same	changed
escapename#1	texk/web2c/pdftexdir/utils.c	BOUNDARY	same	same
escapehex#1	texk/web2c/pdftexdir/utils.c	BOUNDARY	same	changed
unescapehex#1	texk/web2c/pdftexdir/utils.c	BOUNDARY	same	same
printID#1	texk/web2c/pdftexdir/utils.c	BOUNDARY	same	same
printIDalt#1	texk/web2c/pdftexdir/utils.c	BOUNDARY	same	changed
printcreationdate#1	texk/web2c/pdftexdir/utils.c	BOUNDARY	same	same
printmoddate#1	texk/web2c/pdftexdir/utils.c	BOUNDARY	same	same
matchstrings#1	texk/web2c/pdftexdir/utils.c	BOUNDARY	same	same
getmatch#1	texk/web2c/pdftexdir/utils.c	BOUNDARY	changed	same
stripzeros#1	texk/web2c/pdftexdir/utils.c	BOUNDARY	same	changed
initversionstring#1	texk/web2c/pdftexdir/utils.c	BOUNDARY	same	same
colorstackused#1	texk/web2c/pdftexdir/utils.c	BOUNDARY	same	same
newcolorstack#1	texk/web2c/pdftexdir/utils.c	BOUNDARY	same	changed
colorstackset#1	texk/web2c/pdftexdir/utils.c	BOUNDARY	same	same
colorstackcurrent#1	texk/web2c/pdftexdir/utils.c	BOUNDARY	same	same
colorstackpush#1	texk/web2c/pdftexdir/utils.c	BOUNDARY	same	changed
colorstackpop#1	texk/web2c/pdftexdir/utils.c	BOUNDARY	same	same
colorstackskippagestart#1	texk/web2c/pdftexdir/utils.c	BOUNDARY	same	same
matrixused#1	texk/web2c/pdftexdir/utils.c	BOUNDARY	same	same
checkpdfsave#1	texk/web2c/pdftexdir/utils.c	BOUNDARY	same	same
checkpdfrestore#1	texk/web2c/pdftexdir/utils.c	BOUNDARY	same	same
pdfshipoutbegin#1	texk/web2c/pdftexdir/utils.c	BOUNDARY	same	same
pdfshipoutend#1	texk/web2c/pdftexdir/utils.c	BOUNDARY	same	same
pdfsetmatrix#1	texk/web2c/pdftexdir/utils.c	BOUNDARY	changed	same
getllx#1	texk/web2c/pdftexdir/utils.c	BOUNDARY	changed	same
getlly#1	texk/web2c/pdftexdir/utils.c	BOUNDARY	same	same
geturx#1	texk/web2c/pdftexdir/utils.c	BOUNDARY	same	same
getury#1	texk/web2c/pdftexdir/utils.c	BOUNDARY	same	same
matrixtransformrect#1	texk/web2c/pdftexdir/utils.c	BOUNDARY	same	same
matrixtransformpoint#1	texk/web2c/pdftexdir/utils.c	BOUNDARY	same	same
matrixrecalculate#1	texk/web2c/pdftexdir/utils.c	BOUNDARY	same	same
allocvffnts#1	texk/web2c/pdftexdir/utils.c	BOUNDARY	same	same
newvfpacket#1	texk/web2c/pdftexdir/vfpacket.c	BOUNDARY	changed	same
storepacket#1	texk/web2c/pdftexdir/vfpacket.c	BOUNDARY	changed	same
startpacket#1	texk/web2c/pdftexdir/vfpacket.c	BOUNDARY	same	same
packetbyte#1	texk/web2c/pdftexdir/vfpacket.c	BOUNDARY	same	same
pushpacketstate#1	texk/web2c/pdftexdir/vfpacket.c	BOUNDARY	same	same
poppacketstate#1	texk/web2c/pdftexdir/vfpacket.c	BOUNDARY	same	same
vf_free#1	texk/web2c/pdftexdir/vfpacket.c	BOUNDARY	same	same
lookup_fe_entry#1	texk/web2c/pdftexdir/writeenc.c	BOUNDARY	same	same
comp_fe_entry#1	texk/web2c/pdftexdir/writeenc.c	BOUNDARY	same	same
destroy_fe_entry#1	texk/web2c/pdftexdir/writeenc.c	BOUNDARY	same	same
get_fe_entry#1	texk/web2c/pdftexdir/writeenc.c	BOUNDARY	same	same
epdf_write_enc#1	texk/web2c/pdftexdir/writeenc.c	BOUNDARY	same	same
write_fontencodings#1	texk/web2c/pdftexdir/writeenc.c	BOUNDARY	same	same
enc_free#1	texk/web2c/pdftexdir/writeenc.c	BOUNDARY	same	same
comp_fd_entry#1	texk/web2c/pdftexdir/writefont.c	BOUNDARY	same	same
comp_fo_entry#1	texk/web2c/pdftexdir/writefont.c	BOUNDARY	same	same
mark_chars#1	texk/web2c/pdftexdir/writefont.c	BOUNDARY	same	same
write_charwidth_array#1	texk/web2c/pdftexdir/writefont.c	BOUNDARY	changed	same
create_charwidth_array#1	texk/web2c/pdftexdir/writefont.c	BOUNDARY	changed	same
write_fontname#1	texk/web2c/pdftexdir/writefont.c	BOUNDARY	changed	same
write_fontdescriptor#1	texk/web2c/pdftexdir/writefont.c	BOUNDARY	same	same
write_fontdescriptors#1	texk/web2c/pdftexdir/writefont.c	BOUNDARY	same	same
write_fontdictionary#1	texk/web2c/pdftexdir/writefont.c	BOUNDARY	same	same
write_fontdictionaries#1	texk/web2c/pdftexdir/writefont.c	BOUNDARY	same	same
new_fd_entry#1	texk/web2c/pdftexdir/writefont.c	BOUNDARY	same	same
create_fontdescriptor#1	texk/web2c/pdftexdir/writefont.c	BOUNDARY	same	same
lookup_fd_entry#1	texk/web2c/pdftexdir/writefont.c	BOUNDARY	same	same
register_fd_entry#1	texk/web2c/pdftexdir/writefont.c	BOUNDARY	same	same
writefontstuff#1	texk/web2c/pdftexdir/writefont.c	BOUNDARY	same	same
dopdffont#1	texk/web2c/pdftexdir/writefont.c	BOUNDARY	changed	same
imagecolor#1	texk/web2c/pdftexdir/writeimg.c	BOUNDARY	same	same
imagewidth#1	texk/web2c/pdftexdir/writeimg.c	BOUNDARY	same	same
imageheight#1	texk/web2c/pdftexdir/writeimg.c	BOUNDARY	same	same
imagerotate#1	texk/web2c/pdftexdir/writeimg.c	BOUNDARY	same	same
imagexres#1	texk/web2c/pdftexdir/writeimg.c	BOUNDARY	same	same
imageyres#1	texk/web2c/pdftexdir/writeimg.c	BOUNDARY	same	same
ispdfimage#1	texk/web2c/pdftexdir/writeimg.c	BOUNDARY	same	same
ispngimage#1	texk/web2c/pdftexdir/writeimg.c	BOUNDARY	same	same
checkimageb#1	texk/web2c/pdftexdir/writeimg.c	BOUNDARY	same	same
checkimagec#1	texk/web2c/pdftexdir/writeimg.c	BOUNDARY	same	same
checkimagei#1	texk/web2c/pdftexdir/writeimg.c	BOUNDARY	same	same
updateimageprocset#1	texk/web2c/pdftexdir/writeimg.c	BOUNDARY	same	same
epdforigx#1	texk/web2c/pdftexdir/writeimg.c	BOUNDARY	same	same
epdforigy#1	texk/web2c/pdftexdir/writeimg.c	BOUNDARY	same	same
imagepages#1	texk/web2c/pdftexdir/writeimg.c	BOUNDARY	same	same
imagecolordepth#1	texk/web2c/pdftexdir/writeimg.c	BOUNDARY	same	same
getimagegroupref#1	texk/web2c/pdftexdir/writeimg.c	BOUNDARY	same	same
setimagegroupref#1	texk/web2c/pdftexdir/writeimg.c	BOUNDARY	same	same
readimage#1	texk/web2c/pdftexdir/writeimg.c	BOUNDARY	changed	same
writeimage#1	texk/web2c/pdftexdir/writeimg.c	BOUNDARY	same	same
deleteimage#1	texk/web2c/pdftexdir/writeimg.c	BOUNDARY	same	same
img_free#1	texk/web2c/pdftexdir/writeimg.c	BOUNDARY	same	same
dumpimagemeta#1	texk/web2c/pdftexdir/writeimg.c	BOUNDARY	changed	same
undumpimagemeta#1	texk/web2c/pdftexdir/writeimg.c	BOUNDARY	changed	same
comp_page_entry#1	texk/web2c/pdftexdir/writejbig2.c	BOUNDARY	same	same
comp_segment_entry#1	texk/web2c/pdftexdir/writejbig2.c	BOUNDARY	same	same
pages_maketree#1	texk/web2c/pdftexdir/writejbig2.c	BOUNDARY	same	same
comp_file_entry#1	texk/web2c/pdftexdir/writejbig2.c	BOUNDARY	same	same
find_pageinfo.part.0#1	texk/web2c/pdftexdir/writejbig2.c	BOUNDARY	same	same
read4bytes#1	texk/web2c/pdftexdir/writejbig2.c	BOUNDARY	same	same
markpage0seg#1	texk/web2c/pdftexdir/writejbig2.c	BOUNDARY	same	same
readfilehdr#1	texk/web2c/pdftexdir/writejbig2.c	BOUNDARY	same	same
readseghdr#1	texk/web2c/pdftexdir/writejbig2.c	BOUNDARY	same	same
wr_jbig2#1	texk/web2c/pdftexdir/writejbig2.c	BOUNDARY	changed	same
read_jbig2_info#1	texk/web2c/pdftexdir/writejbig2.c	BOUNDARY	same	same
write_jbig2#1	texk/web2c/pdftexdir/writejbig2.c	BOUNDARY	same	same
flushjbig2page0objects#1	texk/web2c/pdftexdir/writejbig2.c	BOUNDARY	same	same
read_exif_bytes#1	texk/web2c/pdftexdir/writejpg.c	BOUNDARY	same	same
read_jpg_info#1	texk/web2c/pdftexdir/writejpg.c	BOUNDARY	changed	same
write_jpg#1	texk/web2c/pdftexdir/writejpg.c	BOUNDARY	same	same
warn#1	texk/web2c/pdftexdir/writepng.c	BOUNDARY	same	same
spng_getint#1	texk/web2c/pdftexdir/writepng.c	BOUNDARY	same	same
write_png_gray#1	texk/web2c/pdftexdir/writepng.c	BOUNDARY	changed	same
write_png_rgb#1	texk/web2c/pdftexdir/writepng.c	BOUNDARY	changed	same
read_png_info#1	texk/web2c/pdftexdir/writepng.c	BOUNDARY	same	same
write_png#1	texk/web2c/pdftexdir/writepng.c	BOUNDARY	changed	same
str_suffix#1	texk/web2c/pdftexdir/writet1.c	BOUNDARY	same	changed
comp_t1_glyphs#1	texk/web2c/pdftexdir/writet1.c	BOUNDARY	same	same
enc_getline#1	texk/web2c/pdftexdir/writet1.c	BOUNDARY	same	changed
t1_getbyte#1	texk/web2c/pdftexdir/writet1.c	BOUNDARY	same	same
t1_scan_num#1	texk/web2c/pdftexdir/writet1.c	BOUNDARY	same	changed
copy_glyph_names#1	texk/web2c/pdftexdir/writet1.c	BOUNDARY	same	same
t1_putline#1	texk/web2c/pdftexdir/writet1.c	BOUNDARY	same	same
t1_open_fontfile#1	texk/web2c/pdftexdir/writet1.c	BOUNDARY	same	same
cs_fail#1	texk/web2c/pdftexdir/writet1.c	BOUNDARY	same	same
cs_store#1	texk/web2c/pdftexdir/writet1.c	BOUNDARY	same	changed
cs_mark#1	texk/web2c/pdftexdir/writet1.c	BOUNDARY	changed	same
t1_mark_glyphs#1	texk/web2c/pdftexdir/writet1.c	BOUNDARY	same	same
edecrypt#1	texk/web2c/pdftexdir/writet1.c	BOUNDARY	changed	same
t1_getline#1	texk/web2c/pdftexdir/writet1.c	BOUNDARY	changed	changed
t1_start_eexec#1	texk/web2c/pdftexdir/writet1.c	BOUNDARY	changed	changed
t1_printf.constprop.0#1	texk/web2c/pdftexdir/writet1.c	BOUNDARY	same	same
t1_scan_param#1	texk/web2c/pdftexdir/writet1.c	BOUNDARY	same	changed
t1_flush_cs#1	texk/web2c/pdftexdir/writet1.c	BOUNDARY	same	changed
t1_stop_eexec#1	texk/web2c/pdftexdir/writet1.c	BOUNDARY	same	same
t1_subset_ascii_part#1	texk/web2c/pdftexdir/writet1.c	BOUNDARY	same	changed
load_enc_file#1	texk/web2c/pdftexdir/writet1.c	BOUNDARY	same	changed
writet1#1	texk/web2c/pdftexdir/writet1.c	BOUNDARY	changed	changed
t1_free#1	texk/web2c/pdftexdir/writet1.c	BOUNDARY	changed	same
get_pk_font_scale#1	texk/web2c/pdftexdir/writet3.c	BOUNDARY	same	same
t3_getline#1	texk/web2c/pdftexdir/writet3.c	BOUNDARY	same	changed
getpkcharwidth#1	texk/web2c/pdftexdir/writet3.c	BOUNDARY	same	same
writet3#1	texk/web2c/pdftexdir/writet3.c	BOUNDARY	changed	changed
destroy_ttf_cmap_entry#1	texk/web2c/pdftexdir/writettf.c	BOUNDARY	same	same
ttf_copy_encoding#1	texk/web2c/pdftexdir/writettf.c	BOUNDARY	same	same
ttf_name_lookup#1	texk/web2c/pdftexdir/writettf.c	BOUNDARY	same	same
strip_spaces_and_delims.part.0#1	texk/web2c/pdftexdir/writettf.c	BOUNDARY	same	changed
comp_ttf_cmap_entry#1	texk/web2c/pdftexdir/writettf.c	BOUNDARY	same	same
ttf_set_chksm#1	texk/web2c/pdftexdir/writettf.c	BOUNDARY	same	same
ttf_ncopy#1	texk/web2c/pdftexdir/writettf.c	BOUNDARY	same	same
ttf_copytab#1	texk/web2c/pdftexdir/writettf.c	BOUNDARY	same	same
ttf_read_tabdir#1	texk/web2c/pdftexdir/writettf.c	BOUNDARY	same	same
ttf_read_hhea#1	texk/web2c/pdftexdir/writettf.c	BOUNDARY	same	same
ttf_read_head#1	texk/web2c/pdftexdir/writettf.c	BOUNDARY	same	same
ttf_read_name#1	texk/web2c/pdftexdir/writettf.c	BOUNDARY	changed	changed
ttf_init_font#1	texk/web2c/pdftexdir/writettf.c	BOUNDARY	same	changed
ttf_read_pclt#1	texk/web2c/pdftexdir/writettf.c	BOUNDARY	same	same
ttf_write_head#1	texk/web2c/pdftexdir/writettf.c	BOUNDARY	same	changed
ttf_write_dirtab#1	texk/web2c/pdftexdir/writettf.c	BOUNDARY	same	changed
ttf_read_post#1	texk/web2c/pdftexdir/writettf.c	BOUNDARY	changed	changed
ttf_write_cmap#1	texk/web2c/pdftexdir/writettf.c	BOUNDARY	changed	changed
ttf_read_cmap#1	texk/web2c/pdftexdir/writettf.c	BOUNDARY	changed	same
ttf_free#1	texk/web2c/pdftexdir/writettf.c	BOUNDARY	same	same
writettf#1	texk/web2c/pdftexdir/writettf.c	BOUNDARY	changed	changed
writeotf#1	texk/web2c/pdftexdir/writettf.c	BOUNDARY	same	same
writezip#1	texk/web2c/pdftexdir/writezip.c	BOUNDARY	same	same
zip_free#1	texk/web2c/pdftexdir/writezip.c	BOUNDARY	same	same
trav_refresh#1	texk/web2c/pdftexdir/avl.c	BOUNDARY	same	same
avl_malloc#1	texk/web2c/pdftexdir/avl.c	BOUNDARY	same	same
avl_free#1	texk/web2c/pdftexdir/avl.c	BOUNDARY	same	same
avl_create#1	texk/web2c/pdftexdir/avl.c	BOUNDARY	same	same
avl_find#1	texk/web2c/pdftexdir/avl.c	BOUNDARY	same	same
avl_probe#1	texk/web2c/pdftexdir/avl.c	BOUNDARY	changed	same
avl_insert#1	texk/web2c/pdftexdir/avl.c	BOUNDARY	same	same
avl_replace#1	texk/web2c/pdftexdir/avl.c	BOUNDARY	same	same
avl_delete#1	texk/web2c/pdftexdir/avl.c	BOUNDARY	changed	same
avl_t_init#1	texk/web2c/pdftexdir/avl.c	BOUNDARY	same	same
avl_t_first#1	texk/web2c/pdftexdir/avl.c	BOUNDARY	same	same
avl_t_last#1	texk/web2c/pdftexdir/avl.c	BOUNDARY	same	same
avl_t_find#1	texk/web2c/pdftexdir/avl.c	BOUNDARY	same	same
avl_t_insert#1	texk/web2c/pdftexdir/avl.c	BOUNDARY	same	same
avl_t_copy#1	texk/web2c/pdftexdir/avl.c	BOUNDARY	same	same
avl_t_next#1	texk/web2c/pdftexdir/avl.c	BOUNDARY	same	same
avl_t_prev#1	texk/web2c/pdftexdir/avl.c	BOUNDARY	same	same
avl_t_cur#1	texk/web2c/pdftexdir/avl.c	BOUNDARY	same	same
avl_t_replace#1	texk/web2c/pdftexdir/avl.c	BOUNDARY	same	same
avl_destroy#1	texk/web2c/pdftexdir/avl.c	BOUNDARY	same	same
copy_error_recovery#1	texk/web2c/pdftexdir/avl.c	BOUNDARY	changed	same
avl_copy#1	texk/web2c/pdftexdir/avl.c	BOUNDARY	changed	same
avl_assert_insert#1	texk/web2c/pdftexdir/avl.c	BOUNDARY	same	same
avl_assert_delete#1	texk/web2c/pdftexdir/avl.c	BOUNDARY	same	same
is_subsetable#1	texk/web2c/pdftexdir/epdf.c	BOUNDARY	same	same
epdf_create_fontdescriptor#1	texk/web2c/pdftexdir/epdf.c	BOUNDARY	same	same
get_fd_objnum#1	texk/web2c/pdftexdir/epdf.c	BOUNDARY	same	same
get_fn_objnum#1	texk/web2c/pdftexdir/epdf.c	BOUNDARY	same	same
epdf_mark_glyphs#1	texk/web2c/pdftexdir/epdf.c	BOUNDARY	same	changed
embed_whole_font#1	texk/web2c/pdftexdir/epdf.c	BOUNDARY	same	same
epdf_free#1	texk/web2c/pdftexdir/epdf.c	BOUNDARY	same	same
_ZL8addInObj9InObjType3RefP8fd_entryi#1	NOLINE	BOUNDARY	same	same
_ZL16initDictFromDictR9PdfObjectP4Dict#1	NOLINE	BOUNDARY	same	same
_ZL8copyNamePc#1	NOLINE	BOUNDARY	same	changed
_ZL10copyStreamP6Stream#1	NOLINE	BOUNDARY	same	same
_ZL15delete_documentP11PdfDocument#1	NOLINE	BOUNDARY	same	same
_ZL11get_pageboxP4Pagei#1	NOLINE	BOUNDARY	same	same
_ZL10copyObjectP6Object#1	NOLINE	BOUNDARY	changed	changed
_ZL13copyDictEntryP6Objecti#1	NOLINE	BOUNDARY	same	same
read_pdf_info#1	NOLINE	BOUNDARY	same	same
write_epdf#1	NOLINE	BOUNDARY	same	same
epdf_delete#1	NOLINE	BOUNDARY	same	same
epdf_check_mem#1	NOLINE	BOUNDARY	same	same
rest#1	texk/web2c/pdftexdir/pkin.c	BOUNDARY	same	same
pkduo#1	texk/web2c/pdftexdir/pkin.c	BOUNDARY	same	same
pkquad#1	texk/web2c/pdftexdir/pkin.c	BOUNDARY	same	same
pkpackednum#1	texk/web2c/pdftexdir/pkin.c	BOUNDARY	changed	same
readchar#1	texk/web2c/pdftexdir/pkin.c	BOUNDARY	changed	same
png_fp_sub#1	libs/libpng/libpng-src/png.c	BOUNDARY	same	same
png_pow10#1	libs/libpng/libpng-src/png.c	BOUNDARY	same	same
png_zalloc#1	libs/libpng/libpng-src/png.c	BOUNDARY	same	same
png_zfree#1	libs/libpng/libpng-src/png.c	BOUNDARY	same	same
png_build_16bit_table#1	libs/libpng/libpng-src/png.c	BOUNDARY	same	same
png_free_data.part.0#1	libs/libpng/libpng-src/png.c	BOUNDARY	changed	same
png_image_free_function.isra.0#1	libs/libpng/libpng-src/png.c	BOUNDARY	same	same
png_safe_add#1	libs/libpng/libpng-src/png.c	BOUNDARY	same	same
png_build_8bit_table#1	libs/libpng/libpng-src/png.c	BOUNDARY	same	same
png_icc_profile_error#1	libs/libpng/libpng-src/png.c	BOUNDARY	same	same
png_set_sig_bytes#1	libs/libpng/libpng-src/png.c	BOUNDARY	same	same
png_sig_cmp#1	libs/libpng/libpng-src/png.c	BOUNDARY	same	same
png_reset_crc#1	libs/libpng/libpng-src/png.c	BOUNDARY	same	same
png_calculate_crc#1	libs/libpng/libpng-src/png.c	BOUNDARY	same	same
png_user_version_check#1	libs/libpng/libpng-src/png.c	BOUNDARY	same	changed
png_create_png_struct#1	libs/libpng/libpng-src/png.c	BOUNDARY	same	same
png_create_info_struct#1	libs/libpng/libpng-src/png.c	BOUNDARY	same	same
png_destroy_info_struct#1	libs/libpng/libpng-src/png.c	BOUNDARY	same	same
png_info_init_3#1	libs/libpng/libpng-src/png.c	BOUNDARY	same	same
png_data_freer#1	libs/libpng/libpng-src/png.c	BOUNDARY	same	same
png_free_data#1	libs/libpng/libpng-src/png.c	BOUNDARY	same	same
png_get_io_ptr#1	libs/libpng/libpng-src/png.c	BOUNDARY	same	same
png_init_io#1	libs/libpng/libpng-src/png.c	BOUNDARY	same	same
png_save_int_32#1	libs/libpng/libpng-src/png.c	BOUNDARY	same	same
png_convert_to_rfc1123_buffer#1	libs/libpng/libpng-src/png.c	BOUNDARY	same	same
png_convert_to_rfc1123#1	libs/libpng/libpng-src/png.c	BOUNDARY	same	same
png_get_copyright#1	libs/libpng/libpng-src/png.c	BOUNDARY	same	same
png_get_libpng_ver#1	libs/libpng/libpng-src/png.c	BOUNDARY	same	same
png_get_header_ver#1	libs/libpng/libpng-src/png.c	BOUNDARY	same	same
png_get_header_version#1	libs/libpng/libpng-src/png.c	BOUNDARY	same	same
png_build_grayscale_palette#1	libs/libpng/libpng-src/png.c	BOUNDARY	same	same
png_handle_as_unknown#1	libs/libpng/libpng-src/png.c	BOUNDARY	same	same
png_chunk_unknown_handling#1	libs/libpng/libpng-src/png.c	BOUNDARY	same	same
png_reset_zstream#1	libs/libpng/libpng-src/png.c	BOUNDARY	same	same
png_access_version_number#1	libs/libpng/libpng-src/png.c	BOUNDARY	same	same
png_zstream_error#1	libs/libpng/libpng-src/png.c	BOUNDARY	same	same
png_icc_check_length#1	libs/libpng/libpng-src/png.c	BOUNDARY	same	same
png_icc_check_header#1	libs/libpng/libpng-src/png.c	BOUNDARY	same	same
png_icc_check_tag_table#1	libs/libpng/libpng-src/png.c	BOUNDARY	same	same
png_check_IHDR#1	libs/libpng/libpng-src/png.c	BOUNDARY	same	same
png_check_fp_number#1	libs/libpng/libpng-src/png.c	BOUNDARY	same	changed
png_check_fp_string#1	libs/libpng/libpng-src/png.c	BOUNDARY	same	changed
png_ascii_from_fp#1	libs/libpng/libpng-src/png.c	BOUNDARY	changed	changed
png_ascii_from_fixed#1	libs/libpng/libpng-src/png.c	BOUNDARY	same	changed
png_fixed#1	libs/libpng/libpng-src/png.c	BOUNDARY	same	same
png_fixed_ITU#1	libs/libpng/libpng-src/png.c	BOUNDARY	same	same
png_muldiv#1	libs/libpng/libpng-src/png.c	BOUNDARY	same	same
png_xy_from_XYZ#1	libs/libpng/libpng-src/png.c	BOUNDARY	same	same
png_reciprocal#1	libs/libpng/libpng-src/png.c	BOUNDARY	same	same
png_XYZ_from_xy#1	libs/libpng/libpng-src/png.c	BOUNDARY	changed	same
png_set_rgb_coefficients#1	libs/libpng/libpng-src/png.c	BOUNDARY	changed	same
png_gamma_significant#1	libs/libpng/libpng-src/png.c	BOUNDARY	same	same
png_reciprocal2#1	libs/libpng/libpng-src/png.c	BOUNDARY	same	same
png_gamma_8bit_correct#1	libs/libpng/libpng-src/png.c	BOUNDARY	same	same
png_gamma_16bit_correct#1	libs/libpng/libpng-src/png.c	BOUNDARY	same	same
png_gamma_correct#1	libs/libpng/libpng-src/png.c	BOUNDARY	same	same
png_destroy_gamma_table#1	libs/libpng/libpng-src/png.c	BOUNDARY	same	same
png_build_gamma_table#1	libs/libpng/libpng-src/png.c	BOUNDARY	same	same
png_set_option#1	libs/libpng/libpng-src/png.c	BOUNDARY	same	same
png_image_free#1	libs/libpng/libpng-src/png.c	BOUNDARY	same	same
png_image_error#1	libs/libpng/libpng-src/png.c	BOUNDARY	same	same
png_format_buffer.isra.0#1	libs/libpng/libpng-src/pngerror.c	BOUNDARY	changed	changed
png_safecat#1	libs/libpng/libpng-src/pngerror.c	BOUNDARY	same	changed
png_format_number#1	libs/libpng/libpng-src/pngerror.c	BOUNDARY	same	same
png_warning#1	libs/libpng/libpng-src/pngerror.c	BOUNDARY	same	same
png_warning_parameter#1	libs/libpng/libpng-src/pngerror.c	BOUNDARY	changed	changed
png_warning_parameter_unsigned#1	libs/libpng/libpng-src/pngerror.c	BOUNDARY	changed	changed
png_warning_parameter_signed#1	libs/libpng/libpng-src/pngerror.c	BOUNDARY	changed	changed
png_formatted_warning#1	libs/libpng/libpng-src/pngerror.c	BOUNDARY	changed	changed
png_chunk_warning#1	libs/libpng/libpng-src/pngerror.c	BOUNDARY	same	same
png_free_jmpbuf#1	libs/libpng/libpng-src/pngerror.c	BOUNDARY	same	same
png_longjmp#1	libs/libpng/libpng-src/pngerror.c	BOUNDARY	same	same
png_default_error#1	libs/libpng/libpng-src/pngerror.c	BOUNDARY	same	same
png_error#1	libs/libpng/libpng-src/pngerror.c	BOUNDARY	same	same
png_app_warning#1	libs/libpng/libpng-src/pngerror.c	BOUNDARY	same	same
png_app_error#1	libs/libpng/libpng-src/pngerror.c	BOUNDARY	same	same
png_fixed_error#1	libs/libpng/libpng-src/pngerror.c	BOUNDARY	same	changed
png_set_longjmp_fn#1	libs/libpng/libpng-src/pngerror.c	BOUNDARY	same	same
png_chunk_error#1	libs/libpng/libpng-src/pngerror.c	BOUNDARY	same	same
png_chunk_benign_error#1	libs/libpng/libpng-src/pngerror.c	BOUNDARY	same	same
png_benign_error#1	libs/libpng/libpng-src/pngerror.c	BOUNDARY	same	same
png_chunk_report#1	libs/libpng/libpng-src/pngerror.c	BOUNDARY	same	same
png_set_error_fn#1	libs/libpng/libpng-src/pngerror.c	BOUNDARY	same	same
png_get_error_ptr#1	libs/libpng/libpng-src/pngerror.c	BOUNDARY	same	same
png_safe_error#1	libs/libpng/libpng-src/pngerror.c	BOUNDARY	same	same
png_safe_warning#1	libs/libpng/libpng-src/pngerror.c	BOUNDARY	same	changed
png_safe_execute#1	libs/libpng/libpng-src/pngerror.c	BOUNDARY	same	same
png_get_valid#1	libs/libpng/libpng-src/pngget.c	BOUNDARY	same	same
png_get_rowbytes#1	libs/libpng/libpng-src/pngget.c	BOUNDARY	same	same
png_get_rows#1	libs/libpng/libpng-src/pngget.c	BOUNDARY	same	same
png_get_image_width#1	libs/libpng/libpng-src/pngget.c	BOUNDARY	same	same
png_get_image_height#1	libs/libpng/libpng-src/pngget.c	BOUNDARY	same	same
png_get_bit_depth#1	libs/libpng/libpng-src/pngget.c	BOUNDARY	same	same
png_get_color_type#1	libs/libpng/libpng-src/pngget.c	BOUNDARY	same	same
png_get_filter_type#1	libs/libpng/libpng-src/pngget.c	BOUNDARY	same	same
png_get_interlace_type#1	libs/libpng/libpng-src/pngget.c	BOUNDARY	same	same
png_get_compression_type#1	libs/libpng/libpng-src/pngget.c	BOUNDARY	same	same
png_get_x_pixels_per_meter#1	libs/libpng/libpng-src/pngget.c	BOUNDARY	same	same
png_get_y_pixels_per_meter#1	libs/libpng/libpng-src/pngget.c	BOUNDARY	same	same
png_get_pixels_per_meter#1	libs/libpng/libpng-src/pngget.c	BOUNDARY	same	same
png_get_pixel_aspect_ratio#1	libs/libpng/libpng-src/pngget.c	BOUNDARY	same	same
png_get_pixel_aspect_ratio_fixed#1	libs/libpng/libpng-src/pngget.c	BOUNDARY	same	same
png_get_x_offset_microns#1	libs/libpng/libpng-src/pngget.c	BOUNDARY	same	same
png_get_y_offset_microns#1	libs/libpng/libpng-src/pngget.c	BOUNDARY	same	same
png_get_x_offset_pixels#1	libs/libpng/libpng-src/pngget.c	BOUNDARY	same	same
png_get_y_offset_pixels#1	libs/libpng/libpng-src/pngget.c	BOUNDARY	same	same
png_get_pixels_per_inch#1	libs/libpng/libpng-src/pngget.c	BOUNDARY	same	same
png_get_x_pixels_per_inch#1	libs/libpng/libpng-src/pngget.c	BOUNDARY	same	same
png_get_y_pixels_per_inch#1	libs/libpng/libpng-src/pngget.c	BOUNDARY	same	same
png_get_x_offset_inches_fixed#1	libs/libpng/libpng-src/pngget.c	BOUNDARY	same	same
png_get_y_offset_inches_fixed#1	libs/libpng/libpng-src/pngget.c	BOUNDARY	same	same
png_get_x_offset_inches#1	libs/libpng/libpng-src/pngget.c	BOUNDARY	same	same
png_get_y_offset_inches#1	libs/libpng/libpng-src/pngget.c	BOUNDARY	same	same
png_get_pHYs_dpi#1	libs/libpng/libpng-src/pngget.c	BOUNDARY	same	same
png_get_channels#1	libs/libpng/libpng-src/pngget.c	BOUNDARY	same	same
png_get_signature#1	libs/libpng/libpng-src/pngget.c	BOUNDARY	same	same
png_get_bKGD#1	libs/libpng/libpng-src/pngget.c	BOUNDARY	same	same
png_get_cHRM#1	libs/libpng/libpng-src/pngget.c	BOUNDARY	same	same
png_get_cHRM_XYZ#1	libs/libpng/libpng-src/pngget.c	BOUNDARY	same	same
png_get_cHRM_XYZ_fixed#1	libs/libpng/libpng-src/pngget.c	BOUNDARY	same	same
png_get_cHRM_fixed#1	libs/libpng/libpng-src/pngget.c	BOUNDARY	same	same
png_get_gAMA_fixed#1	libs/libpng/libpng-src/pngget.c	BOUNDARY	same	same
png_get_gAMA#1	libs/libpng/libpng-src/pngget.c	BOUNDARY	same	same
png_get_sRGB#1	libs/libpng/libpng-src/pngget.c	BOUNDARY	same	same
png_get_iCCP#1	libs/libpng/libpng-src/pngget.c	BOUNDARY	same	same
png_get_sPLT#1	libs/libpng/libpng-src/pngget.c	BOUNDARY	same	same
png_get_cICP#1	libs/libpng/libpng-src/pngget.c	BOUNDARY	same	same
png_get_cLLI_fixed#1	libs/libpng/libpng-src/pngget.c	BOUNDARY	same	same
png_get_cLLI#1	libs/libpng/libpng-src/pngget.c	BOUNDARY	same	same
png_get_mDCV_fixed#1	libs/libpng/libpng-src/pngget.c	BOUNDARY	same	same
png_get_mDCV#1	libs/libpng/libpng-src/pngget.c	BOUNDARY	same	same
png_get_eXIf#1	libs/libpng/libpng-src/pngget.c	BOUNDARY	same	same
png_get_eXIf_1#1	libs/libpng/libpng-src/pngget.c	BOUNDARY	same	same
png_get_hIST#1	libs/libpng/libpng-src/pngget.c	BOUNDARY	same	same
png_get_IHDR#1	libs/libpng/libpng-src/pngget.c	BOUNDARY	same	same
png_get_oFFs#1	libs/libpng/libpng-src/pngget.c	BOUNDARY	same	same
png_get_pCAL#1	libs/libpng/libpng-src/pngget.c	BOUNDARY	same	same
png_get_sCAL_fixed#1	libs/libpng/libpng-src/pngget.c	BOUNDARY	same	same
png_get_sCAL#1	libs/libpng/libpng-src/pngget.c	BOUNDARY	same	same
png_get_sCAL_s#1	libs/libpng/libpng-src/pngget.c	BOUNDARY	same	same
png_get_pHYs#1	libs/libpng/libpng-src/pngget.c	BOUNDARY	same	same
png_get_PLTE#1	libs/libpng/libpng-src/pngget.c	BOUNDARY	same	same
png_get_sBIT#1	libs/libpng/libpng-src/pngget.c	BOUNDARY	same	same
png_get_text#1	libs/libpng/libpng-src/pngget.c	BOUNDARY	same	same
png_get_tIME#1	libs/libpng/libpng-src/pngget.c	BOUNDARY	same	same
png_get_tRNS#1	libs/libpng/libpng-src/pngget.c	BOUNDARY	same	same
png_get_unknown_chunks#1	libs/libpng/libpng-src/pngget.c	BOUNDARY	same	same
png_get_rgb_to_gray_status#1	libs/libpng/libpng-src/pngget.c	BOUNDARY	same	same
png_get_user_chunk_ptr#1	libs/libpng/libpng-src/pngget.c	BOUNDARY	same	same
png_get_compression_buffer_size#1	libs/libpng/libpng-src/pngget.c	BOUNDARY	same	same
png_get_user_width_max#1	libs/libpng/libpng-src/pngget.c	BOUNDARY	same	same
png_get_user_height_max#1	libs/libpng/libpng-src/pngget.c	BOUNDARY	same	same
png_get_chunk_cache_max#1	libs/libpng/libpng-src/pngget.c	BOUNDARY	same	same
png_get_chunk_malloc_max#1	libs/libpng/libpng-src/pngget.c	BOUNDARY	same	same
png_get_io_state#1	libs/libpng/libpng-src/pngget.c	BOUNDARY	same	same
png_get_io_chunk_type#1	libs/libpng/libpng-src/pngget.c	BOUNDARY	same	same
png_get_palette_max#1	libs/libpng/libpng-src/pngget.c	BOUNDARY	same	same
png_destroy_png_struct#1	libs/libpng/libpng-src/pngmem.c	BOUNDARY	same	same
png_calloc#1	libs/libpng/libpng-src/pngmem.c	BOUNDARY	same	same
png_malloc_base#1	libs/libpng/libpng-src/pngmem.c	BOUNDARY	same	same
png_malloc_array#1	libs/libpng/libpng-src/pngmem.c	BOUNDARY	same	same
png_realloc_array#1	libs/libpng/libpng-src/pngmem.c	BOUNDARY	same	same
png_malloc#1	libs/libpng/libpng-src/pngmem.c	BOUNDARY	same	same
png_malloc_default#1	libs/libpng/libpng-src/pngmem.c	BOUNDARY	same	same
png_malloc_warn#1	libs/libpng/libpng-src/pngmem.c	BOUNDARY	same	same
png_free#1	libs/libpng/libpng-src/pngmem.c	BOUNDARY	same	same
png_free_default#1	libs/libpng/libpng-src/pngmem.c	BOUNDARY	same	same
png_set_mem_fn#1	libs/libpng/libpng-src/pngmem.c	BOUNDARY	same	same
png_get_mem_ptr#1	libs/libpng/libpng-src/pngmem.c	BOUNDARY	same	same
chromaticities_match_sRGB#1	libs/libpng/libpng-src/pngread.c	BOUNDARY	same	same
png_image_memory_read#1	libs/libpng/libpng-src/pngread.c	BOUNDARY	same	same
png_read_info.part.0#1	libs/libpng/libpng-src/pngread.c	BOUNDARY	same	same
png_read_end.part.0#1	libs/libpng/libpng-src/pngread.c	BOUNDARY	same	same
png_image_format.isra.0#1	libs/libpng/libpng-src/pngread.c	BOUNDARY	same	same
set_file_encoding#1	libs/libpng/libpng-src/pngread.c	BOUNDARY	same	same
decode_gamma#1	libs/libpng/libpng-src/pngread.c	BOUNDARY	same	same
png_colormap_compose#1	libs/libpng/libpng-src/pngread.c	BOUNDARY	same	same
png_create_colormap_entry#1	libs/libpng/libpng-src/pngread.c	BOUNDARY	changed	same
make_ga_colormap#1	libs/libpng/libpng-src/pngread.c	BOUNDARY	changed	same
make_rgb_colormap#1	libs/libpng/libpng-src/pngread.c	BOUNDARY	same	same
png_image_read_header#1	libs/libpng/libpng-src/pngread.c	BOUNDARY	same	same
png_image_read_colormap#1	libs/libpng/libpng-src/pngread.c	BOUNDARY	same	same
png_create_read_struct#1	libs/libpng/libpng-src/pngread.c	BOUNDARY	same	same
png_create_read_struct_2#1	libs/libpng/libpng-src/pngread.c	BOUNDARY	same	same
png_read_info#1	libs/libpng/libpng-src/pngread.c	BOUNDARY	same	same
png_read_update_info#1	libs/libpng/libpng-src/pngread.c	BOUNDARY	same	same
png_start_read_image#1	libs/libpng/libpng-src/pngread.c	BOUNDARY	same	same
png_read_row#1	libs/libpng/libpng-src/pngread.c	BOUNDARY	changed	same
png_image_read_direct#1	libs/libpng/libpng-src/pngread.c	BOUNDARY	changed	same
png_image_read_direct_scaled#1	libs/libpng/libpng-src/pngread.c	BOUNDARY	same	same
png_image_read_background#1	libs/libpng/libpng-src/pngread.c	BOUNDARY	same	same
png_image_read_composite#1	libs/libpng/libpng-src/pngread.c	BOUNDARY	same	same
png_image_read_colormapped#1	libs/libpng/libpng-src/pngread.c	BOUNDARY	same	same
png_image_read_and_map#1	libs/libpng/libpng-src/pngread.c	BOUNDARY	same	same
png_read_rows#1	libs/libpng/libpng-src/pngread.c	BOUNDARY	same	same
png_read_image#1	libs/libpng/libpng-src/pngread.c	BOUNDARY	same	same
png_read_end#1	libs/libpng/libpng-src/pngread.c	BOUNDARY	same	same
png_destroy_read_struct#1	libs/libpng/libpng-src/pngread.c	BOUNDARY	same	same
png_image_read_init.part.0#1	libs/libpng/libpng-src/pngread.c	BOUNDARY	same	same
png_set_read_status_fn#1	libs/libpng/libpng-src/pngread.c	BOUNDARY	same	same
png_read_png#1	libs/libpng/libpng-src/pngread.c	BOUNDARY	same	same
png_image_begin_read_from_stdio#1	libs/libpng/libpng-src/pngread.c	BOUNDARY	same	same
png_image_begin_read_from_file#1	libs/libpng/libpng-src/pngread.c	BOUNDARY	same	same
png_image_begin_read_from_memory#1	libs/libpng/libpng-src/pngread.c	BOUNDARY	same	same
png_image_finish_read#1	libs/libpng/libpng-src/pngread.c	BOUNDARY	same	same
png_default_read_data#1	libs/libpng/libpng-src/pngrio.c	BOUNDARY	same	same
png_read_data#1	libs/libpng/libpng-src/pngrio.c	BOUNDARY	same	same
png_set_read_fn#1	libs/libpng/libpng-src/pngrio.c	BOUNDARY	same	same
png_do_gray_to_rgb#1	libs/libpng/libpng-src/pngrtran.c	BOUNDARY	changed	same
png_do_expand#1	libs/libpng/libpng-src/pngrtran.c	BOUNDARY	same	same
png_set_crc_action#1	libs/libpng/libpng-src/pngrtran.c	BOUNDARY	same	same
png_set_background_fixed#1	libs/libpng/libpng-src/pngrtran.c	BOUNDARY	same	same
png_set_background#1	libs/libpng/libpng-src/pngrtran.c	BOUNDARY	same	same
png_set_scale_16#1	libs/libpng/libpng-src/pngrtran.c	BOUNDARY	same	same
png_set_strip_16#1	libs/libpng/libpng-src/pngrtran.c	BOUNDARY	same	same
png_set_strip_alpha#1	libs/libpng/libpng-src/pngrtran.c	BOUNDARY	same	same
png_set_alpha_mode_fixed#1	libs/libpng/libpng-src/pngrtran.c	BOUNDARY	same	same
png_set_alpha_mode#1	libs/libpng/libpng-src/pngrtran.c	BOUNDARY	same	same
png_set_quantize#1	libs/libpng/libpng-src/pngrtran.c	BOUNDARY	changed	same
png_set_gamma_fixed#1	libs/libpng/libpng-src/pngrtran.c	BOUNDARY	changed	same
png_set_gamma#1	libs/libpng/libpng-src/pngrtran.c	BOUNDARY	same	same
png_set_expand#1	libs/libpng/libpng-src/pngrtran.c	BOUNDARY	same	same
png_set_palette_to_rgb#1	libs/libpng/libpng-src/pngrtran.c	BOUNDARY	same	same
png_set_expand_gray_1_2_4_to_8#1	libs/libpng/libpng-src/pngrtran.c	BOUNDARY	same	same
png_set_tRNS_to_alpha#1	libs/libpng/libpng-src/pngrtran.c	BOUNDARY	same	same
png_set_expand_16#1	libs/libpng/libpng-src/pngrtran.c	BOUNDARY	same	same
png_set_gray_to_rgb#1	libs/libpng/libpng-src/pngrtran.c	BOUNDARY	same	same
png_set_rgb_to_gray_fixed#1	libs/libpng/libpng-src/pngrtran.c	BOUNDARY	same	same
png_set_rgb_to_gray#1	libs/libpng/libpng-src/pngrtran.c	BOUNDARY	same	same
png_set_read_user_transform_fn#1	libs/libpng/libpng-src/pngrtran.c	BOUNDARY	same	same
png_resolve_file_gamma#1	libs/libpng/libpng-src/pngrtran.c	BOUNDARY	same	same
png_init_read_transformations#1	libs/libpng/libpng-src/pngrtran.c	BOUNDARY	same	same
png_read_transform_info#1	libs/libpng/libpng-src/pngrtran.c	BOUNDARY	same	same
png_do_read_transformations#1	libs/libpng/libpng-src/pngrtran.c	BOUNDARY	changed	same
png_read_filter_row_sub#1	libs/libpng/libpng-src/pngrutil.c	BOUNDARY	same	same
png_read_filter_row_up#1	libs/libpng/libpng-src/pngrutil.c	BOUNDARY	same	same
png_read_filter_row_avg#1	libs/libpng/libpng-src/pngrutil.c	BOUNDARY	same	same
png_read_filter_row_paeth_1byte_pixel#1	libs/libpng/libpng-src/pngrutil.c	BOUNDARY	same	same
png_read_filter_row_paeth_multibyte_pixel#1	libs/libpng/libpng-src/pngrutil.c	BOUNDARY	same	same
png_inflate_claim#1	libs/libpng/libpng-src/pngrutil.c	BOUNDARY	same	same
png_read_buffer#1	libs/libpng/libpng-src/pngrutil.c	BOUNDARY	same	same
png_inflate.constprop.0#1	libs/libpng/libpng-src/pngrutil.c	BOUNDARY	same	same
png_decompress_chunk.constprop.0#1	libs/libpng/libpng-src/pngrutil.c	BOUNDARY	same	same
png_crc_finish_critical#1	libs/libpng/libpng-src/pngrutil.c	BOUNDARY	same	same
png_handle_IEND#1	libs/libpng/libpng-src/pngrutil.c	BOUNDARY	same	same
png_handle_PLTE#1	libs/libpng/libpng-src/pngrutil.c	BOUNDARY	same	same
png_handle_hIST#1	libs/libpng/libpng-src/pngrutil.c	BOUNDARY	same	same
png_inflate_read.part.0.constprop.0.isra.0#1	libs/libpng/libpng-src/pngrutil.c	BOUNDARY	same	same
png_handle_tIME#1	libs/libpng/libpng-src/pngrutil.c	BOUNDARY	same	same
png_handle_cICP#1	libs/libpng/libpng-src/pngrutil.c	BOUNDARY	same	same
png_handle_sRGB#1	libs/libpng/libpng-src/pngrutil.c	BOUNDARY	same	same
png_handle_gAMA#1	libs/libpng/libpng-src/pngrutil.c	BOUNDARY	same	same
png_handle_cLLI#1	libs/libpng/libpng-src/pngrutil.c	BOUNDARY	same	same
png_handle_pHYs#1	libs/libpng/libpng-src/pngrutil.c	BOUNDARY	same	same
png_handle_IHDR#1	libs/libpng/libpng-src/pngrutil.c	BOUNDARY	same	same
png_handle_eXIf#1	libs/libpng/libpng-src/pngrutil.c	BOUNDARY	same	same
png_handle_oFFs#1	libs/libpng/libpng-src/pngrutil.c	BOUNDARY	same	same
png_handle_tEXt#1	libs/libpng/libpng-src/pngrutil.c	BOUNDARY	same	changed
png_handle_sBIT#1	libs/libpng/libpng-src/pngrutil.c	BOUNDARY	same	same
png_handle_mDCV#1	libs/libpng/libpng-src/pngrutil.c	BOUNDARY	same	same
png_handle_zTXt#1	libs/libpng/libpng-src/pngrutil.c	BOUNDARY	same	same
png_handle_sCAL#1	libs/libpng/libpng-src/pngrutil.c	BOUNDARY	same	same
png_handle_sPLT#1	libs/libpng/libpng-src/pngrutil.c	BOUNDARY	same	same
png_cache_unknown_chunk#1	libs/libpng/libpng-src/pngrutil.c	BOUNDARY	same	same
png_handle_iTXt#1	libs/libpng/libpng-src/pngrutil.c	BOUNDARY	same	same
png_handle_cHRM#1	libs/libpng/libpng-src/pngrutil.c	BOUNDARY	same	same
png_handle_pCAL#1	libs/libpng/libpng-src/pngrutil.c	BOUNDARY	same	same
png_handle_bKGD#1	libs/libpng/libpng-src/pngrutil.c	BOUNDARY	same	same
png_handle_iCCP#1	libs/libpng/libpng-src/pngrutil.c	BOUNDARY	same	changed
png_handle_tRNS#1	libs/libpng/libpng-src/pngrutil.c	BOUNDARY	same	same
png_get_uint_31#1	libs/libpng/libpng-src/pngrutil.c	BOUNDARY	same	same
png_get_uint_32#1	libs/libpng/libpng-src/pngrutil.c	BOUNDARY	same	same
png_get_int_32#1	libs/libpng/libpng-src/pngrutil.c	BOUNDARY	same	same
png_get_uint_16#1	libs/libpng/libpng-src/pngrutil.c	BOUNDARY	same	same
png_read_sig#1	libs/libpng/libpng-src/pngrutil.c	BOUNDARY	same	same
png_read_chunk_header#1	libs/libpng/libpng-src/pngrutil.c	BOUNDARY	same	same
png_crc_read#1	libs/libpng/libpng-src/pngrutil.c	BOUNDARY	same	same
png_crc_finish#1	libs/libpng/libpng-src/pngrutil.c	BOUNDARY	same	same
png_zlib_inflate#1	libs/libpng/libpng-src/pngrutil.c	BOUNDARY	same	same
png_handle_unknown#1	libs/libpng/libpng-src/pngrutil.c	BOUNDARY	same	same
png_handle_chunk#1	libs/libpng/libpng-src/pngrutil.c	BOUNDARY	same	same
png_combine_row#1	libs/libpng/libpng-src/pngrutil.c	BOUNDARY	same	same
png_do_read_interlace#1	libs/libpng/libpng-src/pngrutil.c	BOUNDARY	same	same
png_read_filter_row#1	libs/libpng/libpng-src/pngrutil.c	BOUNDARY	same	same
png_read_IDAT_data#1	libs/libpng/libpng-src/pngrutil.c	BOUNDARY	same	same
png_read_finish_IDAT#1	libs/libpng/libpng-src/pngrutil.c	BOUNDARY	same	same
png_read_finish_row#1	libs/libpng/libpng-src/pngrutil.c	BOUNDARY	changed	same
png_read_start_row#1	libs/libpng/libpng-src/pngrutil.c	BOUNDARY	same	same
check_location#1	libs/libpng/libpng-src/pngset.c	BOUNDARY	same	same
png_set_text_2.part.0#1	libs/libpng/libpng-src/pngset.c	BOUNDARY	same	changed
png_set_bKGD#1	libs/libpng/libpng-src/pngset.c	BOUNDARY	same	same
png_set_cHRM_fixed#1	libs/libpng/libpng-src/pngset.c	BOUNDARY	same	same
png_set_cHRM_XYZ_fixed#1	libs/libpng/libpng-src/pngset.c	BOUNDARY	same	same
png_set_cHRM#1	libs/libpng/libpng-src/pngset.c	BOUNDARY	same	same
png_set_cHRM_XYZ#1	libs/libpng/libpng-src/pngset.c	BOUNDARY	same	same
png_set_cICP#1	libs/libpng/libpng-src/pngset.c	BOUNDARY	same	same
png_set_cLLI_fixed#1	libs/libpng/libpng-src/pngset.c	BOUNDARY	same	same
png_set_cLLI#1	libs/libpng/libpng-src/pngset.c	BOUNDARY	same	same
png_set_mDCV_fixed#1	libs/libpng/libpng-src/pngset.c	BOUNDARY	same	same
png_set_mDCV#1	libs/libpng/libpng-src/pngset.c	BOUNDARY	same	same
png_set_eXIf#1	libs/libpng/libpng-src/pngset.c	BOUNDARY	same	same
png_set_eXIf_1#1	libs/libpng/libpng-src/pngset.c	BOUNDARY	same	same
png_set_gAMA_fixed#1	libs/libpng/libpng-src/pngset.c	BOUNDARY	same	same
png_set_gAMA#1	libs/libpng/libpng-src/pngset.c	BOUNDARY	same	same
png_set_hIST#1	libs/libpng/libpng-src/pngset.c	BOUNDARY	same	same
png_set_IHDR#1	libs/libpng/libpng-src/pngset.c	BOUNDARY	same	same
png_set_oFFs#1	libs/libpng/libpng-src/pngset.c	BOUNDARY	same	same
png_set_pCAL#1	libs/libpng/libpng-src/pngset.c	BOUNDARY	same	same
png_set_sCAL_s#1	libs/libpng/libpng-src/pngset.c	BOUNDARY	same	changed
png_set_sCAL#1	libs/libpng/libpng-src/pngset.c	BOUNDARY	same	same
png_set_sCAL_fixed#1	libs/libpng/libpng-src/pngset.c	BOUNDARY	same	same
png_set_pHYs#1	libs/libpng/libpng-src/pngset.c	BOUNDARY	same	same
png_set_PLTE#1	libs/libpng/libpng-src/pngset.c	BOUNDARY	same	same
png_set_sBIT#1	libs/libpng/libpng-src/pngset.c	BOUNDARY	same	same
png_set_sRGB#1	libs/libpng/libpng-src/pngset.c	BOUNDARY	same	same
png_set_sRGB_gAMA_and_cHRM#1	libs/libpng/libpng-src/pngset.c	BOUNDARY	same	same
png_set_iCCP#1	libs/libpng/libpng-src/pngset.c	BOUNDARY	same	same
png_set_text#1	libs/libpng/libpng-src/pngset.c	BOUNDARY	same	same
png_set_text_2#1	libs/libpng/libpng-src/pngset.c	BOUNDARY	same	same
png_set_tIME#1	libs/libpng/libpng-src/pngset.c	BOUNDARY	same	same
png_set_tRNS#1	libs/libpng/libpng-src/pngset.c	BOUNDARY	same	same
png_set_sPLT#1	libs/libpng/libpng-src/pngset.c	BOUNDARY	same	same
png_set_unknown_chunks#1	libs/libpng/libpng-src/pngset.c	BOUNDARY	same	same
png_set_unknown_chunk_location#1	libs/libpng/libpng-src/pngset.c	BOUNDARY	same	same
png_permit_mng_features#1	libs/libpng/libpng-src/pngset.c	BOUNDARY	same	same
png_set_keep_unknown_chunks#1	libs/libpng/libpng-src/pngset.c	BOUNDARY	same	same
png_set_read_user_chunk_fn#1	libs/libpng/libpng-src/pngset.c	BOUNDARY	same	same
png_set_rows#1	libs/libpng/libpng-src/pngset.c	BOUNDARY	same	same
png_set_compression_buffer_size#1	libs/libpng/libpng-src/pngset.c	BOUNDARY	same	same
png_set_invalid#1	libs/libpng/libpng-src/pngset.c	BOUNDARY	same	same
png_set_user_limits#1	libs/libpng/libpng-src/pngset.c	BOUNDARY	same	same
png_set_chunk_cache_max#1	libs/libpng/libpng-src/pngset.c	BOUNDARY	same	same
png_set_chunk_malloc_max#1	libs/libpng/libpng-src/pngset.c	BOUNDARY	same	same
png_set_benign_errors#1	libs/libpng/libpng-src/pngset.c	BOUNDARY	same	same
png_set_check_for_invalid_index#1	libs/libpng/libpng-src/pngset.c	BOUNDARY	same	same
png_check_keyword#1	libs/libpng/libpng-src/pngset.c	BOUNDARY	same	changed
png_set_bgr#1	libs/libpng/libpng-src/pngtrans.c	BOUNDARY	same	same
png_set_swap#1	libs/libpng/libpng-src/pngtrans.c	BOUNDARY	same	same
png_set_packing#1	libs/libpng/libpng-src/pngtrans.c	BOUNDARY	same	same
png_set_packswap#1	libs/libpng/libpng-src/pngtrans.c	BOUNDARY	same	same
png_set_shift#1	libs/libpng/libpng-src/pngtrans.c	BOUNDARY	same	same
png_set_interlace_handling#1	libs/libpng/libpng-src/pngtrans.c	BOUNDARY	same	same
png_set_filler#1	libs/libpng/libpng-src/pngtrans.c	BOUNDARY	same	same
png_set_add_alpha#1	libs/libpng/libpng-src/pngtrans.c	BOUNDARY	same	same
png_set_swap_alpha#1	libs/libpng/libpng-src/pngtrans.c	BOUNDARY	same	same
png_set_invert_alpha#1	libs/libpng/libpng-src/pngtrans.c	BOUNDARY	same	same
png_set_invert_mono#1	libs/libpng/libpng-src/pngtrans.c	BOUNDARY	same	same
png_do_invert#1	libs/libpng/libpng-src/pngtrans.c	BOUNDARY	same	same
png_do_swap#1	libs/libpng/libpng-src/pngtrans.c	BOUNDARY	same	same
png_do_packswap#1	libs/libpng/libpng-src/pngtrans.c	BOUNDARY	same	same
png_do_strip_channel#1	libs/libpng/libpng-src/pngtrans.c	BOUNDARY	same	same
png_do_bgr#1	libs/libpng/libpng-src/pngtrans.c	BOUNDARY	same	same
png_do_check_palette_indexes#1	libs/libpng/libpng-src/pngtrans.c	BOUNDARY	same	same
png_set_user_transform_info#1	libs/libpng/libpng-src/pngtrans.c	BOUNDARY	same	same
png_get_user_transform_ptr#1	libs/libpng/libpng-src/pngtrans.c	BOUNDARY	same	same
png_get_current_row_number#1	libs/libpng/libpng-src/pngtrans.c	BOUNDARY	same	same
png_get_current_pass_number#1	libs/libpng/libpng-src/pngtrans.c	BOUNDARY	same	same
image_memory_flush#1	libs/libpng/libpng-src/pngwrite.c	BOUNDARY	same	same
image_memory_write#1	libs/libpng/libpng-src/pngwrite.c	BOUNDARY	same	same
png_unpremultiply#1	libs/libpng/libpng-src/pngwrite.c	BOUNDARY	same	same
write_unknown_chunks.part.0#1	libs/libpng/libpng-src/pngwrite.c	BOUNDARY	same	same
png_write_info_before_PLTE.part.0#1	libs/libpng/libpng-src/pngwrite.c	BOUNDARY	same	same
png_image_set_PLTE.isra.0#1	libs/libpng/libpng-src/pngwrite.c	BOUNDARY	changed	same
png_write_info.part.0#1	libs/libpng/libpng-src/pngwrite.c	BOUNDARY	changed	same
png_write_info_before_PLTE#1	libs/libpng/libpng-src/pngwrite.c	BOUNDARY	changed	same
png_write_info#1	libs/libpng/libpng-src/pngwrite.c	BOUNDARY	same	same
png_write_end#1	libs/libpng/libpng-src/pngwrite.c	BOUNDARY	changed	same
png_convert_from_struct_tm#1	libs/libpng/libpng-src/pngwrite.c	BOUNDARY	changed	same
png_convert_from_time_t#1	libs/libpng/libpng-src/pngwrite.c	BOUNDARY	same	same
png_create_write_struct_2#1	libs/libpng/libpng-src/pngwrite.c	BOUNDARY	same	same
png_create_write_struct#1	libs/libpng/libpng-src/pngwrite.c	BOUNDARY	same	same
png_write_row#1	libs/libpng/libpng-src/pngwrite.c	BOUNDARY	same	same
png_write_rows#1	libs/libpng/libpng-src/pngwrite.c	BOUNDARY	same	same
png_write_image_8bit#1	libs/libpng/libpng-src/pngwrite.c	BOUNDARY	same	same
png_write_image_16bit#1	libs/libpng/libpng-src/pngwrite.c	BOUNDARY	same	same
png_write_image#1	libs/libpng/libpng-src/pngwrite.c	BOUNDARY	same	same
png_set_flush#1	libs/libpng/libpng-src/pngwrite.c	BOUNDARY	same	same
png_write_flush#1	libs/libpng/libpng-src/pngwrite.c	BOUNDARY	same	same
png_destroy_write_struct#1	libs/libpng/libpng-src/pngwrite.c	BOUNDARY	same	same
png_image_write_init#1	libs/libpng/libpng-src/pngwrite.c	BOUNDARY	same	same
png_set_filter#1	libs/libpng/libpng-src/pngwrite.c	BOUNDARY	same	same
png_image_write_main#1	libs/libpng/libpng-src/pngwrite.c	BOUNDARY	same	same
png_image_write_memory#1	libs/libpng/libpng-src/pngwrite.c	BOUNDARY	same	same
png_set_filter_heuristics#1	libs/libpng/libpng-src/pngwrite.c	BOUNDARY	same	same
png_set_filter_heuristics_fixed#1	libs/libpng/libpng-src/pngwrite.c	BOUNDARY	same	same
png_set_compression_level#1	libs/libpng/libpng-src/pngwrite.c	BOUNDARY	same	same
png_set_compression_mem_level#1	libs/libpng/libpng-src/pngwrite.c	BOUNDARY	same	same
png_set_compression_strategy#1	libs/libpng/libpng-src/pngwrite.c	BOUNDARY	same	same
png_set_compression_window_bits#1	libs/libpng/libpng-src/pngwrite.c	BOUNDARY	same	same
png_set_compression_method#1	libs/libpng/libpng-src/pngwrite.c	BOUNDARY	same	same
png_set_text_compression_level#1	libs/libpng/libpng-src/pngwrite.c	BOUNDARY	same	same
png_set_text_compression_mem_level#1	libs/libpng/libpng-src/pngwrite.c	BOUNDARY	same	same
png_set_text_compression_strategy#1	libs/libpng/libpng-src/pngwrite.c	BOUNDARY	same	same
png_set_text_compression_window_bits#1	libs/libpng/libpng-src/pngwrite.c	BOUNDARY	same	same
png_set_text_compression_method#1	libs/libpng/libpng-src/pngwrite.c	BOUNDARY	same	same
png_set_write_status_fn#1	libs/libpng/libpng-src/pngwrite.c	BOUNDARY	same	same
png_set_write_user_transform_fn#1	libs/libpng/libpng-src/pngwrite.c	BOUNDARY	same	same
png_write_png#1	libs/libpng/libpng-src/pngwrite.c	BOUNDARY	same	same
png_image_write_to_memory#1	libs/libpng/libpng-src/pngwrite.c	BOUNDARY	same	same
png_image_write_to_stdio#1	libs/libpng/libpng-src/pngwrite.c	BOUNDARY	same	same
png_image_write_to_file#1	libs/libpng/libpng-src/pngwrite.c	BOUNDARY	same	same
png_do_write_transformations#1	libs/libpng/libpng-src/pngwtran.c	BOUNDARY	same	same
png_image_size#1	libs/libpng/libpng-src/pngwutil.c	BOUNDARY	changed	same
png_deflate_claim#1	libs/libpng/libpng-src/pngwutil.c	BOUNDARY	same	same
optimize_cmf.part.0#1	libs/libpng/libpng-src/pngwutil.c	BOUNDARY	same	same
png_text_compress.part.0#1	libs/libpng/libpng-src/pngwutil.c	BOUNDARY	same	same
png_write_chunk_header.part.0#1	libs/libpng/libpng-src/pngwutil.c	BOUNDARY	same	same
png_write_compressed_data_out#1	libs/libpng/libpng-src/pngwutil.c	BOUNDARY	same	same
png_write_complete_chunk#1	libs/libpng/libpng-src/pngwutil.c	BOUNDARY	same	same
png_save_uint_32#1	libs/libpng/libpng-src/pngwutil.c	BOUNDARY	same	same
png_save_uint_16#1	libs/libpng/libpng-src/pngwutil.c	BOUNDARY	same	same
png_write_sig#1	libs/libpng/libpng-src/pngwutil.c	BOUNDARY	same	same
png_write_chunk_start#1	libs/libpng/libpng-src/pngwutil.c	BOUNDARY	same	same
png_write_chunk_data#1	libs/libpng/libpng-src/pngwutil.c	BOUNDARY	same	same
png_write_chunk_end#1	libs/libpng/libpng-src/pngwutil.c	BOUNDARY	same	same
png_write_chunk#1	libs/libpng/libpng-src/pngwutil.c	BOUNDARY	same	same
png_free_buffer_list#1	libs/libpng/libpng-src/pngwutil.c	BOUNDARY	same	same
png_write_IHDR#1	libs/libpng/libpng-src/pngwutil.c	BOUNDARY	same	same
png_write_PLTE#1	libs/libpng/libpng-src/pngwutil.c	BOUNDARY	same	same
png_compress_IDAT#1	libs/libpng/libpng-src/pngwutil.c	BOUNDARY	same	same
png_write_IEND#1	libs/libpng/libpng-src/pngwutil.c	BOUNDARY	same	same
png_write_gAMA_fixed#1	libs/libpng/libpng-src/pngwutil.c	BOUNDARY	same	same
png_write_sRGB#1	libs/libpng/libpng-src/pngwutil.c	BOUNDARY	same	same
png_write_iCCP#1	libs/libpng/libpng-src/pngwutil.c	BOUNDARY	same	same
png_write_sPLT#1	libs/libpng/libpng-src/pngwutil.c	BOUNDARY	same	same
png_write_sBIT#1	libs/libpng/libpng-src/pngwutil.c	BOUNDARY	same	same
png_write_cHRM_fixed#1	libs/libpng/libpng-src/pngwutil.c	BOUNDARY	same	same
png_write_tRNS#1	libs/libpng/libpng-src/pngwutil.c	BOUNDARY	same	same
png_write_bKGD#1	libs/libpng/libpng-src/pngwutil.c	BOUNDARY	same	same
png_write_cICP#1	libs/libpng/libpng-src/pngwutil.c	BOUNDARY	same	same
png_write_cLLI_fixed#1	libs/libpng/libpng-src/pngwutil.c	BOUNDARY	same	same
png_write_mDCV_fixed#1	libs/libpng/libpng-src/pngwutil.c	BOUNDARY	same	same
png_write_eXIf#1	libs/libpng/libpng-src/pngwutil.c	BOUNDARY	same	same
png_write_hIST#1	libs/libpng/libpng-src/pngwutil.c	BOUNDARY	same	same
png_write_tEXt#1	libs/libpng/libpng-src/pngwutil.c	BOUNDARY	same	changed
png_write_zTXt#1	libs/libpng/libpng-src/pngwutil.c	BOUNDARY	same	same
png_write_iTXt#1	libs/libpng/libpng-src/pngwutil.c	BOUNDARY	same	same
png_write_oFFs#1	libs/libpng/libpng-src/pngwutil.c	BOUNDARY	same	same
png_write_pCAL#1	libs/libpng/libpng-src/pngwutil.c	BOUNDARY	same	same
png_write_sCAL_s#1	libs/libpng/libpng-src/pngwutil.c	BOUNDARY	same	same
png_write_pHYs#1	libs/libpng/libpng-src/pngwutil.c	BOUNDARY	same	same
png_write_tIME#1	libs/libpng/libpng-src/pngwutil.c	BOUNDARY	same	same
png_write_start_row#1	libs/libpng/libpng-src/pngwutil.c	BOUNDARY	same	same
png_write_finish_row#1	libs/libpng/libpng-src/pngwutil.c	BOUNDARY	changed	same
png_do_write_interlace#1	libs/libpng/libpng-src/pngwutil.c	BOUNDARY	changed	same
png_write_find_filter#1	libs/libpng/libpng-src/pngwutil.c	BOUNDARY	changed	same
png_init_filter_functions_neon#1	libs/libpng/libpng-src/arm/arm_init.c	BOUNDARY	same	same
png_read_filter_row_up_neon#1	libs/libpng/libpng-src/arm/filter_neon_intrinsics.c	BOUNDARY	same	same
png_read_filter_row_sub3_neon#1	/usr/lib/gcc/aarch64-linux-gnu/10/include/arm_neon.h	BOUNDARY	same	same
png_read_filter_row_sub4_neon#1	libs/libpng/libpng-src/arm/filter_neon_intrinsics.c	BOUNDARY	same	same
png_read_filter_row_avg3_neon#1	/usr/lib/gcc/aarch64-linux-gnu/10/include/arm_neon.h	BOUNDARY	same	same
png_read_filter_row_avg4_neon#1	libs/libpng/libpng-src/arm/filter_neon_intrinsics.c	BOUNDARY	same	same
png_read_filter_row_paeth3_neon#1	/usr/lib/gcc/aarch64-linux-gnu/10/include/arm_neon.h	BOUNDARY	same	same
png_read_filter_row_paeth4_neon#1	libs/libpng/libpng-src/arm/filter_neon_intrinsics.c	BOUNDARY	same	same
png_riffle_palette_neon#1	libs/libpng/libpng-src/arm/palette_neon_intrinsics.c	BOUNDARY	same	same
png_do_expand_palette_rgba8_neon#1	libs/libpng/libpng-src/arm/palette_neon_intrinsics.c	BOUNDARY	same	same
png_do_expand_palette_rgb8_neon#1	libs/libpng/libpng-src/arm/palette_neon_intrinsics.c	BOUNDARY	same	same
png_default_flush#1	libs/libpng/libpng-src/pngwio.c	BOUNDARY	same	same
png_default_write_data#1	libs/libpng/libpng-src/pngwio.c	BOUNDARY	same	same
png_write_data#1	libs/libpng/libpng-src/pngwio.c	BOUNDARY	same	same
png_flush#1	libs/libpng/libpng-src/pngwio.c	BOUNDARY	same	same
png_set_write_fn#1	libs/libpng/libpng-src/pngwio.c	BOUNDARY	same	same
get_crc_table#1	libs/zlib/zlib-src/crc32.c	BOUNDARY	same	same
crc32_z#1	libs/zlib/zlib-src/crc32.c	BOUNDARY	same	same
crc32#1	libs/zlib/zlib-src/crc32.c	BOUNDARY	same	same
crc32_combine_gen64#1	libs/zlib/zlib-src/crc32.c	BOUNDARY	same	same
crc32_combine_gen#1	libs/zlib/zlib-src/crc32.c	BOUNDARY	same	same
crc32_combine_op#1	libs/zlib/zlib-src/crc32.c	BOUNDARY	same	same
crc32_combine64#1	libs/zlib/zlib-src/crc32.c	BOUNDARY	same	same
crc32_combine#1	libs/zlib/zlib-src/crc32.c	BOUNDARY	same	same
slide_hash#1	libs/zlib/zlib-src/deflate.c	BOUNDARY	same	same
longest_match#1	libs/zlib/zlib-src/deflate.c	BOUNDARY	changed	same
read_buf#1	libs/zlib/zlib-src/deflate.c	BOUNDARY	changed	same
fill_window#1	libs/zlib/zlib-src/deflate.c	BOUNDARY	same	same
flush_pending#1	libs/zlib/zlib-src/deflate.c	BOUNDARY	same	same
deflate_slow#1	libs/zlib/zlib-src/deflate.c	BOUNDARY	changed	same
deflate_fast#1	libs/zlib/zlib-src/deflate.c	BOUNDARY	changed	same
deflate_stored#1	libs/zlib/zlib-src/deflate.c	BOUNDARY	same	same
deflateStateCheck.part.0#1	libs/zlib/zlib-src/deflate.c	BOUNDARY	same	same
deflateStateCheck#1	libs/zlib/zlib-src/deflate.c	BOUNDARY	same	same
deflateSetDictionary#1	libs/zlib/zlib-src/deflate.c	BOUNDARY	same	same
deflateGetDictionary#1	libs/zlib/zlib-src/deflate.c	BOUNDARY	same	same
deflateResetKeep#1	libs/zlib/zlib-src/deflate.c	BOUNDARY	same	same
deflateReset#1	libs/zlib/zlib-src/deflate.c	BOUNDARY	same	same
deflateSetHeader#1	libs/zlib/zlib-src/deflate.c	BOUNDARY	same	same
deflatePending#1	libs/zlib/zlib-src/deflate.c	BOUNDARY	same	same
deflateUsed#1	libs/zlib/zlib-src/deflate.c	BOUNDARY	same	same
deflatePrime#1	libs/zlib/zlib-src/deflate.c	BOUNDARY	same	same
deflateTune#1	libs/zlib/zlib-src/deflate.c	BOUNDARY	same	same
deflateBound_z#1	libs/zlib/zlib-src/deflate.c	BOUNDARY	same	same
deflateBound#1	libs/zlib/zlib-src/deflate.c	BOUNDARY	same	same
deflate#1	libs/zlib/zlib-src/deflate.c	BOUNDARY	changed	same
deflateParams#1	libs/zlib/zlib-src/deflate.c	BOUNDARY	same	same
deflateEnd#1	libs/zlib/zlib-src/deflate.c	BOUNDARY	same	same
deflateInit2_#1	libs/zlib/zlib-src/deflate.c	BOUNDARY	same	changed
deflateInit_#1	libs/zlib/zlib-src/deflate.c	BOUNDARY	same	same
deflateCopy#1	libs/zlib/zlib-src/deflate.c	BOUNDARY	same	same
gzclose#1	libs/zlib/zlib-src/gzclose.c	BOUNDARY	same	same
gz_open#1	libs/zlib/zlib-src/gzlib.c	BOUNDARY	same	changed
gzopen#1	libs/zlib/zlib-src/gzlib.c	BOUNDARY	same	same
gzopen64#1	libs/zlib/zlib-src/gzlib.c	BOUNDARY	same	same
gzdopen#1	libs/zlib/zlib-src/gzlib.c	BOUNDARY	same	same
gzbuffer#1	libs/zlib/zlib-src/gzlib.c	BOUNDARY	same	same
gzrewind#1	libs/zlib/zlib-src/gzlib.c	BOUNDARY	same	same
gzseek64#1	libs/zlib/zlib-src/gzlib.c	BOUNDARY	same	same
gzseek#1	libs/zlib/zlib-src/gzlib.c	BOUNDARY	same	same
gztell64#1	libs/zlib/zlib-src/gzlib.c	BOUNDARY	same	same
gztell#1	libs/zlib/zlib-src/gzlib.c	BOUNDARY	same	same
gzoffset64#1	libs/zlib/zlib-src/gzlib.c	BOUNDARY	same	same
gzoffset#1	libs/zlib/zlib-src/gzlib.c	BOUNDARY	same	same
gzeof#1	libs/zlib/zlib-src/gzlib.c	BOUNDARY	same	same
gzerror#1	libs/zlib/zlib-src/gzlib.c	BOUNDARY	same	same
gzclearerr#1	libs/zlib/zlib-src/gzlib.c	BOUNDARY	same	same
gz_error#1	libs/zlib/zlib-src/gzlib.c	BOUNDARY	same	same
gz_intmax#1	libs/zlib/zlib-src/gzlib.c	BOUNDARY	same	same
gz_load#1	libs/zlib/zlib-src/gzread.c	BOUNDARY	same	same
gz_avail.part.0#1	libs/zlib/zlib-src/gzread.c	BOUNDARY	same	same
gz_look#1	libs/zlib/zlib-src/gzread.c	BOUNDARY	same	same
gz_decomp#1	libs/zlib/zlib-src/gzread.c	BOUNDARY	same	same
gz_fetch#1	libs/zlib/zlib-src/gzread.c	BOUNDARY	same	same
gz_skip#1	libs/zlib/zlib-src/gzread.c	BOUNDARY	same	same
gz_read.part.0#1	libs/zlib/zlib-src/gzread.c	BOUNDARY	same	same
gzread#1	libs/zlib/zlib-src/gzread.c	BOUNDARY	same	same
gzfread#1	libs/zlib/zlib-src/gzread.c	BOUNDARY	same	same
gzgetc#1	libs/zlib/zlib-src/gzread.c	BOUNDARY	same	same
gzgetc_#1	libs/zlib/zlib-src/gzread.c	BOUNDARY	same	same
gzungetc#1	libs/zlib/zlib-src/gzread.c	BOUNDARY	same	same
gzgets#1	libs/zlib/zlib-src/gzread.c	BOUNDARY	same	same
gzdirect#1	libs/zlib/zlib-src/gzread.c	BOUNDARY	same	same
gzclose_r#1	libs/zlib/zlib-src/gzread.c	BOUNDARY	same	same
gz_init#1	libs/zlib/zlib-src/gzwrite.c	BOUNDARY	same	same
gz_comp#1	libs/zlib/zlib-src/gzwrite.c	BOUNDARY	same	same
gz_zero#1	libs/zlib/zlib-src/gzwrite.c	BOUNDARY	same	same
gz_write#1	libs/zlib/zlib-src/gzwrite.c	BOUNDARY	same	same
gz_vacate#1	libs/zlib/zlib-src/gzwrite.c	BOUNDARY	same	same
gzwrite#1	libs/zlib/zlib-src/gzwrite.c	BOUNDARY	same	same
gzfwrite#1	libs/zlib/zlib-src/gzwrite.c	BOUNDARY	same	same
gzputc#1	libs/zlib/zlib-src/gzwrite.c	BOUNDARY	same	same
gzputs#1	libs/zlib/zlib-src/gzwrite.c	BOUNDARY	same	same
gzvprintf#1	libs/zlib/zlib-src/gzwrite.c	BOUNDARY	same	changed
gzprintf#1	libs/zlib/zlib-src/gzwrite.c	BOUNDARY	same	same
gzflush#1	libs/zlib/zlib-src/gzwrite.c	BOUNDARY	same	same
gzsetparams#1	libs/zlib/zlib-src/gzwrite.c	BOUNDARY	same	same
gzclose_w#1	libs/zlib/zlib-src/gzwrite.c	BOUNDARY	same	same
updatewindow#1	libs/zlib/zlib-src/inflate.c	BOUNDARY	same	same
inflateStateCheck#1	libs/zlib/zlib-src/inflate.c	BOUNDARY	same	same
inflateResetKeep#1	libs/zlib/zlib-src/inflate.c	BOUNDARY	same	same
inflateReset#1	libs/zlib/zlib-src/inflate.c	BOUNDARY	same	same
inflateReset2#1	libs/zlib/zlib-src/inflate.c	BOUNDARY	same	same
inflateInit2_#1	libs/zlib/zlib-src/inflate.c	BOUNDARY	same	changed
inflateInit_#1	libs/zlib/zlib-src/inflate.c	BOUNDARY	same	same
inflatePrime#1	libs/zlib/zlib-src/inflate.c	BOUNDARY	same	same
inflate#1	libs/zlib/zlib-src/inflate.c	BOUNDARY	same	same
inflateEnd#1	libs/zlib/zlib-src/inflate.c	BOUNDARY	same	same
inflateGetDictionary#1	libs/zlib/zlib-src/inflate.c	BOUNDARY	same	same
inflateSetDictionary#1	libs/zlib/zlib-src/inflate.c	BOUNDARY	same	same
inflateGetHeader#1	libs/zlib/zlib-src/inflate.c	BOUNDARY	same	same
inflateSync#1	libs/zlib/zlib-src/inflate.c	BOUNDARY	same	same
inflateSyncPoint#1	libs/zlib/zlib-src/inflate.c	BOUNDARY	same	same
inflateCopy#1	libs/zlib/zlib-src/inflate.c	BOUNDARY	same	same
inflateUndermine#1	libs/zlib/zlib-src/inflate.c	BOUNDARY	same	same
inflateValidate#1	libs/zlib/zlib-src/inflate.c	BOUNDARY	same	same
inflateMark#1	libs/zlib/zlib-src/inflate.c	BOUNDARY	same	same
inflateCodesUsed#1	libs/zlib/zlib-src/inflate.c	BOUNDARY	same	same
inflate_table#1	libs/zlib/zlib-src/inftrees.c	BOUNDARY	same	same
inflate_fixed#1	libs/zlib/zlib-src/inftrees.c	BOUNDARY	same	same
bi_windup#1	libs/zlib/zlib-src/trees.c	BOUNDARY	same	same
pqdownheap#1	libs/zlib/zlib-src/trees.c	BOUNDARY	changed	same
build_tree#1	libs/zlib/zlib-src/trees.c	BOUNDARY	changed	same
scan_tree#1	libs/zlib/zlib-src/trees.c	BOUNDARY	changed	same
send_tree#1	libs/zlib/zlib-src/trees.c	BOUNDARY	changed	same
compress_block#1	libs/zlib/zlib-src/trees.c	BOUNDARY	changed	same
_tr_init#1	libs/zlib/zlib-src/trees.c	BOUNDARY	changed	same
_tr_stored_block#1	libs/zlib/zlib-src/trees.c	BOUNDARY	same	same
_tr_flush_bits#1	libs/zlib/zlib-src/trees.c	BOUNDARY	same	same
_tr_align#1	libs/zlib/zlib-src/trees.c	BOUNDARY	same	same
_tr_flush_block#1	libs/zlib/zlib-src/trees.c	BOUNDARY	changed	same
_tr_tally#1	libs/zlib/zlib-src/trees.c	BOUNDARY	changed	same
zlibVersion#1	libs/zlib/zlib-src/zutil.c	BOUNDARY	same	same
zlibCompileFlags#1	libs/zlib/zlib-src/zutil.c	BOUNDARY	same	same
zError#1	libs/zlib/zlib-src/zutil.c	BOUNDARY	same	same
zcalloc#1	libs/zlib/zlib-src/zutil.c	BOUNDARY	same	same
zcfree#1	libs/zlib/zlib-src/zutil.c	BOUNDARY	same	same
adler32_z#1	libs/zlib/zlib-src/adler32.c	BOUNDARY	same	same
adler32#1	libs/zlib/zlib-src/adler32.c	BOUNDARY	same	same
adler32_combine#1	libs/zlib/zlib-src/adler32.c	BOUNDARY	same	same
adler32_combine64#1	libs/zlib/zlib-src/adler32.c	BOUNDARY	same	same
inflate_fast#1	libs/zlib/zlib-src/inffast.c	BOUNDARY	same	same
_ZN7GStringC1Ev#1	NOLINE	BOUNDARY	same	same
_ZN7GStringC1EPKc#1	NOLINE	BOUNDARY	same	same
_ZN7GStringC1EPKci#1	NOLINE	BOUNDARY	same	same
_ZN7GStringC1EPS_ii#1	NOLINE	BOUNDARY	same	same
_ZN7GStringC1EPS_#1	NOLINE	BOUNDARY	same	same
_ZN7GStringC1EPS_S0_#1	NOLINE	BOUNDARY	same	same
_ZN7GStringD1Ev#1	NOLINE	BOUNDARY	same	same
_ZN7GString5clearEv#1	NOLINE	BOUNDARY	same	same
_ZN7GString6appendEc#1	NOLINE	BOUNDARY	same	changed
_ZN7GString6appendEPS_#1	NOLINE	BOUNDARY	same	same
_ZN7GString6appendEPKc#1	NOLINE	BOUNDARY	same	same
_ZN7GString6appendEPKci#1	NOLINE	BOUNDARY	same	same
_ZN7GString9formatIntExPciiiiPPKcPi#1	NOLINE	BOUNDARY	changed	same
_ZN7GString7fromIntEi#1	NOLINE	BOUNDARY	same	same
_ZN7GString10formatUIntEyPciiiiPPKcPi#1	NOLINE	BOUNDARY	changed	same
_ZN7GString12formatDoubleEdPciiiPPKcPi#1	NOLINE	BOUNDARY	changed	same
_ZN7GString8appendfvEPKcSt9__va_list#1	NOLINE	BOUNDARY	changed	changed
_ZN7GString6formatEPKcz#1	NOLINE	BOUNDARY	same	same
_ZN7GString7formatvEPKcSt9__va_list#1	NOLINE	BOUNDARY	same	same
_ZN7GString7appendfEPKcz#1	NOLINE	BOUNDARY	same	same
_ZN7GString6insertEic#1	NOLINE	BOUNDARY	changed	changed
_ZN7GString6insertEiPS_#1	NOLINE	BOUNDARY	changed	changed
_ZN7GString6insertEiPKc#1	NOLINE	BOUNDARY	changed	changed
_ZN7GString6insertEiPKci#1	NOLINE	BOUNDARY	changed	changed
_ZN7GString3delEii#1	NOLINE	BOUNDARY	changed	changed
_ZN7GString9upperCaseEv#1	NOLINE	BOUNDARY	changed	same
_ZN7GString9lowerCaseEv#1	NOLINE	BOUNDARY	changed	same
_ZN7GString3cmpEPS_#1	NOLINE	BOUNDARY	same	same
_ZN7GString4cmpNEPS_i#1	NOLINE	BOUNDARY	same	same
_ZN7GString3cmpEPKc#1	NOLINE	BOUNDARY	same	changed
_ZN7GString4cmpNEPKci#1	NOLINE	BOUNDARY	same	changed
_ZN7GString6resizeEi#1	NOLINE	BOUNDARY	same	same
_Z5gfreePv#1	NOLINE	BOUNDARY	same	same
_Z9gMemErrorPKc#1	NOLINE	BOUNDARY	same	same
_Z7gmalloci#1	NOLINE	BOUNDARY	same	same
_Z8greallocPvi#1	NOLINE	BOUNDARY	same	same
_Z9gmalloc64m#1	NOLINE	BOUNDARY	same	same
_Z9greallocnPvii#1	NOLINE	BOUNDARY	same	same
_Z10gmallocn64im#1	NOLINE	BOUNDARY	same	same
_Z8gmallocnii#1	NOLINE	BOUNDARY	changed	same
_Z10copyStringPKc#1	NOLINE	BOUNDARY	changed	same
_ZN5ArrayC1EP4XRef#1	NOLINE	BOUNDARY	same	same
_ZN5ArrayD1Ev#1	NOLINE	BOUNDARY	changed	same
_ZN5Array3addEP6Object#1	NOLINE	BOUNDARY	same	same
_ZN5Array3getEiP6Objecti#1	NOLINE	BOUNDARY	same	same
_ZN5Array5getNFEiP6Object#1	NOLINE	BOUNDARY	same	same
_ZN12PageTreeNodeC1E3RefiPS_#1	NOLINE	BOUNDARY	same	same
_ZN12PageTreeNodeD1Ev#1	NOLINE	BOUNDARY	changed	same
_ZN12EmbeddedFileC1EP10TextStringP6Object#1	NOLINE	BOUNDARY	same	same
_ZN12EmbeddedFileD1Ev#1	NOLINE	BOUNDARY	same	same
_ZN13PageLabelNodeC1EiP4Dict#1	NOLINE	BOUNDARY	same	same
_ZN13PageLabelNodeD1Ev#1	NOLINE	BOUNDARY	same	same
_ZN7CatalogD1Ev#1	NOLINE	BOUNDARY	changed	same
_ZN7Catalog12doneWithPageEi#1	NOLINE	BOUNDARY	changed	same
_ZN7Catalog12readMetadataEv#1	NOLINE	BOUNDARY	same	same
_ZN7Catalog14findDestInTreeEP6ObjectS1_P7GStringS1_Pc#1	NOLINE	BOUNDARY	changed	changed
_ZN7Catalog8findDestEP7GString#1	NOLINE	BOUNDARY	same	same
_ZN7Catalog13countPageTreeEP6ObjectPc#1	NOLINE	BOUNDARY	changed	changed
_ZN7Catalog12readPageTreeEP6Object#1	NOLINE	BOUNDARY	changed	same
_ZN7Catalog9loadPage2EiiP12PageTreeNode#1	NOLINE	BOUNDARY	changed	same
_ZN7Catalog8loadPageEi#1	NOLINE	BOUNDARY	changed	same
_ZN7Catalog8findPageEii#1	NOLINE	BOUNDARY	changed	same
_ZN7Catalog10getPageRefEi#1	NOLINE	BOUNDARY	changed	same
_ZN7Catalog7getPageEi#1	NOLINE	BOUNDARY	changed	same
_ZN7Catalog20getDestOutputProfileEP6Object#1	NOLINE	BOUNDARY	same	same
_ZN7Catalog16readEmbeddedFileEP6ObjectS1_#1	NOLINE	BOUNDARY	changed	same
_ZN7Catalog19getNumEmbeddedFilesEv#1	NOLINE	BOUNDARY	same	same
_ZN7Catalog19getEmbeddedFileNameEi#1	NOLINE	BOUNDARY	same	same
_ZN7Catalog25getEmbeddedFileNameLengthEi#1	NOLINE	BOUNDARY	same	same
_ZN7Catalog24getEmbeddedFileStreamRefEi#1	NOLINE	BOUNDARY	same	same
_ZN7Catalog24getEmbeddedFileStreamObjEiP6Object#1	NOLINE	BOUNDARY	same	same
_ZN7Catalog18readPageLabelTree2EP6ObjectPc#1	NOLINE	BOUNDARY	changed	changed
_ZN7Catalog17readPageLabelTreeEP6Object#1	NOLINE	BOUNDARY	same	same
_ZN7Catalog13findPageLabelEi#1	NOLINE	BOUNDARY	same	same
_ZN7Catalog16makeRomanNumeralEii#1	NOLINE	BOUNDARY	changed	same
_ZN7Catalog15makeLetterLabelEii#1	NOLINE	BOUNDARY	changed	changed
_ZN7Catalog12getPageLabelEi#1	NOLINE	BOUNDARY	changed	changed
_ZN7Catalog21convertPageLabelToIntEP10TextStringicPi#1	NOLINE	BOUNDARY	changed	changed
_ZN7Catalog23getPageNumFromPageLabelEP10TextString#1	NOLINE	BOUNDARY	changed	changed
_ZN7Catalog19scanAAForJavaScriptEP6Object#1	NOLINE	BOUNDARY	same	same
_ZN7Catalog15checkDictLookupEP6ObjectPKcS1_Pc#1	NOLINE	BOUNDARY	changed	changed
_ZN7Catalog20readEmbeddedFileTreeEP6ObjectPc#1	NOLINE	BOUNDARY	changed	changed
_ZN7Catalog13checkArrayGetEP6ObjectiS1_Pc#1	NOLINE	BOUNDARY	changed	changed
_ZN7Catalog24readFileAttachmentAnnotsEP6ObjectPc#1	NOLINE	BOUNDARY	changed	changed
_ZN7Catalog20readEmbeddedFileListEP4Dict#1	NOLINE	BOUNDARY	same	same
_ZN7CatalogC1EP6PDFDoc#1	NOLINE	BOUNDARY	same	changed
_ZN7Catalog25scanPageTreeForJavaScriptEP6ObjectPc#1	NOLINE	BOUNDARY	changed	changed
_ZN7Catalog14usesJavaScriptEv#1	NOLINE	BOUNDARY	same	same
_ZN4DictC1EP4XRef#1	NOLINE	BOUNDARY	same	same
_ZN4DictD1Ev#1	NOLINE	BOUNDARY	changed	same
_ZN4Dict6expandEv#1	NOLINE	BOUNDARY	same	changed
_ZN4Dict3addEPcP6Object#1	NOLINE	BOUNDARY	same	changed
_ZN4Dict4hashEPKc#1	NOLINE	BOUNDARY	same	changed
_ZN4Dict2isEPKc#1	NOLINE	BOUNDARY	same	changed
_ZN4Dict6lookupEPKcP6Objecti#1	NOLINE	BOUNDARY	same	changed
_ZN4Dict8lookupNFEPKcP6Object#1	NOLINE	BOUNDARY	same	changed
_ZN4Dict6getKeyEi#1	NOLINE	BOUNDARY	same	same
_ZN4Dict6getValEiP6Object#1	NOLINE	BOUNDARY	same	same
_ZN4Dict8getValNFEiP6Object#1	NOLINE	BOUNDARY	same	same
_Z16setErrorCallbackPFvPv13ErrorCategoryiPcES_#1	NOLINE	BOUNDARY	same	same
_Z20getErrorCallbackDatav#1	NOLINE	BOUNDARY	same	same
_Z5error13ErrorCategorylPKcz#1	NOLINE	BOUNDARY	changed	changed
_ZL14readFromStreamPv#1	NOLINE	BOUNDARY	same	same
_ZN11Gfx8BitFont16parensAreSwappedEP4XRef#1	NOLINE	BOUNDARY	same	same
_ZN10GfxCIDFont8getWModeEv#1	NOLINE	BOUNDARY	same	same
_ZN11Gfx8BitFont11getNextCharEPciPjS1_iPiPdS3_S3_S3_#1	NOLINE	BOUNDARY	same	same
_ZN10GfxCIDFont21problematicForUnicodeEv#1	NOLINE	BOUNDARY	same	same
_ZN11Gfx8BitFont21problematicForUnicodeEv#1	NOLINE	BOUNDARY	same	same
_ZN10GfxFontLocC1Ev#1	NOLINE	BOUNDARY	same	same
_ZN10GfxFontLocD1Ev#1	NOLINE	BOUNDARY	same	same
_ZN7GfxFontC1EPKc3RefP7GString11GfxFontTypeS2_#1	NOLINE	BOUNDARY	same	same
_ZN7GfxFontD1Ev#1	NOLINE	BOUNDARY	same	same
_ZN11Gfx8BitFontD1Ev#1	NOLINE	BOUNDARY	same	changed
_ZN11Gfx8BitFontD0Ev#1	NOLINE	BOUNDARY	same	same
_ZN10GfxCIDFontD1Ev#1	NOLINE	BOUNDARY	same	same
_ZN10GfxCIDFontD0Ev#1	NOLINE	BOUNDARY	same	same
_ZN7GfxFontD0Ev#1	NOLINE	BOUNDARY	same	same
_ZN7GfxFont11getFontTypeEP4XRefP4DictP3Ref#1	NOLINE	BOUNDARY	same	same
_ZN7GfxFont18readFontDescriptorEP4XRefP4Dict#1	NOLINE	BOUNDARY	same	changed
_ZN7GfxFont17readToUnicodeCMapEP4DictiP17CharCodeToUnicode#1	NOLINE	BOUNDARY	same	same
_ZN7GfxFont15getExternalFontEP7GStringidi#1	NOLINE	BOUNDARY	same	same
_ZN7GfxFont16locateBase14FontEP7GString#1	NOLINE	BOUNDARY	same	same
_ZN7GfxFont10locateFontEP4XRefi#1	NOLINE	BOUNDARY	same	same
_ZN7GfxFont15readEmbFontFileEP4XRefPi#1	NOLINE	BOUNDARY	changed	same
_ZN10GfxCIDFont16parensAreSwappedEP4XRef#1	NOLINE	BOUNDARY	changed	same
_ZN10GfxCIDFont26readTrueTypeUnicodeMappingEP4XRef.part.0#1	NOLINE	BOUNDARY	changed	same
_ZN11Gfx8BitFontC1EP4XRefPKc3RefP7GString11GfxFontTypeS4_P4Dict#1	NOLINE	BOUNDARY	changed	changed
_ZN11Gfx8BitFont12getToUnicodeEv#1	NOLINE	BOUNDARY	same	changed
_ZN11Gfx8BitFont15getCodeToGIDMapEP12FoFiTrueType#1	NOLINE	BOUNDARY	same	same
_ZN11Gfx8BitFont15getCodeToGIDMapEP10FoFiType1C#1	NOLINE	BOUNDARY	same	same
_ZN11Gfx8BitFont12getCharProcsEv#1	NOLINE	BOUNDARY	same	same
_ZN11Gfx8BitFont11getCharProcEiP6Object#1	NOLINE	BOUNDARY	same	same
_ZN11Gfx8BitFont13getCharProcNFEiP6Object#1	NOLINE	BOUNDARY	same	same
_ZN11Gfx8BitFont12getResourcesEv#1	NOLINE	BOUNDARY	same	same
_ZN10GfxCIDFontC1EP4XRefPKc3RefP7GString11GfxFontTypeS4_P4Dict#1	NOLINE	BOUNDARY	same	same
_ZN7GfxFont8makeFontEP4XRefPKc3RefP4Dict#1	NOLINE	BOUNDARY	same	same
_ZN10GfxCIDFont26readTrueTypeUnicodeMappingEP4XRef#1	NOLINE	BOUNDARY	same	same
_ZN10GfxCIDFont20getHorizontalMetricsEjPd#1	NOLINE	BOUNDARY	same	same
_ZN10GfxCIDFont18getVerticalMetricsEjPdS0_S0_#1	NOLINE	BOUNDARY	same	same
_ZN10GfxCIDFont11getNextCharEPciPjS1_iPiPdS3_S3_S3_#1	NOLINE	BOUNDARY	same	same
_ZN10GfxCIDFont12getToUnicodeEv#1	NOLINE	BOUNDARY	same	same
_ZN10GfxCIDFont13getCollectionEv#1	NOLINE	BOUNDARY	same	same
_ZN10GfxCIDFont8getWidthEj#1	NOLINE	BOUNDARY	same	same
_ZN16GfxFontDictEntryC1E3RefP6Object#1	NOLINE	BOUNDARY	same	same
_ZN16GfxFontDictEntryD1Ev#1	NOLINE	BOUNDARY	same	same
_ZN16GfxFontDictEntry4loadEP7GfxFont#1	NOLINE	BOUNDARY	same	same
_ZN11GfxFontDictD1Ev#1	NOLINE	BOUNDARY	changed	same
_ZN11GfxFontDict7getFontEi#1	NOLINE	BOUNDARY	same	same
_ZN11GfxFontDict4loadEPcP16GfxFontDictEntry#1	NOLINE	BOUNDARY	same	same
_ZN11GfxFontDict6lookupEPc#1	NOLINE	BOUNDARY	same	same
_ZN11GfxFontDict11lookupByRefE3Ref#1	NOLINE	BOUNDARY	same	same
_ZN11GfxFontDict7loadAllEv#1	NOLINE	BOUNDARY	same	same
_ZN11GfxFontDict11getNumFontsEv#1	NOLINE	BOUNDARY	same	same
_ZN11GfxFontDict15hashFontObject1EP6ObjectP7FNVHash#1	NOLINE	BOUNDARY	same	changed
_ZN11GfxFontDict14hashFontObjectEP6Object#1	NOLINE	BOUNDARY	same	same
_ZN7GfxFont15makeDefaultFontEP4XRef#1	NOLINE	BOUNDARY	same	same
_ZN11GfxFontDictC1EP4XRefP3RefP4Dict#1	NOLINE	BOUNDARY	same	same
_ZN7GfxFont9isCIDFontEv#1	NOLINE	BOUNDARY	same	same
_ZN7GfxFont8getWModeEv#1	NOLINE	BOUNDARY	same	same
_ZN10GfxCIDFont9isCIDFontEv#1	NOLINE	BOUNDARY	same	same
_ZN12GlobalParams12findFontFileEP7GString.part.0#1	NOLINE	BOUNDARY	changed	same
_ZN13PSFontParam16C1EP7GStringiS1_S1_#1	NOLINE	BOUNDARY	same	same
_ZN13PSFontParam16D1Ev#1	NOLINE	BOUNDARY	same	same
_ZN11SysFontInfoC1EP7GStringS1_11SysFontTypei#1	NOLINE	BOUNDARY	same	same
_ZN11SysFontInfoD1Ev#1	NOLINE	BOUNDARY	same	same
_ZN11SysFontInfo10mungeName1EP7GString#1	NOLINE	BOUNDARY	same	changed
_ZN11SysFontInfo10mungeName2EP7GString#1	NOLINE	BOUNDARY	same	changed
_ZN11SysFontInfo10mungeName3EP7GStringPiS2_#1	NOLINE	BOUNDARY	same	same
_ZN11SysFontInfo5matchEP7GString.part.0#1	NOLINE	BOUNDARY	same	same
_ZN11SysFontInfo5matchEP7GString#1	NOLINE	BOUNDARY	same	same
_ZN11SysFontListC1Ev#1	NOLINE	BOUNDARY	same	same
_ZN11SysFontListD1Ev#1	NOLINE	BOUNDARY	changed	same
_ZN11SysFontList4findEP7GString#1	NOLINE	BOUNDARY	changed	same
_ZN10KeyBindingC1EiiiPKc#1	NOLINE	BOUNDARY	same	same
_ZN10KeyBindingC1EiiiPKcS1_#1	NOLINE	BOUNDARY	same	same
_ZN10KeyBindingC1EiiiP5GList#1	NOLINE	BOUNDARY	same	same
_ZN10KeyBindingD1Ev#1	NOLINE	BOUNDARY	changed	same
_ZN12PopupMenuCmdC1EP7GStringP5GList#1	NOLINE	BOUNDARY	same	same
_ZN12PopupMenuCmdD1Ev#1	NOLINE	BOUNDARY	changed	same
_ZN12GlobalParams13setDataDirVarEv#1	NOLINE	BOUNDARY	same	same
_ZN12GlobalParams24createDefaultKeyBindingsEv#1	NOLINE	BOUNDARY	same	same
_ZN12GlobalParams18initStateFilePathsEv#1	NOLINE	BOUNDARY	same	same
_ZN12GlobalParams14openConfigFileEPKcPP7GString#1	NOLINE	BOUNDARY	same	changed
_ZN12GlobalParams15parseLineTokensEPcP7GStringi#1	NOLINE	BOUNDARY	same	changed
_ZN12GlobalParams18parseNameToUnicodeEP5GListP7GStringi#1	NOLINE	BOUNDARY	same	changed
_ZN12GlobalParams17parseCIDToUnicodeEP5GListP7GStringi#1	NOLINE	BOUNDARY	same	same
_ZN12GlobalParams21parseUnicodeToUnicodeEP5GListP7GStringi#1	NOLINE	BOUNDARY	same	same
_ZN12GlobalParams15parseUnicodeMapEP5GListP7GStringi#1	NOLINE	BOUNDARY	same	same
_ZN12GlobalParams12parseCMapDirEP5GListP7GStringi#1	NOLINE	BOUNDARY	same	same
_ZN12GlobalParams17parseToUnicodeDirEP5GListP7GStringi#1	NOLINE	BOUNDARY	same	same
_ZN12GlobalParams21parseUnicodeRemappingEP5GListP7GStringi#1	NOLINE	BOUNDARY	same	same
_ZN12GlobalParams13parseFontFileEP5GListP7GStringi#1	NOLINE	BOUNDARY	same	same
_ZN12GlobalParams12parseFontDirEP5GListP7GStringi#1	NOLINE	BOUNDARY	same	same
_ZN12GlobalParams15parseFontFileCCEP5GListP7GStringi#1	NOLINE	BOUNDARY	same	same
_ZN12GlobalParams20parsePSImageableAreaEP5GListP7GStringi#1	NOLINE	BOUNDARY	same	same
_ZN12GlobalParams12parsePSLevelEP5GListP7GStringi#1	NOLINE	BOUNDARY	same	same
_ZN12GlobalParams19parsePSResidentFontEP5GListP7GStringi#1	NOLINE	BOUNDARY	same	same
_ZN12GlobalParams21parsePSResidentFont16EP5GListP7GStringi#1	NOLINE	BOUNDARY	same	same
_ZN12GlobalParams21parsePSResidentFontCCEP5GListP7GStringi#1	NOLINE	BOUNDARY	same	same
_ZN12GlobalParams12parseTextEOLEP5GListP7GStringi#1	NOLINE	BOUNDARY	same	same
_ZN12GlobalParams17parseStrokeAdjustEP5GListP7GStringi#1	NOLINE	BOUNDARY	same	same
_ZN12GlobalParams15parseScreenTypeEP5GListP7GStringi#1	NOLINE	BOUNDARY	same	same
_ZN12GlobalParams13parseDropFontEP5GListP7GStringi#1	NOLINE	BOUNDARY	same	same
_ZN12GlobalParams8parseKeyEP7GStringS1_PiS2_S2_PKcP5GListS1_i#1	NOLINE	BOUNDARY	changed	changed
_ZN12GlobalParams9parseBindEP5GListP7GStringi#1	NOLINE	BOUNDARY	changed	changed
_ZN12GlobalParams11parseUnbindEP5GListP7GStringi#1	NOLINE	BOUNDARY	same	changed
_ZN12GlobalParams17parsePopupMenuCmdEP5GListP7GStringi#1	NOLINE	BOUNDARY	changed	same
_ZN12GlobalParams20parseZoomScaleFactorEP5GListP7GStringi#1	NOLINE	BOUNDARY	changed	changed
_ZN12GlobalParams15parseZoomValuesEP5GListP7GStringi#1	NOLINE	BOUNDARY	changed	changed
_ZN12GlobalParams10parseYesNoEPKcPiP5GListP7GStringi#1	NOLINE	BOUNDARY	same	same
_ZN12GlobalParams11parseYesNo2EPcPi#1	NOLINE	BOUNDARY	same	same
_ZN12GlobalParams11parseStringEPKcPP7GStringP5GListS3_i#1	NOLINE	BOUNDARY	same	same
_ZN12GlobalParams12parseIntegerEPKcPiP5GListP7GStringi#1	NOLINE	BOUNDARY	changed	changed
_ZN12GlobalParams10parseFloatEPKcPdP5GListP7GStringi#1	NOLINE	BOUNDARY	changed	changed
_ZN12GlobalParamsD1Ev#1	NOLINE	BOUNDARY	changed	same
_ZN12GlobalParams10setBaseDirEPKc#1	NOLINE	BOUNDARY	same	same
_ZN12GlobalParams14setupBaseFontsEPKc#1	NOLINE	BOUNDARY	same	same
_ZN12GlobalParams19getMacRomanCharCodeEPc#1	NOLINE	BOUNDARY	same	same
_ZN12GlobalParams10getBaseDirEv#1	NOLINE	BOUNDARY	same	same
_ZN12GlobalParams16mapNameToUnicodeEPKc#1	NOLINE	BOUNDARY	same	same
_ZN12GlobalParams21getResidentUnicodeMapEP7GString#1	NOLINE	BOUNDARY	same	same
_ZN12GlobalParams17getUnicodeMapFileEP7GString#1	NOLINE	BOUNDARY	same	same
_ZN12GlobalParams12findCMapFileEP7GStringS1_#1	NOLINE	BOUNDARY	changed	same
_ZN12GlobalParams17findToUnicodeFileEP7GString#1	NOLINE	BOUNDARY	changed	same
_ZN12GlobalParams19getUnicodeRemappingEv#1	NOLINE	BOUNDARY	same	same
_ZN12GlobalParams12findFontFileEP7GString#1	NOLINE	BOUNDARY	same	same
_ZN12GlobalParams18findBase14FontFileEP7GStringPiPd#1	NOLINE	BOUNDARY	same	same
_ZN12GlobalParams18findSystemFontFileEP7GStringP11SysFontTypePi#1	NOLINE	BOUNDARY	same	same
_ZN12GlobalParams14findCCFontFileEP7GString#1	NOLINE	BOUNDARY	same	same
_ZN12GlobalParams15getPSPaperWidthEv#1	NOLINE	BOUNDARY	same	same
_ZN12GlobalParams16getPSPaperHeightEv#1	NOLINE	BOUNDARY	same	same
_ZN12GlobalParams18getPSImageableAreaEPiS0_S0_S0_#1	NOLINE	BOUNDARY	same	same
_ZN12GlobalParams9getPSCropEv#1	NOLINE	BOUNDARY	same	same
_ZN12GlobalParams21getPSUseCropBoxAsPageEv#1	NOLINE	BOUNDARY	same	same
_ZN12GlobalParams18getPSExpandSmallerEv#1	NOLINE	BOUNDARY	same	same
_ZN12GlobalParams17getPSShrinkLargerEv#1	NOLINE	BOUNDARY	same	same
_ZN12GlobalParams11getPSCenterEv#1	NOLINE	BOUNDARY	same	same
_ZN12GlobalParams11getPSDuplexEv#1	NOLINE	BOUNDARY	same	same
_ZN12GlobalParams10getPSLevelEv#1	NOLINE	BOUNDARY	same	same
_ZN12GlobalParams17getPSResidentFontEP7GString#1	NOLINE	BOUNDARY	same	same
_ZN12GlobalParams18getPSResidentFontsEv#1	NOLINE	BOUNDARY	same	same
_ZN12GlobalParams19getPSResidentFont16EP7GStringi#1	NOLINE	BOUNDARY	changed	same
_ZN12GlobalParams19getPSResidentFontCCEP7GStringi#1	NOLINE	BOUNDARY	changed	same
_ZN12GlobalParams15getPSEmbedType1Ev#1	NOLINE	BOUNDARY	same	same
_ZN12GlobalParams18getPSEmbedTrueTypeEv#1	NOLINE	BOUNDARY	same	same
_ZN12GlobalParams23getPSEmbedCIDPostScriptEv#1	NOLINE	BOUNDARY	same	same
_ZN12GlobalParams21getPSEmbedCIDTrueTypeEv#1	NOLINE	BOUNDARY	same	same
_ZN12GlobalParams20getPSFontPassthroughEv#1	NOLINE	BOUNDARY	same	same
_ZN12GlobalParams12getPSPreloadEv#1	NOLINE	BOUNDARY	same	same
_ZN12GlobalParams8getPSOPIEv#1	NOLINE	BOUNDARY	same	same
_ZN12GlobalParams13getPSASCIIHexEv#1	NOLINE	BOUNDARY	same	same
_ZN12GlobalParams8getPSLZWEv#1	NOLINE	BOUNDARY	same	same
_ZN12GlobalParams30getPSUncompressPreloadedImagesEv#1	NOLINE	BOUNDARY	same	same
_ZN12GlobalParams17getPSMinLineWidthEv#1	NOLINE	BOUNDARY	same	same
_ZN12GlobalParams21getPSRasterResolutionEv#1	NOLINE	BOUNDARY	same	same
_ZN12GlobalParams15getPSRasterMonoEv#1	NOLINE	BOUNDARY	same	same
_ZN12GlobalParams20getPSRasterSliceSizeEv#1	NOLINE	BOUNDARY	same	same
_ZN12GlobalParams20getPSAlwaysRasterizeEv#1	NOLINE	BOUNDARY	same	same
_ZN12GlobalParams19getPSNeverRasterizeEv#1	NOLINE	BOUNDARY	same	same
_ZN12GlobalParams19getTextEncodingNameEv#1	NOLINE	BOUNDARY	same	same
_ZN12GlobalParams25getAvailableTextEncodingsEv#1	NOLINE	BOUNDARY	same	same
_ZN12GlobalParams10getTextEOLEv#1	NOLINE	BOUNDARY	same	same
_ZN12GlobalParams17getTextPageBreaksEv#1	NOLINE	BOUNDARY	same	same
_ZN12GlobalParams20getTextKeepTinyCharsEv#1	NOLINE	BOUNDARY	same	same
_ZN12GlobalParams14getInitialZoomEv#1	NOLINE	BOUNDARY	same	same
_ZN12GlobalParams17getDefaultFitZoomEv#1	NOLINE	BOUNDARY	same	same
_ZN12GlobalParams18getZoomScaleFactorEv#1	NOLINE	BOUNDARY	same	same
_ZN12GlobalParams13getZoomValuesEv#1	NOLINE	BOUNDARY	same	same
_ZN12GlobalParams21getInitialDisplayModeEv#1	NOLINE	BOUNDARY	same	same
_ZN12GlobalParams22getInitialToolbarStateEv#1	NOLINE	BOUNDARY	same	same
_ZN12GlobalParams22getInitialSidebarStateEv#1	NOLINE	BOUNDARY	same	same
_ZN12GlobalParams22getInitialSidebarWidthEv#1	NOLINE	BOUNDARY	same	same
_ZN12GlobalParams20getInitialSelectModeEv#1	NOLINE	BOUNDARY	same	same
_ZN12GlobalParams19getInitialMaximizedEv#1	NOLINE	BOUNDARY	same	same
_ZN12GlobalParams15getMaxTileWidthEv#1	NOLINE	BOUNDARY	same	same
_ZN12GlobalParams16getMaxTileHeightEv#1	NOLINE	BOUNDARY	same	same
_ZN12GlobalParams16getTileCacheSizeEv#1	NOLINE	BOUNDARY	same	same
_ZN12GlobalParams16getWorkerThreadsEv#1	NOLINE	BOUNDARY	same	same
_ZN12GlobalParams17getEnableFreeTypeEv#1	NOLINE	BOUNDARY	same	same
_ZN12GlobalParams25getDisableFreeTypeHintingEv#1	NOLINE	BOUNDARY	same	same
_ZN12GlobalParams12getAntialiasEv#1	NOLINE	BOUNDARY	same	same
_ZN12GlobalParams18getVectorAntialiasEv#1	NOLINE	BOUNDARY	same	same
_ZN12GlobalParams21getImageMaskAntialiasEv#1	NOLINE	BOUNDARY	same	same
_ZN12GlobalParams20getAntialiasPrintingEv#1	NOLINE	BOUNDARY	same	same
_ZN12GlobalParams15getStrokeAdjustEv#1	NOLINE	BOUNDARY	same	same
_ZN12GlobalParams13getScreenTypeEv#1	NOLINE	BOUNDARY	same	same
_ZN12GlobalParams13getScreenSizeEv#1	NOLINE	BOUNDARY	same	same
_ZN12GlobalParams18getScreenDotRadiusEv#1	NOLINE	BOUNDARY	same	same
_ZN12GlobalParams14getScreenGammaEv#1	NOLINE	BOUNDARY	same	same
_ZN12GlobalParams23getScreenBlackThresholdEv#1	NOLINE	BOUNDARY	same	same
_ZN12GlobalParams23getScreenWhiteThresholdEv#1	NOLINE	BOUNDARY	same	same
_ZN12GlobalParams15getMinLineWidthEv#1	NOLINE	BOUNDARY	same	same
_ZN12GlobalParams27getEnablePathSimplificationEv#1	NOLINE	BOUNDARY	same	same
_ZN12GlobalParams18getDrawAnnotationsEv#1	NOLINE	BOUNDARY	same	same
_ZN12GlobalParams17getDrawFormFieldsEv#1	NOLINE	BOUNDARY	same	same
_ZN12GlobalParams12getEnableXFAEv#1	NOLINE	BOUNDARY	same	same
_ZN12GlobalParams23getPreferXFAFieldValuesEv#1	NOLINE	BOUNDARY	same	same
_ZN12GlobalParams13getPaperColorEv#1	NOLINE	BOUNDARY	same	same
_ZN12GlobalParams13getMatteColorEv#1	NOLINE	BOUNDARY	same	same
_ZN12GlobalParams23getFullScreenMatteColorEv#1	NOLINE	BOUNDARY	same	same
_ZN12GlobalParams17getSelectionColorEv#1	NOLINE	BOUNDARY	same	same
_ZN12GlobalParams27getReverseVideoInvertImagesEv#1	NOLINE	BOUNDARY	same	same
_ZN12GlobalParams25getAllowLinksToChangeZoomEv#1	NOLINE	BOUNDARY	same	same
_ZN12GlobalParams17getDefaultPrinterEv#1	NOLINE	BOUNDARY	same	same
_ZN12GlobalParams22getMapNumericCharNamesEv#1	NOLINE	BOUNDARY	same	same
_ZN12GlobalParams22getMapUnknownCharNamesEv#1	NOLINE	BOUNDARY	same	same
_ZN12GlobalParams32getMapExtTrueTypeFontsViaUnicodeEv#1	NOLINE	BOUNDARY	same	same
_ZN12GlobalParams28getUseTrueTypeUnicodeMappingEv#1	NOLINE	BOUNDARY	same	same
_ZN12GlobalParams27getIgnoreWrongSizeToUnicodeEv#1	NOLINE	BOUNDARY	same	same
_ZN12GlobalParams13isDroppedFontEPKc#1	NOLINE	BOUNDARY	same	same
_ZN12GlobalParams22getSeparateRotatedTextEv#1	NOLINE	BOUNDARY	same	same
_ZN12GlobalParams21getDiscardCoveredTextEv#1	NOLINE	BOUNDARY	same	same
_ZN12GlobalParams13getKeyBindingEiii#1	NOLINE	BOUNDARY	changed	same
_ZN12GlobalParams17getAllKeyBindingsEv#1	NOLINE	BOUNDARY	same	same
_ZN12GlobalParams19getNumPopupMenuCmdsEv#1	NOLINE	BOUNDARY	same	same
_ZN12GlobalParams15getPopupMenuCmdEi#1	NOLINE	BOUNDARY	same	same
_ZN12GlobalParams12getPagesFileEv#1	NOLINE	BOUNDARY	same	same
_ZN12GlobalParams15getTabStateFileEv#1	NOLINE	BOUNDARY	same	same
_ZN12GlobalParams14getSessionFileEv#1	NOLINE	BOUNDARY	same	same
_ZN12GlobalParams18getSavePageNumbersEv#1	NOLINE	BOUNDARY	same	same
_ZN12GlobalParams20getSaveSessionOnQuitEv#1	NOLINE	BOUNDARY	same	same
_ZN12GlobalParams16getPrintCommandsEv#1	NOLINE	BOUNDARY	same	same
_ZN12GlobalParams18getPrintStatusInfoEv#1	NOLINE	BOUNDARY	same	same
_ZN12GlobalParams11getErrQuietEv#1	NOLINE	BOUNDARY	same	same
_ZN12GlobalParams15getDebugLogFileEv#1	NOLINE	BOUNDARY	same	same
_ZN12GlobalParams14debugLogPrintfEPKcz#1	NOLINE	BOUNDARY	same	same
_ZN12GlobalParams15getCIDToUnicodeEP7GString#1	NOLINE	BOUNDARY	same	same
_ZN12GlobalParams19getUnicodeToUnicodeEP7GString#1	NOLINE	BOUNDARY	same	same
_ZN12GlobalParams13getUnicodeMapEP7GString#1	NOLINE	BOUNDARY	same	same
_ZN12GlobalParams14getUnicodeMap2EP7GString#1	NOLINE	BOUNDARY	same	same
_ZN12GlobalParams7getCMapEP7GStringS1_#1	NOLINE	BOUNDARY	same	same
_ZN12GlobalParams15getTextEncodingEv#1	NOLINE	BOUNDARY	same	same
_ZN12GlobalParams19addUnicodeRemappingEjPji#1	NOLINE	BOUNDARY	same	same
_ZN12GlobalParams11addFontFileEP7GStringS1_#1	NOLINE	BOUNDARY	same	same
_ZN12GlobalParams14setPSPaperSizeEPc#1	NOLINE	BOUNDARY	same	same
_ZN12GlobalParams16parsePSPaperSizeEP5GListP7GStringi#1	NOLINE	BOUNDARY	same	same
_ZN12GlobalParams9parseLineEPcP7GStringi#1	NOLINE	BOUNDARY	changed	changed
_ZN12GlobalParams9parseFileEP7GStringP8_IO_FILE#1	NOLINE	BOUNDARY	same	same
_ZN12GlobalParamsC1EPKc#1	NOLINE	BOUNDARY	same	same
_ZN12GlobalParams15setPSPaperWidthEi#1	NOLINE	BOUNDARY	same	same
_ZN12GlobalParams16setPSPaperHeightEi#1	NOLINE	BOUNDARY	same	same
_ZN12GlobalParams18setPSImageableAreaEiiii#1	NOLINE	BOUNDARY	same	same
_ZN12GlobalParams9setPSCropEi#1	NOLINE	BOUNDARY	same	same
_ZN12GlobalParams21setPSUseCropBoxAsPageEi#1	NOLINE	BOUNDARY	same	same
_ZN12GlobalParams18setPSExpandSmallerEi#1	NOLINE	BOUNDARY	same	same
_ZN12GlobalParams17setPSShrinkLargerEi#1	NOLINE	BOUNDARY	same	same
_ZN12GlobalParams11setPSCenterEi#1	NOLINE	BOUNDARY	same	same
_ZN12GlobalParams11setPSDuplexEi#1	NOLINE	BOUNDARY	same	same
_ZN12GlobalParams10setPSLevelE7PSLevel#1	NOLINE	BOUNDARY	same	same
_ZN12GlobalParams15setPSEmbedType1Ei#1	NOLINE	BOUNDARY	same	same
_ZN12GlobalParams18setPSEmbedTrueTypeEi#1	NOLINE	BOUNDARY	same	same
_ZN12GlobalParams23setPSEmbedCIDPostScriptEi#1	NOLINE	BOUNDARY	same	same
_ZN12GlobalParams21setPSEmbedCIDTrueTypeEi#1	NOLINE	BOUNDARY	same	same
_ZN12GlobalParams20setPSFontPassthroughEi#1	NOLINE	BOUNDARY	same	same
_ZN12GlobalParams12setPSPreloadEi#1	NOLINE	BOUNDARY	same	same
_ZN12GlobalParams8setPSOPIEi#1	NOLINE	BOUNDARY	same	same
_ZN12GlobalParams13setPSASCIIHexEi#1	NOLINE	BOUNDARY	same	same
_ZN12GlobalParams15setTextEncodingEPKc#1	NOLINE	BOUNDARY	same	same
_ZN12GlobalParams10setTextEOLEPc#1	NOLINE	BOUNDARY	same	same
_ZN12GlobalParams17setTextPageBreaksEi#1	NOLINE	BOUNDARY	same	same
_ZN12GlobalParams20setTextKeepTinyCharsEi#1	NOLINE	BOUNDARY	same	same
_ZN12GlobalParams14setInitialZoomEPc#1	NOLINE	BOUNDARY	same	same
_ZN12GlobalParams17setDefaultFitZoomEi#1	NOLINE	BOUNDARY	same	same
_ZN12GlobalParams17setEnableFreeTypeEPc#1	NOLINE	BOUNDARY	same	same
_ZN12GlobalParams12setAntialiasEPc#1	NOLINE	BOUNDARY	same	same
_ZN12GlobalParams18setVectorAntialiasEPc#1	NOLINE	BOUNDARY	same	same
_ZN12GlobalParams13setScreenTypeE10ScreenType#1	NOLINE	BOUNDARY	same	same
_ZN12GlobalParams13setScreenSizeEi#1	NOLINE	BOUNDARY	same	same
_ZN12GlobalParams18setScreenDotRadiusEi#1	NOLINE	BOUNDARY	same	same
_ZN12GlobalParams14setScreenGammaEd#1	NOLINE	BOUNDARY	same	same
_ZN12GlobalParams23setScreenBlackThresholdEd#1	NOLINE	BOUNDARY	same	same
_ZN12GlobalParams23setScreenWhiteThresholdEd#1	NOLINE	BOUNDARY	same	same
_ZN12GlobalParams17setDrawFormFieldsEi#1	NOLINE	BOUNDARY	same	same
_ZN12GlobalParams19setOverprintPreviewEi#1	NOLINE	BOUNDARY	same	same
_ZN12GlobalParams22setMapNumericCharNamesEi#1	NOLINE	BOUNDARY	same	same
_ZN12GlobalParams22setMapUnknownCharNamesEi#1	NOLINE	BOUNDARY	same	same
_ZN12GlobalParams32setMapExtTrueTypeFontsViaUnicodeEi#1	NOLINE	BOUNDARY	same	same
_ZN12GlobalParams15setTabStateFileEPc#1	NOLINE	BOUNDARY	same	same
_ZN12GlobalParams14setSessionFileEPc#1	NOLINE	BOUNDARY	same	same
_ZN12GlobalParams16setPrintCommandsEi#1	NOLINE	BOUNDARY	same	same
_ZN12GlobalParams18setPrintStatusInfoEi#1	NOLINE	BOUNDARY	same	same
_ZN12GlobalParams11setErrQuietEi#1	NOLINE	BOUNDARY	same	same
_ZN8LinkHideD1Ev#1	NOLINE	BOUNDARY	same	same
_ZN8LinkHideD0Ev#1	NOLINE	BOUNDARY	same	same
_ZN8LinkGoToD1Ev#1	NOLINE	BOUNDARY	same	same
_ZN9LinkGoToRD1Ev#1	NOLINE	BOUNDARY	same	same
_ZN9LinkGoToRD0Ev#1	NOLINE	BOUNDARY	same	same
_ZN10LinkLaunchD1Ev#1	NOLINE	BOUNDARY	same	same
_ZN7LinkURID1Ev#1	NOLINE	BOUNDARY	same	same
_ZN9LinkNamedD1Ev#1	NOLINE	BOUNDARY	same	same
_ZN9LinkMovieD1Ev#1	NOLINE	BOUNDARY	same	same
_ZN14LinkJavaScriptD1Ev#1	NOLINE	BOUNDARY	same	same
_ZN14LinkSubmitFormD1Ev#1	NOLINE	BOUNDARY	same	same
_ZN11LinkUnknownD1Ev#1	NOLINE	BOUNDARY	same	same
_ZN9LinkNamedD0Ev#1	NOLINE	BOUNDARY	same	same
_ZN7LinkURID0Ev#1	NOLINE	BOUNDARY	same	same
_ZN9LinkMovieD0Ev#1	NOLINE	BOUNDARY	same	same
_ZN14LinkJavaScriptD0Ev#1	NOLINE	BOUNDARY	same	same
_ZN11LinkUnknownD0Ev#1	NOLINE	BOUNDARY	same	same
_ZN14LinkSubmitFormD0Ev#1	NOLINE	BOUNDARY	same	same
_ZN8LinkGoToD0Ev#1	NOLINE	BOUNDARY	same	same
_ZN10LinkLaunchD0Ev#1	NOLINE	BOUNDARY	same	same
_ZN10LinkAction15getFileSpecNameEP6Object#1	NOLINE	BOUNDARY	same	same
_ZN8LinkDestC1EP5Array#1	NOLINE	BOUNDARY	same	same
_ZN8LinkDestC1EPS_#1	NOLINE	BOUNDARY	same	same
_ZN8LinkGoToC1EP6Object#1	NOLINE	BOUNDARY	same	same
_ZN10LinkAction9parseDestEP6Object#1	NOLINE	BOUNDARY	same	same
_ZN9LinkGoToRC1EP6ObjectS1_#1	NOLINE	BOUNDARY	same	same
_ZN10LinkLaunchC1EP6Object#1	NOLINE	BOUNDARY	same	same
_ZN7LinkURIC1EP6ObjectP7GString#1	NOLINE	BOUNDARY	same	changed
_ZN9LinkNamedC1EP6Object#1	NOLINE	BOUNDARY	same	same
_ZN9LinkMovieC1EP6ObjectS1_#1	NOLINE	BOUNDARY	same	same
_ZN14LinkJavaScriptC1EP6Object#1	NOLINE	BOUNDARY	same	same
_ZN14LinkSubmitFormC1EP6ObjectS1_S1_#1	NOLINE	BOUNDARY	same	same
_ZN8LinkHideC1EP6ObjectS1_#1	NOLINE	BOUNDARY	same	same
_ZN10LinkAction11parseActionEP6ObjectP7GString#1	NOLINE	BOUNDARY	same	same
_ZN11LinkUnknownC1EPc#1	NOLINE	BOUNDARY	same	same
_ZN4LinkC1EP4DictP7GString#1	NOLINE	BOUNDARY	same	same
_ZN4LinkD1Ev#1	NOLINE	BOUNDARY	same	same
_ZN5LinksC1EP6ObjectP7GString#1	NOLINE	BOUNDARY	same	same
_ZN5LinksD1Ev#1	NOLINE	BOUNDARY	changed	same
_ZN5Links4findEdd#1	NOLINE	BOUNDARY	changed	same
_ZN5Links6onLinkEdd#1	NOLINE	BOUNDARY	changed	same
_ZN8LinkGoTo4isOkEv#1	NOLINE	BOUNDARY	same	same
_ZN8LinkGoTo7getKindEv#1	NOLINE	BOUNDARY	same	same
_ZN9LinkGoToR4isOkEv#1	NOLINE	BOUNDARY	same	same
_ZN9LinkGoToR7getKindEv#1	NOLINE	BOUNDARY	same	same
_ZN10LinkLaunch4isOkEv#1	NOLINE	BOUNDARY	same	same
_ZN10LinkLaunch7getKindEv#1	NOLINE	BOUNDARY	same	same
_ZN7LinkURI4isOkEv#1	NOLINE	BOUNDARY	same	same
_ZN7LinkURI7getKindEv#1	NOLINE	BOUNDARY	same	same
_ZN9LinkNamed4isOkEv#1	NOLINE	BOUNDARY	same	same
_ZN9LinkNamed7getKindEv#1	NOLINE	BOUNDARY	same	same
_ZN9LinkMovie4isOkEv#1	NOLINE	BOUNDARY	same	same
_ZN9LinkMovie7getKindEv#1	NOLINE	BOUNDARY	same	same
_ZN14LinkJavaScript4isOkEv#1	NOLINE	BOUNDARY	same	same
_ZN14LinkJavaScript7getKindEv#1	NOLINE	BOUNDARY	same	same
_ZN14LinkSubmitForm4isOkEv#1	NOLINE	BOUNDARY	same	same
_ZN14LinkSubmitForm7getKindEv#1	NOLINE	BOUNDARY	same	same
_ZN8LinkHide4isOkEv#1	NOLINE	BOUNDARY	same	same
_ZN8LinkHide7getKindEv#1	NOLINE	BOUNDARY	same	same
_ZN11LinkUnknown4isOkEv#1	NOLINE	BOUNDARY	same	same
_ZN11LinkUnknown7getKindEv#1	NOLINE	BOUNDARY	same	same
_ZN14NameToCharCodeC1Ev#1	NOLINE	BOUNDARY	same	same
_ZN14NameToCharCodeD1Ev#1	NOLINE	BOUNDARY	changed	same
_ZN14NameToCharCode3addEPKcj#1	NOLINE	BOUNDARY	changed	changed
_ZN14NameToCharCode6lookupEPKc#1	NOLINE	BOUNDARY	changed	changed
_ZN14NameToCharCode4hashEPKc#1	NOLINE	BOUNDARY	same	changed
_ZN6Object9initArrayEP4XRef#1	NOLINE	BOUNDARY	same	same
_ZN6Object8initDictEP4XRef#1	NOLINE	BOUNDARY	same	same
_ZN6Object8initDictEP4Dict#1	NOLINE	BOUNDARY	same	same
_ZN6Object10initStreamEP6Stream#1	NOLINE	BOUNDARY	same	same
_ZN6Object4copyEPS_#1	NOLINE	BOUNDARY	same	same
_ZN6Object5fetchEP4XRefPS_i#1	NOLINE	BOUNDARY	same	same
_ZN6Object4freeEv#1	NOLINE	BOUNDARY	same	same
_ZN6Object11getTypeNameEv#1	NOLINE	BOUNDARY	same	same
_ZN6Object5printEP8_IO_FILE#1	NOLINE	BOUNDARY	changed	same
_ZN6Object8memCheckEP8_IO_FILE#1	NOLINE	BOUNDARY	changed	same
_ZN6PDFDoc4initEP7PDFCore#1	NOLINE	BOUNDARY	same	same
_ZN6PDFDocD1Ev#1	NOLINE	BOUNDARY	same	same
_ZN6PDFDoc11checkHeaderEv#1	NOLINE	BOUNDARY	same	same
_ZN6PDFDoc15checkEncryptionEP7GStringS1_#1	NOLINE	BOUNDARY	same	same
_ZN6PDFDoc6setup2EP7GStringS1_i#1	NOLINE	BOUNDARY	same	same
_ZN6PDFDoc5setupEP7GStringS1_#1	NOLINE	BOUNDARY	same	same
_ZN6PDFDocC1EP7GStringS1_S1_P7PDFCore#1	NOLINE	BOUNDARY	same	same
_ZN6PDFDocC1EPcP7GStringS2_P7PDFCore#1	NOLINE	BOUNDARY	same	same
_ZN6PDFDocC1EP10BaseStreamP7GStringS3_P7PDFCore#1	NOLINE	BOUNDARY	same	same
_ZN6PDFDoc11displayPageEP9OutputDevP11LocalParamsiddiiiiPFiPvES4_#1	NOLINE	BOUNDARY	same	same
_ZN6PDFDoc12displayPagesEP9OutputDevP11LocalParamsiiddiiiiPFiPvES4_#1	NOLINE	BOUNDARY	same	same
_ZN6PDFDoc16displayPageSliceEP9OutputDevP11LocalParamsiddiiiiiiiiPFiPvES4_#1	NOLINE	BOUNDARY	same	same
_ZN6PDFDoc8getLinksEi#1	NOLINE	BOUNDARY	same	same
_ZN6PDFDoc12processLinksEP9OutputDevi#1	NOLINE	BOUNDARY	same	same
_ZN6PDFDoc20getOutlineTargetPageEP11OutlineItem#1	NOLINE	BOUNDARY	same	same
_ZN6PDFDoc12isLinearizedEv#1	NOLINE	BOUNDARY	same	same
_ZN6PDFDoc6saveAsEP7GString#1	NOLINE	BOUNDARY	same	same
_ZN6PDFDoc17saveEmbeddedFile2EiP8_IO_FILE#1	NOLINE	BOUNDARY	same	same
_ZN6PDFDoc16saveEmbeddedFileEiPKc#1	NOLINE	BOUNDARY	same	same
_ZN6PDFDoc17saveEmbeddedFileUEiPKc#1	NOLINE	BOUNDARY	same	same
_ZN6PDFDoc18getEmbeddedFileMemEiPi#1	NOLINE	BOUNDARY	same	same
_ZN10BaseStream11getFileNameEv#1	NOLINE	BOUNDARY	same	same
_ZN23StandardSecurityHandler18getPermissionFlagsEv#1	NOLINE	BOUNDARY	same	same
_ZN23StandardSecurityHandler18getOwnerPasswordOkEv#1	NOLINE	BOUNDARY	same	same
_ZN23StandardSecurityHandler10getFileKeyEv#1	NOLINE	BOUNDARY	same	same
_ZN23StandardSecurityHandler16getFileKeyLengthEv#1	NOLINE	BOUNDARY	same	same
_ZN23StandardSecurityHandler13getEncVersionEv#1	NOLINE	BOUNDARY	same	same
_ZN23StandardSecurityHandler15getEncAlgorithmEv#1	NOLINE	BOUNDARY	same	same
_ZN12PDFRectangle6clipToEPS_#1	NOLINE	BOUNDARY	same	same
_ZN9PageAttrsC1Ev#1	NOLINE	BOUNDARY	same	same
_ZN9PageAttrsD1Ev#1	NOLINE	BOUNDARY	same	same
_ZN9PageAttrs9clipBoxesEv#1	NOLINE	BOUNDARY	same	same
_ZN9PageAttrs7readBoxEP4DictPKcP12PDFRectangle#1	NOLINE	BOUNDARY	same	same
_ZN9PageAttrsC1EPS_P4DictP4XRef#1	NOLINE	BOUNDARY	same	same
_ZN4PageC1EP6PDFDociP4DictP9PageAttrs#1	NOLINE	BOUNDARY	same	same
_ZN4PageC1EP6PDFDoci#1	NOLINE	BOUNDARY	same	same
_ZN4PageD1Ev#1	NOLINE	BOUNDARY	same	same
_ZN4Page8getLinksEv#1	NOLINE	BOUNDARY	same	same
_ZN4Page7displayEP9OutputDevP11LocalParamsddiiiiPFiPvES4_#1	NOLINE	BOUNDARY	same	same
_ZN4Page12displaySliceEP9OutputDevP11LocalParamsddiiiiiiiiPFiPvES4_#1	NOLINE	BOUNDARY	same	same
_ZN4Page7makeBoxEddiiiddddP12PDFRectanglePi#1	NOLINE	BOUNDARY	same	same
_ZN4Page12processLinksEP9OutputDev#1	NOLINE	BOUNDARY	changed	same
_ZN4Page13getDefaultCTMEPdddiii#1	NOLINE	BOUNDARY	same	same
_ZN9OutputDev11processLinkEP4Link#1	NOLINE	BOUNDARY	same	same
_ZN6ParserC1EP4XRefP5Lexeri#1	NOLINE	BOUNDARY	same	same
_ZN6ParserD1Ev#1	NOLINE	BOUNDARY	same	same
_ZN6Parser10makeStreamEP6ObjectPh14CryptAlgorithmiiii#1	NOLINE	BOUNDARY	changed	same
_ZN6Parser5shiftEv#1	NOLINE	BOUNDARY	same	same
_ZN6Parser6getObjEP6ObjectiPh14CryptAlgorithmiiii#1	NOLINE	BOUNDARY	same	same
_ZN23StandardSecurityHandler13isUnencryptedEv#1	NOLINE	BOUNDARY	same	same
_ZN23StandardSecurityHandlerD1Ev#1	NOLINE	BOUNDARY	same	same
_ZN23StandardSecurityHandlerD0Ev#1	NOLINE	BOUNDARY	same	same
_ZN23StandardSecurityHandler12freeAuthDataEPv.part.0#1	NOLINE	BOUNDARY	same	same
_ZN23StandardSecurityHandler12freeAuthDataEPv#1	NOLINE	BOUNDARY	same	same
_ZN23StandardSecurityHandler9authorizeEPv#1	NOLINE	BOUNDARY	same	same
_ZN23StandardSecurityHandler11getAuthDataEv#1	NOLINE	BOUNDARY	same	same
_ZN23StandardSecurityHandler12makeAuthDataEP7GStringS1_#1	NOLINE	BOUNDARY	same	same
_ZN15SecurityHandlerC1EP6PDFDoc#1	NOLINE	BOUNDARY	same	same
_ZN15SecurityHandlerD1Ev#1	NOLINE	BOUNDARY	same	same
_ZN15SecurityHandlerD0Ev#1	NOLINE	BOUNDARY	same	same
_ZN15SecurityHandler15checkEncryptionEP7GStringS1_#1	NOLINE	BOUNDARY	same	same
_ZN23StandardSecurityHandlerC1EP6PDFDocP6Object#1	NOLINE	BOUNDARY	same	same
_ZN15SecurityHandler4makeEP6PDFDocP6Object#1	NOLINE	BOUNDARY	same	same
_ZN7PDFCore11getPasswordEv#1	NOLINE	BOUNDARY	same	same
_ZN15SecurityHandler13isUnencryptedEv#1	NOLINE	BOUNDARY	same	same
_ZN6Object6isNameEPKc#1	NOLINE	BOUNDARY	same	same
_ZN6Stream5closeEv#1	NOLINE	BOUNDARY	same	same
_ZN6Stream8getBlockEPci#1	NOLINE	BOUNDARY	same	same
_ZN6Stream12discardCharsEj#1	NOLINE	BOUNDARY	same	same
_ZN12FilterStream5closeEv#1	NOLINE	BOUNDARY	same	same
_ZN10FileStream5resetEv#1	NOLINE	BOUNDARY	same	same
_ZN10FileStream9moveStartEi#1	NOLINE	BOUNDARY	same	same
_ZN9MemStream5resetEv#1	NOLINE	BOUNDARY	same	same
_ZN9MemStream6setPosEli#1	NOLINE	BOUNDARY	same	same
_ZN9MemStream9moveStartEi#1	NOLINE	BOUNDARY	same	same
_ZN11EmbedStream7getCharEv#1	NOLINE	BOUNDARY	same	same
_ZN11EmbedStream8lookCharEv#1	NOLINE	BOUNDARY	same	same
_ZN11EmbedStream8getBlockEPci#1	NOLINE	BOUNDARY	same	same
_ZN14ASCIIHexStreamD1Ev#1	NOLINE	BOUNDARY	same	same
_ZN14ASCIIHexStream5resetEv#1	NOLINE	BOUNDARY	same	same
_ZN14ASCIIHexStream8isBinaryEi#1	NOLINE	BOUNDARY	same	same
_ZN13ASCII85StreamD1Ev#1	NOLINE	BOUNDARY	same	same
_ZN13ASCII85Stream5resetEv#1	NOLINE	BOUNDARY	same	same
_ZN13ASCII85Stream8isBinaryEi#1	NOLINE	BOUNDARY	same	same
_ZN9LZWStream32disableDecompressionBombCheckingEv#1	NOLINE	BOUNDARY	same	same
_ZN9LZWStream8isBinaryEi#1	NOLINE	BOUNDARY	same	same
_ZN15RunLengthStreamD1Ev#1	NOLINE	BOUNDARY	same	same
_ZN15RunLengthStream5resetEv#1	NOLINE	BOUNDARY	same	same
_ZN15RunLengthStream8isBinaryEi#1	NOLINE	BOUNDARY	same	same
_ZN14CCITTFaxStream8isBinaryEi#1	NOLINE	BOUNDARY	same	same
_ZN9DCTStream8isBinaryEi#1	NOLINE	BOUNDARY	same	same
_ZN11FlateStream32disableDecompressionBombCheckingEv#1	NOLINE	BOUNDARY	same	same
_ZN11FlateStream8isBinaryEi#1	NOLINE	BOUNDARY	same	same
_ZN9EOFStreamD1Ev#1	NOLINE	BOUNDARY	same	same
_ZN9BufStream5resetEv#1	NOLINE	BOUNDARY	changed	same
_ZN9BufStream7getCharEv#1	NOLINE	BOUNDARY	changed	same
_ZN9BufStream8lookCharEv#1	NOLINE	BOUNDARY	same	same
_ZN9BufStream8isBinaryEi#1	NOLINE	BOUNDARY	same	same
_ZN18FixedLengthEncoder5resetEv#1	NOLINE	BOUNDARY	same	same
_ZN18FixedLengthEncoder7getCharEv#1	NOLINE	BOUNDARY	same	same
_ZN18FixedLengthEncoder8lookCharEv#1	NOLINE	BOUNDARY	same	same
_ZN18FixedLengthEncoder8isBinaryEi#1	NOLINE	BOUNDARY	same	same
_ZN15ASCIIHexEncoder5resetEv#1	NOLINE	BOUNDARY	same	same
_ZN14ASCII85Encoder5resetEv#1	NOLINE	BOUNDARY	same	same
_ZN16RunLengthEncoder5resetEv#1	NOLINE	BOUNDARY	same	same
_ZN10LZWEncoder5resetEv#1	NOLINE	BOUNDARY	same	same
_ZN6Stream10getRawCharEv#1	NOLINE	BOUNDARY	same	same
_ZN12FilterStream6setPosEli#1	NOLINE	BOUNDARY	same	same
_ZN11EmbedStream13makeSubStreamElilP6Object#1	NOLINE	BOUNDARY	same	same
_ZN11EmbedStream6setPosEli#1	NOLINE	BOUNDARY	same	same
_ZN11EmbedStream8getStartEv#1	NOLINE	BOUNDARY	same	same
_ZN11EmbedStream9moveStartEi#1	NOLINE	BOUNDARY	same	same
_ZN18FixedLengthEncoder4copyEv#1	NOLINE	BOUNDARY	same	same
_ZN15ASCIIHexEncoder4copyEv#1	NOLINE	BOUNDARY	same	same
_ZN14ASCII85Encoder4copyEv#1	NOLINE	BOUNDARY	same	same
_ZN16RunLengthEncoder4copyEv#1	NOLINE	BOUNDARY	same	same
_ZN10LZWEncoder4copyEv#1	NOLINE	BOUNDARY	same	same
_ZN10FileStream13makeSubStreamElilP6Object#1	NOLINE	BOUNDARY	same	same
_ZN9MemStream13makeSubStreamElilP6Object#1	NOLINE	BOUNDARY	same	same
_ZN14ASCIIHexStream4copyEv#1	NOLINE	BOUNDARY	same	same
_ZN13ASCII85Stream4copyEv#1	NOLINE	BOUNDARY	same	same
_ZN15RunLengthStream4copyEv#1	NOLINE	BOUNDARY	same	same
_ZN9EOFStream4copyEv#1	NOLINE	BOUNDARY	same	same
_ZN6Stream11getPSFilterEiPKci#1	NOLINE	BOUNDARY	same	same
_ZN11EmbedStreamD1Ev#1	NOLINE	BOUNDARY	same	same
_ZN11EmbedStreamD0Ev#1	NOLINE	BOUNDARY	same	same
_ZN9BufStream4copyEv#1	NOLINE	BOUNDARY	same	same
_ZN9DCTStream5closeEv#1	NOLINE	BOUNDARY	same	same
_ZN9DCTStreamD1Ev#1	NOLINE	BOUNDARY	same	same
_ZN9MemStreamD1Ev#1	NOLINE	BOUNDARY	same	same
_ZN14CCITTFaxStreamD1Ev#1	NOLINE	BOUNDARY	same	same
_ZN9BufStreamD1Ev#1	NOLINE	BOUNDARY	same	same
_ZN9LZWStreamD1Ev#1	NOLINE	BOUNDARY	same	same
_ZN9LZWStreamD0Ev#1	NOLINE	BOUNDARY	same	same
_ZN11FlateStreamD1Ev#1	NOLINE	BOUNDARY	same	same
_ZN11FlateStreamD0Ev#1	NOLINE	BOUNDARY	same	same
_ZN9MemStream8getBlockEPci#1	NOLINE	BOUNDARY	same	same
_ZN10FileStream4copyEv#1	NOLINE	BOUNDARY	same	same
_ZN9MemStream4copyEv#1	NOLINE	BOUNDARY	same	same
_ZN11EmbedStream4copyEv#1	NOLINE	BOUNDARY	same	same
_ZN14ASCIIHexStream11getPSFilterEiPKci#1	NOLINE	BOUNDARY	same	same
_ZN13ASCII85Stream11getPSFilterEiPKci#1	NOLINE	BOUNDARY	same	same
_ZN15RunLengthStream11getPSFilterEiPKci#1	NOLINE	BOUNDARY	same	same
_ZN13ASCII85Stream8lookCharEv#1	NOLINE	BOUNDARY	changed	same
_ZN14CCITTFaxStream11getPSFilterEiPKci#1	NOLINE	BOUNDARY	same	same
_ZN6Stream7getLineEPci#1	NOLINE	BOUNDARY	changed	same
_ZN9LZWStream11getPSFilterEiPKci#1	NOLINE	BOUNDARY	changed	same
_ZN11FlateStream11getPSFilterEiPKci#1	NOLINE	BOUNDARY	same	same
_ZN18FixedLengthEncoderD1Ev#1	NOLINE	BOUNDARY	same	same
_ZN18FixedLengthEncoderD0Ev#1	NOLINE	BOUNDARY	same	same
_ZN15ASCIIHexEncoderD1Ev#1	NOLINE	BOUNDARY	same	same
_ZN15ASCIIHexEncoderD0Ev#1	NOLINE	BOUNDARY	same	same
_ZN14ASCII85EncoderD1Ev#1	NOLINE	BOUNDARY	same	same
_ZN14ASCII85EncoderD0Ev#1	NOLINE	BOUNDARY	same	same
_ZN16RunLengthEncoderD1Ev#1	NOLINE	BOUNDARY	same	same
_ZN16RunLengthEncoderD0Ev#1	NOLINE	BOUNDARY	same	same
_ZN10LZWEncoderD1Ev#1	NOLINE	BOUNDARY	same	same
_ZN10LZWEncoderD0Ev#1	NOLINE	BOUNDARY	same	same
_ZN15RunLengthStream7fillBufEv.part.0#1	NOLINE	BOUNDARY	same	changed
_ZN15RunLengthStream8getBlockEPci#1	NOLINE	BOUNDARY	same	same
_ZN15ASCIIHexEncoder7fillBufEv.part.0#1	NOLINE	BOUNDARY	same	changed
_ZN14ASCII85Encoder7fillBufEv.part.0#1	NOLINE	BOUNDARY	same	changed
_ZN16RunLengthEncoder7fillBufEv.part.0#1	NOLINE	BOUNDARY	changed	changed
_ZN10LZWEncoder7fillBufEv.part.0#1	NOLINE	BOUNDARY	changed	same
_ZN10FileStreamD1Ev#1	NOLINE	BOUNDARY	changed	same
_ZN10FileStreamD0Ev#1	NOLINE	BOUNDARY	same	same
_ZN9MemStreamD0Ev#1	NOLINE	BOUNDARY	same	same
_ZN13ASCII85StreamD0Ev#1	NOLINE	BOUNDARY	same	same
_ZN14ASCIIHexStreamD0Ev#1	NOLINE	BOUNDARY	same	same
_ZN15RunLengthStreamD0Ev#1	NOLINE	BOUNDARY	same	same
_ZN9EOFStreamD0Ev#1	NOLINE	BOUNDARY	same	same
_ZN10FileStream6setPosEli#1	NOLINE	BOUNDARY	same	same
_ZN9DCTStreamD0Ev#1	NOLINE	BOUNDARY	same	same
_ZN9BufStreamD0Ev#1	NOLINE	BOUNDARY	same	same
_ZN9LZWStream5resetEv#1	NOLINE	BOUNDARY	same	same
_ZN14CCITTFaxStreamD0Ev#1	NOLINE	BOUNDARY	same	same
_ZN10LZWEncoder8lookCharEv#1	NOLINE	BOUNDARY	same	same
_ZN10LZWEncoder7getCharEv#1	NOLINE	BOUNDARY	same	same
_ZN14ASCIIHexStream8lookCharEv.part.0#1	NOLINE	BOUNDARY	same	same
_ZN14ASCIIHexStream8lookCharEv#1	NOLINE	BOUNDARY	same	same
_ZN11FlateStream5resetEv#1	NOLINE	BOUNDARY	same	same
_ZN6StreamC1Ev#1	NOLINE	BOUNDARY	same	same
_ZN6StreamD1Ev#1	NOLINE	BOUNDARY	same	same
_ZN6StreamD0Ev#1	NOLINE	BOUNDARY	same	same
_ZN10BaseStreamC1EP6Object#1	NOLINE	BOUNDARY	same	same
_ZN10BaseStreamD1Ev#1	NOLINE	BOUNDARY	same	same
_ZN10BaseStreamD0Ev#1	NOLINE	BOUNDARY	same	same
_ZN12FilterStreamC1EP6Stream#1	NOLINE	BOUNDARY	same	same
_ZN12FilterStreamD1Ev#1	NOLINE	BOUNDARY	same	same
_ZN12FilterStreamD0Ev#1	NOLINE	BOUNDARY	same	same
_ZN11ImageStreamC1EP6Streamiii#1	NOLINE	BOUNDARY	same	same
_ZN11ImageStreamD1Ev#1	NOLINE	BOUNDARY	same	same
_ZN11ImageStream5resetEv#1	NOLINE	BOUNDARY	same	same
_ZN11ImageStream5closeEv#1	NOLINE	BOUNDARY	same	same
_ZN11ImageStream7getLineEv#1	NOLINE	BOUNDARY	changed	changed
_ZN11ImageStream8getPixelEPh#1	NOLINE	BOUNDARY	changed	same
_ZN11ImageStream8skipLineEv#1	NOLINE	BOUNDARY	same	same
_ZN15StreamPredictorC1EP6Streamiiii#1	NOLINE	BOUNDARY	same	same
_ZN15StreamPredictorD1Ev#1	NOLINE	BOUNDARY	same	same
_ZN15StreamPredictor5resetEv#1	NOLINE	BOUNDARY	same	same
_ZN15StreamPredictor11getNextLineEv#1	NOLINE	BOUNDARY	changed	same
_ZN15StreamPredictor8lookCharEv#1	NOLINE	BOUNDARY	same	same
_ZN15StreamPredictor7getCharEv#1	NOLINE	BOUNDARY	same	same
_ZN15StreamPredictor8getBlockEPci#1	NOLINE	BOUNDARY	same	same
_ZN10SharedFileC1EP8_IO_FILE#1	NOLINE	BOUNDARY	same	same
_ZN10SharedFileD1Ev#1	NOLINE	BOUNDARY	same	same
_ZN10SharedFile4copyEv#1	NOLINE	BOUNDARY	same	same
_ZN10SharedFile4freeEv#1	NOLINE	BOUNDARY	same	same
_ZN10SharedFile9readBlockEPcli#1	NOLINE	BOUNDARY	same	same
_ZN10SharedFile7getSizeEv#1	NOLINE	BOUNDARY	same	same
_ZN10FileStreamC1EP8_IO_FILElilP6Object#1	NOLINE	BOUNDARY	same	same
_ZN10FileStreamC1EP10SharedFilelilP6Object#1	NOLINE	BOUNDARY	same	same
_ZN10FileStream7fillBufEv#1	NOLINE	BOUNDARY	changed	same
_ZN10FileStream8getBlockEPci#1	NOLINE	BOUNDARY	same	same
_ZN9MemStreamC1EPcjjP6Object#1	NOLINE	BOUNDARY	same	same
_ZN11EmbedStreamC1EP6StreamP6Objectil#1	NOLINE	BOUNDARY	same	same
_ZN14ASCIIHexStreamC1EP6Stream#1	NOLINE	BOUNDARY	same	same
_ZN13ASCII85StreamC1EP6Stream#1	NOLINE	BOUNDARY	same	same
_ZN9LZWStreamC1EP6Streamiiiii#1	NOLINE	BOUNDARY	same	same
_ZN9LZWStream4copyEv#1	NOLINE	BOUNDARY	same	same
_ZN9LZWStream10clearTableEv#1	NOLINE	BOUNDARY	same	same
_ZN9LZWStream7getCodeEv#1	NOLINE	BOUNDARY	same	same
_ZN9LZWStream15processNextCodeEv.part.0#1	NOLINE	BOUNDARY	changed	same
_ZN9LZWStream15processNextCodeEv#1	NOLINE	BOUNDARY	changed	same
_ZN9LZWStream7getCharEv#1	NOLINE	BOUNDARY	changed	same
_ZN9LZWStream8lookCharEv#1	NOLINE	BOUNDARY	same	same
_ZN9LZWStream10getRawCharEv#1	NOLINE	BOUNDARY	same	same
_ZN9LZWStream8getBlockEPci#1	NOLINE	BOUNDARY	same	same
_ZN15RunLengthStreamC1EP6Stream#1	NOLINE	BOUNDARY	same	same
_ZN15RunLengthStream7fillBufEv#1	NOLINE	BOUNDARY	same	same
_ZN14CCITTFaxStreamC1EP6Streamiiiiiii#1	NOLINE	BOUNDARY	same	same
_ZN14CCITTFaxStream4copyEv#1	NOLINE	BOUNDARY	same	same
_ZN14CCITTFaxStream8lookBitsEi#1	NOLINE	BOUNDARY	same	same
_ZN14CCITTFaxStream5resetEv#1	NOLINE	BOUNDARY	same	same
_ZN14CCITTFaxStream13getTwoDimCodeEv#1	NOLINE	BOUNDARY	same	same
_ZN14CCITTFaxStream12getWhiteCodeEv#1	NOLINE	BOUNDARY	same	same
_ZN14CCITTFaxStream12getBlackCodeEv#1	NOLINE	BOUNDARY	same	same
_ZN14CCITTFaxStream7readRowEv.part.0#1	NOLINE	BOUNDARY	changed	same
_ZN14CCITTFaxStream7readRowEv#1	NOLINE	BOUNDARY	changed	same
_ZN14CCITTFaxStream7getCharEv#1	NOLINE	BOUNDARY	changed	same
_ZN14CCITTFaxStream8lookCharEv#1	NOLINE	BOUNDARY	changed	same
_ZN14CCITTFaxStream8getBlockEPci#1	NOLINE	BOUNDARY	changed	same
_ZN9DCTStreamC1EP6Streami#1	NOLINE	BOUNDARY	same	same
_ZN9DCTStream4copyEv#1	NOLINE	BOUNDARY	same	same
_ZN9DCTStream7restartEv#1	NOLINE	BOUNDARY	same	same
_ZN9DCTStream17transformDataUnitEPtPiPh#1	NOLINE	BOUNDARY	changed	same
_ZN9DCTStream11decodeImageEv#1	NOLINE	BOUNDARY	changed	same
_ZN9DCTStream7readBitEv#1	NOLINE	BOUNDARY	same	same
_ZN9DCTStream11readHuffSymEP12DCTHuffTable#1	NOLINE	BOUNDARY	changed	same
_ZN9DCTStream7readAmpEi#1	NOLINE	BOUNDARY	changed	same
_ZN9DCTStream12readDataUnitEP12DCTHuffTableS1_PiS2_#1	NOLINE	BOUNDARY	changed	same
_ZN9DCTStream23readProgressiveDataUnitEP12DCTHuffTableS1_PiS2_#1	NOLINE	BOUNDARY	changed	same
_ZN9DCTStream10readMarkerEv#1	NOLINE	BOUNDARY	same	same
_ZN9DCTStream10readMCURowEv#1	NOLINE	BOUNDARY	changed	same
_ZN9DCTStream8readScanEv#1	NOLINE	BOUNDARY	changed	same
_ZN9DCTStream11readTrailerEv#1	NOLINE	BOUNDARY	same	same
_ZN9DCTStream6read16Ev#1	NOLINE	BOUNDARY	same	same
_ZN9DCTStream15readBaselineSOFEv#1	NOLINE	BOUNDARY	same	same
_ZN9DCTStream18readProgressiveSOFEv#1	NOLINE	BOUNDARY	same	same
_ZN9DCTStream12readScanInfoEv#1	NOLINE	BOUNDARY	same	same
_ZN9DCTStream15readQuantTablesEv#1	NOLINE	BOUNDARY	same	same
_ZN9DCTStream17readHuffmanTablesEv#1	NOLINE	BOUNDARY	changed	same
_ZN9DCTStream19readRestartIntervalEv#1	NOLINE	BOUNDARY	same	same
_ZN9DCTStream14readJFIFMarkerEv#1	NOLINE	BOUNDARY	same	same
_ZN9DCTStream15readAdobeMarkerEv#1	NOLINE	BOUNDARY	same	changed
_ZN9DCTStream10readHeaderEi#1	NOLINE	BOUNDARY	same	same
_ZN9DCTStream5resetEv#1	NOLINE	BOUNDARY	same	same
_ZN9DCTStream26checkSequentialInterleavedEv#1	NOLINE	BOUNDARY	same	same
_ZN9DCTStream11getPSFilterEiPKci#1	NOLINE	BOUNDARY	same	same
_ZN9DCTStream7prepareEv#1	NOLINE	BOUNDARY	same	same
_ZN9DCTStream7getCharEv#1	NOLINE	BOUNDARY	same	same
_ZN9DCTStream8lookCharEv#1	NOLINE	BOUNDARY	same	same
_ZN9DCTStream8getBlockEPci#1	NOLINE	BOUNDARY	same	same
_ZN11FlateStreamC1EP6Streamiiii#1	NOLINE	BOUNDARY	same	same
_ZN11FlateStream4copyEv#1	NOLINE	BOUNDARY	same	same
_ZN6Stream10makeFilterEPcPS_P6ObjectiPi#1	NOLINE	BOUNDARY	same	same
_ZN6Stream10addFiltersEP6Objecti#1	NOLINE	BOUNDARY	same	same
_ZN11FlateStream14loadFixedCodesEv#1	NOLINE	BOUNDARY	same	same
_ZN11FlateStream16compHuffmanCodesEPiiP15FlateHuffmanTab#1	NOLINE	BOUNDARY	changed	same
_ZN11FlateStream18getHuffmanCodeWordEP15FlateHuffmanTab#1	NOLINE	BOUNDARY	changed	same
_ZN11FlateStream11getCodeWordEi#1	NOLINE	BOUNDARY	same	same
_ZN11FlateStream16readDynamicCodesEv#1	NOLINE	BOUNDARY	changed	same
_ZN11FlateStream10startBlockEv#1	NOLINE	BOUNDARY	same	same
_ZN11FlateStream8readSomeEv#1	NOLINE	BOUNDARY	changed	same
_ZN11FlateStream7getCharEv#1	NOLINE	BOUNDARY	same	same
_ZN11FlateStream8lookCharEv#1	NOLINE	BOUNDARY	same	same
_ZN11FlateStream10getRawCharEv#1	NOLINE	BOUNDARY	same	same
_ZN11FlateStream8getBlockEPci#1	NOLINE	BOUNDARY	same	same
_ZN9EOFStreamC1EP6Stream#1	NOLINE	BOUNDARY	same	same
_ZN9BufStreamC1EP6Streami#1	NOLINE	BOUNDARY	same	same
_ZN9BufStream8lookCharEi#1	NOLINE	BOUNDARY	same	same
_ZN18FixedLengthEncoderC1EP6Streami#1	NOLINE	BOUNDARY	same	same
_ZN15ASCIIHexEncoderC1EP6Stream#1	NOLINE	BOUNDARY	same	same
_ZN15ASCIIHexEncoder7fillBufEv#1	NOLINE	BOUNDARY	same	same
_ZN14ASCII85EncoderC1EP6Stream#1	NOLINE	BOUNDARY	same	same
_ZN14ASCII85Encoder7fillBufEv#1	NOLINE	BOUNDARY	same	same
_ZN16RunLengthEncoderC1EP6Stream#1	NOLINE	BOUNDARY	same	same
_ZN16RunLengthEncoder7fillBufEv#1	NOLINE	BOUNDARY	same	same
_ZN10LZWEncoderC1EP6Stream#1	NOLINE	BOUNDARY	same	same
_ZN10LZWEncoder7fillBufEv#1	NOLINE	BOUNDARY	same	same
_ZN6Stream13isEmbedStreamEv#1	NOLINE	BOUNDARY	same	same
_ZN6Stream32disableDecompressionBombCheckingEv#1	NOLINE	BOUNDARY	same	same
_ZN6Stream20hasStrongCompressionEv#1	NOLINE	BOUNDARY	same	same
_ZN6Stream9isEncoderEv#1	NOLINE	BOUNDARY	same	same
_ZN6Stream14getImageParamsEPiP20StreamColorSpaceMode#1	NOLINE	BOUNDARY	same	same
_ZN6Stream13getNextStreamEv#1	NOLINE	BOUNDARY	same	same
_ZN10BaseStream8isBinaryEi#1	NOLINE	BOUNDARY	same	same
_ZN10BaseStream13getBaseStreamEv#1	NOLINE	BOUNDARY	same	same
_ZN10BaseStream18getUndecodedStreamEv#1	NOLINE	BOUNDARY	same	same
_ZN10BaseStream7getDictEv#1	NOLINE	BOUNDARY	same	same
_ZN12FilterStream32disableDecompressionBombCheckingEv#1	NOLINE	BOUNDARY	same	same
_ZN12FilterStream6getPosEv#1	NOLINE	BOUNDARY	same	same
_ZN12FilterStream13getBaseStreamEv#1	NOLINE	BOUNDARY	same	same
_ZN12FilterStream18getUndecodedStreamEv#1	NOLINE	BOUNDARY	same	same
_ZN12FilterStream7getDictEv#1	NOLINE	BOUNDARY	same	same
_ZN12FilterStream13getNextStreamEv#1	NOLINE	BOUNDARY	same	same
_ZN10FileStream7getKindEv#1	NOLINE	BOUNDARY	same	same
_ZN10FileStream6getPosEv#1	NOLINE	BOUNDARY	same	same
_ZN10FileStream8getStartEv#1	NOLINE	BOUNDARY	same	same
_ZN9MemStream7getKindEv#1	NOLINE	BOUNDARY	same	same
_ZN9MemStream7getCharEv#1	NOLINE	BOUNDARY	same	same
_ZN9MemStream8lookCharEv#1	NOLINE	BOUNDARY	same	same
_ZN9MemStream6getPosEv#1	NOLINE	BOUNDARY	same	same
_ZN9MemStream8getStartEv#1	NOLINE	BOUNDARY	same	same
_ZN11EmbedStream7getKindEv#1	NOLINE	BOUNDARY	same	same
_ZN11EmbedStream13isEmbedStreamEv#1	NOLINE	BOUNDARY	same	same
_ZN11EmbedStream5resetEv#1	NOLINE	BOUNDARY	same	same
_ZN11EmbedStream6getPosEv#1	NOLINE	BOUNDARY	same	same
_ZN14ASCIIHexStream7getKindEv#1	NOLINE	BOUNDARY	same	same
_ZN13ASCII85Stream7getKindEv#1	NOLINE	BOUNDARY	same	same
_ZN13ASCII85Stream7getCharEv#1	NOLINE	BOUNDARY	same	same
_ZN9LZWStream7getKindEv#1	NOLINE	BOUNDARY	same	same
_ZN9LZWStream20hasStrongCompressionEv#1	NOLINE	BOUNDARY	same	same
_ZN15RunLengthStream7getKindEv#1	NOLINE	BOUNDARY	same	same
_ZN14CCITTFaxStream7getKindEv#1	NOLINE	BOUNDARY	same	same
_ZN14CCITTFaxStream20hasStrongCompressionEv#1	NOLINE	BOUNDARY	same	same
_ZN9DCTStream7getKindEv#1	NOLINE	BOUNDARY	same	same
_ZN9DCTStream20hasStrongCompressionEv#1	NOLINE	BOUNDARY	same	same
_ZN11FlateStream7getKindEv#1	NOLINE	BOUNDARY	same	same
_ZN11FlateStream20hasStrongCompressionEv#1	NOLINE	BOUNDARY	same	same
_ZN9EOFStream7getKindEv#1	NOLINE	BOUNDARY	same	same
_ZN9EOFStream5resetEv#1	NOLINE	BOUNDARY	same	same
_ZN9EOFStream7getCharEv#1	NOLINE	BOUNDARY	same	same
_ZN9EOFStream8lookCharEv#1	NOLINE	BOUNDARY	same	same
_ZN9EOFStream8getBlockEPci#1	NOLINE	BOUNDARY	same	same
_ZN9EOFStream11getPSFilterEiPKci#1	NOLINE	BOUNDARY	same	same
_ZN9EOFStream8isBinaryEi#1	NOLINE	BOUNDARY	same	same
_ZN9BufStream7getKindEv#1	NOLINE	BOUNDARY	same	same
_ZN9BufStream11getPSFilterEiPKci#1	NOLINE	BOUNDARY	same	same
_ZN18FixedLengthEncoder7getKindEv#1	NOLINE	BOUNDARY	same	same
_ZN18FixedLengthEncoder11getPSFilterEiPKci#1	NOLINE	BOUNDARY	same	same
_ZN18FixedLengthEncoder9isEncoderEv#1	NOLINE	BOUNDARY	same	same
_ZN15ASCIIHexEncoder7getKindEv#1	NOLINE	BOUNDARY	same	same
_ZN15ASCIIHexEncoder11getPSFilterEiPKci#1	NOLINE	BOUNDARY	same	same
_ZN15ASCIIHexEncoder8isBinaryEi#1	NOLINE	BOUNDARY	same	same
_ZN15ASCIIHexEncoder9isEncoderEv#1	NOLINE	BOUNDARY	same	same
_ZN14ASCII85Encoder7getKindEv#1	NOLINE	BOUNDARY	same	same
_ZN14ASCII85Encoder11getPSFilterEiPKci#1	NOLINE	BOUNDARY	same	same
_ZN14ASCII85Encoder8isBinaryEi#1	NOLINE	BOUNDARY	same	same
_ZN14ASCII85Encoder9isEncoderEv#1	NOLINE	BOUNDARY	same	same
_ZN16RunLengthEncoder7getKindEv#1	NOLINE	BOUNDARY	same	same
_ZN16RunLengthEncoder11getPSFilterEiPKci#1	NOLINE	BOUNDARY	same	same
_ZN16RunLengthEncoder8isBinaryEi#1	NOLINE	BOUNDARY	same	same
_ZN16RunLengthEncoder9isEncoderEv#1	NOLINE	BOUNDARY	same	same
_ZN10LZWEncoder7getKindEv#1	NOLINE	BOUNDARY	same	same
_ZN10LZWEncoder11getPSFilterEiPKci#1	NOLINE	BOUNDARY	same	same
_ZN10LZWEncoder8isBinaryEi#1	NOLINE	BOUNDARY	same	same
_ZN10LZWEncoder9isEncoderEv#1	NOLINE	BOUNDARY	same	same
_ZN15RunLengthStream7getCharEv#1	NOLINE	BOUNDARY	same	same
_ZN15RunLengthStream8lookCharEv#1	NOLINE	BOUNDARY	same	same
_ZN15ASCIIHexEncoder7getCharEv#1	NOLINE	BOUNDARY	same	same
_ZN15ASCIIHexEncoder8lookCharEv#1	NOLINE	BOUNDARY	same	same
_ZN14ASCII85Encoder7getCharEv#1	NOLINE	BOUNDARY	same	same
_ZN14ASCII85Encoder8lookCharEv#1	NOLINE	BOUNDARY	same	same
_ZN16RunLengthEncoder7getCharEv#1	NOLINE	BOUNDARY	same	same
_ZN16RunLengthEncoder8lookCharEv#1	NOLINE	BOUNDARY	same	same
_ZN14ASCIIHexStream7getCharEv#1	NOLINE	BOUNDARY	same	same
_ZN10FileStream7getCharEv#1	NOLINE	BOUNDARY	same	same
_ZN10FileStream8lookCharEv#1	NOLINE	BOUNDARY	same	same
_ZN14CCITTFaxStream12addPixelsNegEii#1	NOLINE	BOUNDARY	changed	same
_ZN10TextStringC1Ev#1	NOLINE	BOUNDARY	same	same
_ZN10TextStringC1EPS_#1	NOLINE	BOUNDARY	same	same
_ZN10TextStringD1Ev#1	NOLINE	BOUNDARY	same	same
_ZN10TextString6appendEj#1	NOLINE	BOUNDARY	changed	same
_ZN10TextString6expandEi#1	NOLINE	BOUNDARY	changed	same
_ZN10TextString6insertEij#1	NOLINE	BOUNDARY	same	same
_ZN10TextString6insertEiPji#1	NOLINE	BOUNDARY	same	same
_ZN10TextString6insertEiP7GString.part.0#1	NOLINE	BOUNDARY	same	same
_ZN10TextString6insertEiP7GString#1	NOLINE	BOUNDARY	same	same
_ZN10TextStringC1EP7GString#1	NOLINE	BOUNDARY	same	same
_ZN10TextString6appendEP7GString#1	NOLINE	BOUNDARY	same	same
_ZN10TextString15toPDFTextStringEv#1	NOLINE	BOUNDARY	changed	same
_ZN10TextString6toUTF8Ev#1	NOLINE	BOUNDARY	changed	same
_ZN10UnicodeMap5parseEP7GString#1	NOLINE	BOUNDARY	same	same
_ZN10UnicodeMapC1EP7GString#1	NOLINE	BOUNDARY	same	same
_ZN10UnicodeMapC1EPKciP15UnicodeMapRangei#1	NOLINE	BOUNDARY	same	same
_ZN10UnicodeMapC1EPKciPFijPciE#1	NOLINE	BOUNDARY	same	same
_ZN10UnicodeMapD1Ev#1	NOLINE	BOUNDARY	same	same
_ZN10UnicodeMap9incRefCntEv#1	NOLINE	BOUNDARY	same	same
_ZN10UnicodeMap9decRefCntEv#1	NOLINE	BOUNDARY	same	same
_ZN10UnicodeMap5matchEP7GString#1	NOLINE	BOUNDARY	same	same
_ZN10UnicodeMap10mapUnicodeEjPci#1	NOLINE	BOUNDARY	changed	changed
_ZN15UnicodeMapCacheC1Ev#1	NOLINE	BOUNDARY	same	same
_ZN15UnicodeMapCacheD1Ev#1	NOLINE	BOUNDARY	same	same
_ZN15UnicodeMapCache13getUnicodeMapEP7GString#1	NOLINE	BOUNDARY	changed	same
_ZN16UnicodeRemapping12addRemappingEjPji.part.0#1	NOLINE	BOUNDARY	same	same
_ZN16UnicodeRemappingC1Ev#1	NOLINE	BOUNDARY	same	same
_ZN16UnicodeRemappingD1Ev#1	NOLINE	BOUNDARY	same	same
_ZN16UnicodeRemapping12addRemappingEjPji#1	NOLINE	BOUNDARY	same	same
_ZN16UnicodeRemapping9parseFileEP7GString#1	NOLINE	BOUNDARY	same	same
_ZN16UnicodeRemapping8findSMapEj#1	NOLINE	BOUNDARY	same	same
_ZN16UnicodeRemapping3mapEjPji#1	NOLINE	BOUNDARY	same	same
_Z7mapUTF8jPci#1	NOLINE	BOUNDARY	same	same
_Z7mapUCS2jPci#1	NOLINE	BOUNDARY	same	same
_Z7getUTF8P7GStringPiPj#1	NOLINE	BOUNDARY	same	changed
_Z10getUTF16BEP7GStringPiPj#1	NOLINE	BOUNDARY	changed	changed
_Z10getUTF16LEP7GStringPiPj#1	NOLINE	BOUNDARY	changed	changed
_ZN10XRefPosSetC1Ev#1	NOLINE	BOUNDARY	same	same
_ZN10XRefPosSetD1Ev#1	NOLINE	BOUNDARY	same	same
_ZN10XRefPosSet3addEl#1	NOLINE	BOUNDARY	changed	same
_ZN10XRefPosSet5checkEl#1	NOLINE	BOUNDARY	same	same
_ZN10XRefPosSet4findEl#1	NOLINE	BOUNDARY	same	same
_ZN12ObjectStreamD1Ev#1	NOLINE	BOUNDARY	changed	same
_ZN12ObjectStream9getObjectEiiP6Object#1	NOLINE	BOUNDARY	same	same
_ZN4XRefD1Ev#1	NOLINE	BOUNDARY	same	same
_ZN4XRef12getStartXrefEv#1	NOLINE	BOUNDARY	changed	changed
_ZN4XRef21readXRefStreamSectionEP6StreamPiii#1	NOLINE	BOUNDARY	changed	changed
_ZN4XRef14readXRefStreamEP6StreamPl#1	NOLINE	BOUNDARY	same	same
_ZN4XRef8readXRefEPlP10XRefPosSeti#1	NOLINE	BOUNDARY	same	changed
_ZN4XRef13readXRefTableEPliP10XRefPosSet#1	NOLINE	BOUNDARY	changed	same
_ZN4XRef15saveTrailerDictEP4Dicti#1	NOLINE	BOUNDARY	same	same
_ZN4XRef20constructTrailerDictEl#1	NOLINE	BOUNDARY	same	same
_ZN4XRef18constructXRefEntryEiil13XRefEntryType#1	NOLINE	BOUNDARY	same	same
_ZN4XRef20constructObjectEntryEPclPi#1	NOLINE	BOUNDARY	changed	changed
_ZN4XRef28constructObjectStreamEntriesEP6Objecti#1	NOLINE	BOUNDARY	changed	changed
_ZN4XRef13setEncryptionEiiPhii14CryptAlgorithm#1	NOLINE	BOUNDARY	changed	changed
_ZN4XRef13getEncryptionEPiS0_S0_S0_P14CryptAlgorithm#1	NOLINE	BOUNDARY	same	same
_ZN4XRef9okToPrintEi#1	NOLINE	BOUNDARY	same	same
_ZN4XRef10okToChangeEi#1	NOLINE	BOUNDARY	same	same
_ZN4XRef8okToCopyEi#1	NOLINE	BOUNDARY	same	same
_ZN4XRef12okToAddNotesEi#1	NOLINE	BOUNDARY	same	same
_ZN4XRef24getObjectStreamFromCacheEi#1	NOLINE	BOUNDARY	changed	same
_ZN4XRef22addObjectStreamToCacheEP12ObjectStream#1	NOLINE	BOUNDARY	changed	same
_ZN4XRef22cleanObjectStreamCacheEv#1	NOLINE	BOUNDARY	same	same
_ZN4XRef21getObjectStreamObjectEiiiP6Objecti#1	NOLINE	BOUNDARY	same	same
_ZN4XRef5fetchEiiP6Objecti#1	NOLINE	BOUNDARY	changed	same
_ZN12ObjectStreamC1EP4XRefii#1	NOLINE	BOUNDARY	changed	same
_ZN4XRef13constructXRefEv#1	NOLINE	BOUNDARY	changed	changed
_ZN4XRefC1EP10BaseStreami#1	NOLINE	BOUNDARY	same	same
_ZN4XRef10getDocInfoEP6Object#1	NOLINE	BOUNDARY	same	same
_ZN4XRef12getDocInfoNFEP6Object#1	NOLINE	BOUNDARY	same	same
_ZN4XRef12getStreamEndElPl#1	NOLINE	BOUNDARY	changed	same
_ZN4XRef15strToFileOffsetEPc#1	NOLINE	BOUNDARY	same	changed
_ZN5GHashC1Ei#1	NOLINE	BOUNDARY	same	same
_ZN5GHashD1Ev#1	NOLINE	BOUNDARY	changed	same
_ZN5GHash9startIterEPP9GHashIter#1	NOLINE	BOUNDARY	same	same
_ZN5GHash7getNextEPP9GHashIterPP7GStringPPv#1	NOLINE	BOUNDARY	changed	same
_ZN5GHash7getNextEPP9GHashIterPP7GStringPi#1	NOLINE	BOUNDARY	changed	same
_ZN5GHash8killIterEPP9GHashIter#1	NOLINE	BOUNDARY	same	same
_ZN5GHash6expandEv#1	NOLINE	BOUNDARY	same	same
_ZN5GHash3addEP7GStringPv#1	NOLINE	BOUNDARY	same	same
_ZN5GHash3addEP7GStringi#1	NOLINE	BOUNDARY	same	same
_ZN5GHash4findEP7GStringPi#1	NOLINE	BOUNDARY	same	same
_ZN5GHash7replaceEP7GStringPv#1	NOLINE	BOUNDARY	same	same
_ZN5GHash7replaceEP7GStringi#1	NOLINE	BOUNDARY	same	same
_ZN5GHash6lookupEP7GString#1	NOLINE	BOUNDARY	same	same
_ZN5GHash9lookupIntEP7GString#1	NOLINE	BOUNDARY	same	same
_ZN5GHash6removeEP7GString#1	NOLINE	BOUNDARY	same	same
_ZN5GHash9removeIntEP7GString#1	NOLINE	BOUNDARY	same	same
_ZN5GHash4findEPKcPi#1	NOLINE	BOUNDARY	same	changed
_ZN5GHash6lookupEPKc#1	NOLINE	BOUNDARY	same	same
_ZN5GHash9lookupIntEPKc#1	NOLINE	BOUNDARY	same	same
_ZN5GHash6removeEPKc#1	NOLINE	BOUNDARY	same	same
_ZN5GHash9removeIntEPKc#1	NOLINE	BOUNDARY	same	same
_ZN5GHash4hashEP7GString#1	NOLINE	BOUNDARY	same	same
_ZN5GHash4hashEPKc#1	NOLINE	BOUNDARY	same	changed
_ZN5GListC1Ev#1	NOLINE	BOUNDARY	same	same
_ZN5GListC1Ei#1	NOLINE	BOUNDARY	same	same
_ZN5GListD1Ev#1	NOLINE	BOUNDARY	same	same
_ZN5GList4copyEv#1	NOLINE	BOUNDARY	same	same
_ZN5GList6appendEPv#1	NOLINE	BOUNDARY	same	same
_ZN5GList6appendEPS_#1	NOLINE	BOUNDARY	changed	same
_ZN5GList6insertEiPv#1	NOLINE	BOUNDARY	same	same
_ZN5GList3delEi#1	NOLINE	BOUNDARY	changed	same
_ZN5GList4sortEPFiPKvS1_E#1	NOLINE	BOUNDARY	same	same
_ZN5GList4sortEiiPFiPKvS1_E#1	NOLINE	BOUNDARY	same	same
_ZN5GList7reverseEv#1	NOLINE	BOUNDARY	changed	same
_ZN5GList6expandEv#1	NOLINE	BOUNDARY	same	same
_ZN5GList6shrinkEv#1	NOLINE	BOUNDARY	same	same
_Z10getHomeDirv#1	NOLINE	BOUNDARY	same	same
_Z13getCurrentDirv#1	NOLINE	BOUNDARY	same	same
_Z12appendToPathP7GStringPKc#1	NOLINE	BOUNDARY	changed	changed
_Z8grabPathPc#1	NOLINE	BOUNDARY	changed	same
_Z14isAbsolutePathPc#1	NOLINE	BOUNDARY	same	changed
_Z16makePathAbsoluteP7GString#1	NOLINE	BOUNDARY	changed	changed
_Z10pathIsFilePKc#1	NOLINE	BOUNDARY	same	same
_Z9pathIsDirPKc#1	NOLINE	BOUNDARY	same	same
_Z10getModTimePc#1	NOLINE	BOUNDARY	changed	same
_Z9createDirPci#1	NOLINE	BOUNDARY	same	same
_Z14executeCommandPc#1	NOLINE	BOUNDARY	same	same
_Z8openFilePKcS0_#1	NOLINE	BOUNDARY	same	same
_Z7makeDirPKci#1	NOLINE	BOUNDARY	same	same
_Z7getLinePciP8_IO_FILE#1	NOLINE	BOUNDARY	changed	same
_Z6gfseekP8_IO_FILEli#1	NOLINE	BOUNDARY	same	same
_Z6gftellP8_IO_FILE#1	NOLINE	BOUNDARY	same	same
_ZN9MemReaderD1Ev#1	NOLINE	BOUNDARY	same	same
_ZN9MemReader7getByteEi#1	NOLINE	BOUNDARY	same	same
_ZN12StreamReaderD1Ev#1	NOLINE	BOUNDARY	same	same
_ZL11identifyCFFP6Readeri#1	NOLINE	BOUNDARY	changed	same
_ZL8identifyP6Reader#1	NOLINE	BOUNDARY	changed	same
_ZN9MemReaderD0Ev#1	NOLINE	BOUNDARY	same	same
_ZN12StreamReaderD0Ev#1	NOLINE	BOUNDARY	same	same
_ZN9MemReader3cmpEiPKc#1	NOLINE	BOUNDARY	same	same
_ZN10FileReaderD1Ev#1	NOLINE	BOUNDARY	same	same
_ZN10FileReaderD0Ev#1	NOLINE	BOUNDARY	same	same
_ZN9MemReader8getU16BEEiPi#1	NOLINE	BOUNDARY	changed	changed
_ZN9MemReader8getU32BEEiPj#1	NOLINE	BOUNDARY	changed	changed
_ZN9MemReader8getU32LEEiPj#1	NOLINE	BOUNDARY	changed	changed
_ZN9MemReader9getUVarBEEiiPj#1	NOLINE	BOUNDARY	changed	changed
_ZN10FileReader7getByteEi#1	NOLINE	BOUNDARY	changed	same
_ZN10FileReader8getU16BEEiPi#1	NOLINE	BOUNDARY	same	changed
_ZN10FileReader8getU32LEEiPj#1	NOLINE	BOUNDARY	changed	changed
_ZN10FileReader8getU32BEEiPj#1	NOLINE	BOUNDARY	changed	changed
_ZN9MemReader4makeEPci#1	NOLINE	BOUNDARY	changed	changed
_ZN9MemReaderC1EPci#1	NOLINE	BOUNDARY	same	same
_ZN10FileReader4makeEPc#1	NOLINE	BOUNDARY	same	same
_ZN10FileReaderC1EP8_IO_FILE#1	NOLINE	BOUNDARY	same	same
_ZN10FileReader7fillBufEii#1	NOLINE	BOUNDARY	same	same
_ZN10FileReader9getUVarBEEiiPj#1	NOLINE	BOUNDARY	changed	same
_ZN10FileReader3cmpEiPKc#1	NOLINE	BOUNDARY	same	same
_ZN12StreamReader4makeEPFiPvES0_#1	NOLINE	BOUNDARY	same	same
_ZN12StreamReaderC1EPFiPvES0_#1	NOLINE	BOUNDARY	same	same
_ZN12StreamReader7fillBufEii#1	NOLINE	BOUNDARY	changed	same
_ZN12StreamReader7getByteEi#1	NOLINE	BOUNDARY	same	same
_ZN12StreamReader8getU16BEEiPi#1	NOLINE	BOUNDARY	same	changed
_ZN12StreamReader8getU32BEEiPj#1	NOLINE	BOUNDARY	changed	changed
_ZN12StreamReader8getU32LEEiPj#1	NOLINE	BOUNDARY	changed	changed
_ZN12StreamReader9getUVarBEEiiPj#1	NOLINE	BOUNDARY	changed	same
_ZN12StreamReader3cmpEiPKc#1	NOLINE	BOUNDARY	same	same
_ZN14FoFiIdentifier11identifyMemEPci#1	NOLINE	BOUNDARY	same	same
_ZN14FoFiIdentifier12identifyFileEPc#1	NOLINE	BOUNDARY	same	same
_ZN14FoFiIdentifier14identifyStreamEPFiPvES0_#1	NOLINE	BOUNDARY	same	same
_ZN14FoFiIdentifier11getFontListEPc#1	NOLINE	BOUNDARY	changed	changed
_ZL21cmpTrueTypeLocaOffsetPKvS0_#1	NOLINE	BOUNDARY	same	same
_ZL18cmpTrueTypeLocaIdxPKvS0_#1	NOLINE	BOUNDARY	same	same
_ZL19cmpTrueTypeTableTagPKvS0_#1	NOLINE	BOUNDARY	same	same
_ZN12FoFiTrueTypeD1Ev#1	NOLINE	BOUNDARY	same	same
_ZN12FoFiTrueTypeD0Ev#1	NOLINE	BOUNDARY	same	same
_ZN12FoFiTrueType11getCFFBlockEPPcPi.part.0#1	NOLINE	BOUNDARY	same	changed
_ZN12FoFiTrueType11getNumCmapsEv#1	NOLINE	BOUNDARY	same	changed
_ZN12FoFiTrueType15getCmapPlatformEi#1	NOLINE	BOUNDARY	same	same
_ZN12FoFiTrueType15getCmapEncodingEi#1	NOLINE	BOUNDARY	same	same
_ZN12FoFiTrueType8findCmapEii#1	NOLINE	BOUNDARY	same	same
_ZN12FoFiTrueType12mapCodeToGIDEii#1	NOLINE	BOUNDARY	changed	same
_ZN12FoFiTrueType12mapNameToGIDEPc#1	NOLINE	BOUNDARY	changed	same
_ZN12FoFiTrueType11getCFFBlockEPPcPi#1	NOLINE	BOUNDARY	changed	changed
_ZN12FoFiTrueType14getCIDToGIDMapEPi#1	NOLINE	BOUNDARY	same	same
_ZN12FoFiTrueType18getEmbeddingRightsEv#1	NOLINE	BOUNDARY	changed	changed
_ZN12FoFiTrueType13getFontMatrixEPd#1	NOLINE	BOUNDARY	changed	same
_ZN12FoFiTrueType17checkForTrickyCJKEv#1	NOLINE	BOUNDARY	same	changed
_ZN12FoFiTrueType14convertToType1EPcPPKciPFvPvS2_iES4_#1	NOLINE	BOUNDARY	same	same
_ZN12FoFiTrueType17convertToCIDType0EPcPiiPFvPvPKciES2_#1	NOLINE	BOUNDARY	same	same
_ZN12FoFiTrueType14convertToType0EPcPiiPFvPvPKciES2_#1	NOLINE	BOUNDARY	same	same
_ZN12FoFiTrueType11cvtEncodingEPPcPFvPvPKciES2_#1	NOLINE	BOUNDARY	same	changed
_ZN12FoFiTrueType14cvtCharStringsEPPcPiPFvPvPKciES3_#1	NOLINE	BOUNDARY	same	same
_ZN12FoFiTrueType10dumpStringEPhiPFvPvPKciES1_#1	NOLINE	BOUNDARY	changed	same
_ZN12FoFiTrueType20computeTableChecksumEPhi#1	NOLINE	BOUNDARY	changed	same
_ZN12FoFiTrueType8writeTTFEPFvPvPKciES0_PcPiPhi#1	NOLINE	BOUNDARY	changed	changed
_ZN12FoFiTrueType8cvtSfntsEPFvPvPKciES0_P7GStringiPi#1	NOLINE	BOUNDARY	changed	changed
_ZN12FoFiTrueType15convertToType42EPcPS0_PiPFvPvPKciES3_#1	NOLINE	BOUNDARY	changed	changed
_ZN12FoFiTrueType17convertToCIDType2EPcPiiiPFvPvPKciES2_#1	NOLINE	BOUNDARY	changed	same
_ZN12FoFiTrueType14convertToType0EPcPiiiPFvPvPKciES2_#1	NOLINE	BOUNDARY	changed	same
_ZN12FoFiTrueType8parseTTCEiPi#1	NOLINE	BOUNDARY	same	same
_ZN12FoFiTrueType10parseDfontEiPiS0_#1	NOLINE	BOUNDARY	changed	same
_ZN12FoFiTrueType13readPostTableEv#1	NOLINE	BOUNDARY	changed	changed
_ZN12FoFiTrueType5parseEii#1	NOLINE	BOUNDARY	changed	changed
_ZN12FoFiTrueTypeC1EPciiiii#1	NOLINE	BOUNDARY	same	changed
_ZN12FoFiTrueType4makeEPciii#1	NOLINE	BOUNDARY	same	same
_ZN12FoFiTrueType4loadEPcii#1	NOLINE	BOUNDARY	same	changed
_ZN12FoFiTrueType9seekTableEPKc#1	NOLINE	BOUNDARY	same	changed
_ZN9FoFiType1D1Ev#1	NOLINE	BOUNDARY	same	same
_ZN9FoFiType1D0Ev#1	NOLINE	BOUNDARY	same	same
_ZN9FoFiType111getNextLineEPc#1	NOLINE	BOUNDARY	same	changed
_ZN9FoFiType112writeEncodedEPPKcPFvPvS1_iES3_#1	NOLINE	BOUNDARY	same	changed
_ZN9FoFiType15parseEv#1	NOLINE	BOUNDARY	changed	changed
_ZN9FoFiType17getNameEv#1	NOLINE	BOUNDARY	same	same
_ZN9FoFiType111getEncodingEv#1	NOLINE	BOUNDARY	same	same
_ZN9FoFiType113getFontMatrixEPd#1	NOLINE	BOUNDARY	same	same
_ZN9FoFiType17undoPFBEv#1	NOLINE	BOUNDARY	same	same
_ZN9FoFiType1C1EPcii#1	NOLINE	BOUNDARY	same	same
_ZN9FoFiType14makeEPci#1	NOLINE	BOUNDARY	same	same
_ZN9FoFiType14loadEPc#1	NOLINE	BOUNDARY	same	same
_ZN10FoFiType1CD1Ev#1	NOLINE	BOUNDARY	same	same
_ZN10FoFiType1CD0Ev#1	NOLINE	BOUNDARY	same	same
_ZN10FoFiType1C10eexecWriteEP14Type1CEexecBufPKc.constprop.0#1	NOLINE	BOUNDARY	same	same
_ZN8Type1COp6isZeroEv#1	NOLINE	BOUNDARY	same	same
_ZN8Type1COp10isNegativeEv#1	NOLINE	BOUNDARY	same	same
_ZN8Type1COp5toIntEv#1	NOLINE	BOUNDARY	same	same
_ZN8Type1COp7toFloatEv#1	NOLINE	BOUNDARY	same	same
_ZN10FoFiType1CC1EPcii#1	NOLINE	BOUNDARY	same	same
_ZN10FoFiType1C7getNameEv#1	NOLINE	BOUNDARY	same	same
_ZN10FoFiType1C11getEncodingEv#1	NOLINE	BOUNDARY	same	same
_ZN10FoFiType1C14getCIDToGIDMapEPi#1	NOLINE	BOUNDARY	changed	same
_ZN10FoFiType1C13getFontMatrixEPd#1	NOLINE	BOUNDARY	same	same
_ZN10FoFiType1C6cvtNumE8Type1COpP7GString#1	NOLINE	BOUNDARY	same	same
_ZN10FoFiType1C13cvtGlyphWidthEiP7GStringP17Type1CPrivateDict#1	NOLINE	BOUNDARY	same	same
_ZN10FoFiType1C10eexecWriteEP14Type1CEexecBufPKc#1	NOLINE	BOUNDARY	same	same
_ZN10FoFiType1C20eexecWriteCharstringEP14Type1CEexecBufPhi#1	NOLINE	BOUNDARY	same	same
_ZN10FoFiType1C13writePSStringEPcPFvPvPKciES1_#1	NOLINE	BOUNDARY	same	changed
_ZN10FoFiType1C28computeOpenTypeTableChecksumEPhi#1	NOLINE	BOUNDARY	changed	same
_ZN10FoFiType1C17convertToOpenTypeEPFvPvPKciES0_iPtPhi#1	NOLINE	BOUNDARY	changed	changed
_ZN10FoFiType1C12readFDSelectEv#1	NOLINE	BOUNDARY	changed	same
_ZN10FoFiType1C11readCharsetEv#1	NOLINE	BOUNDARY	changed	same
_ZN10FoFiType1C5getOpEiiPi#1	NOLINE	BOUNDARY	changed	same
_ZN10FoFiType1C16getDeltaIntArrayEPii#1	NOLINE	BOUNDARY	same	same
_ZN10FoFiType1C15readPrivateDictEiiP17Type1CPrivateDict#1	NOLINE	BOUNDARY	changed	same
_ZN10FoFiType1C6readFDEiiP17Type1CPrivateDict#1	NOLINE	BOUNDARY	changed	same
_ZN10FoFiType1C15getDeltaFPArrayEPdi#1	NOLINE	BOUNDARY	changed	same
_ZN10FoFiType1C8getIndexEiP11Type1CIndexPi#1	NOLINE	BOUNDARY	changed	same
_ZN10FoFiType1C11getIndexValEP11Type1CIndexiP14Type1CIndexValPi#1	NOLINE	BOUNDARY	changed	same
_ZN10FoFiType1C8cvtGlyphEiiP7GStringP11Type1CIndexP17Type1CPrivateDictii.part.0#1	NOLINE	BOUNDARY	changed	changed
_ZN10FoFiType1C8cvtGlyphEiiP7GStringP11Type1CIndexP17Type1CPrivateDictii#1	NOLINE	BOUNDARY	same	same
_ZN10FoFiType1C13eexecCvtGlyphEP14Type1CEexecBufPKciiP11Type1CIndexP17Type1CPrivateDict#1	NOLINE	BOUNDARY	same	same
_ZN10FoFiType1C14convertToType0EPcPiiPFvPvPKciES2_#1	NOLINE	BOUNDARY	changed	changed
_ZN10FoFiType1C11readTopDictEv#1	NOLINE	BOUNDARY	changed	same
_ZN10FoFiType1C9getStringEiPcPi#1	NOLINE	BOUNDARY	changed	same
_ZN10FoFiType1C12getGlyphNameEi#1	NOLINE	BOUNDARY	changed	same
_ZN10FoFiType1C15getNameToGIDMapEv#1	NOLINE	BOUNDARY	changed	same
_ZN10FoFiType1C14convertToType1EPcPPKciPFvPvS2_iES4_#1	NOLINE	BOUNDARY	changed	same
_ZN10FoFiType1C17convertToCIDType0EPcPiiPFvPvPKciES2_#1	NOLINE	BOUNDARY	changed	changed
_ZN10FoFiType1C13buildEncodingEv#1	NOLINE	BOUNDARY	changed	same
_ZN10FoFiType1C5parseEv#1	NOLINE	BOUNDARY	changed	same
_ZN10FoFiType1C4makeEPci#1	NOLINE	BOUNDARY	same	same
_ZN10FoFiType1C4loadEPc#1	NOLINE	BOUNDARY	same	same
_ZN8AcroFormC1EP6PDFDocP6Object#1	NOLINE	BOUNDARY	same	same
_ZN8AcroFormD1Ev#1	NOLINE	BOUNDARY	changed	same
_ZN8AcroForm7getTypeEv#1	NOLINE	BOUNDARY	same	same
_ZN8AcroForm18buildAnnotPageListEP7Catalog#1	NOLINE	BOUNDARY	same	same
_ZN8AcroForm15lookupAnnotPageEP6Object#1	NOLINE	BOUNDARY	same	same
_ZN8AcroForm12getNumFieldsEv#1	NOLINE	BOUNDARY	same	same
_ZN8AcroForm8getFieldEi#1	NOLINE	BOUNDARY	same	same
_ZN13AcroFormField4loadEP8AcroFormP6Object#1	NOLINE	BOUNDARY	changed	changed
_ZN8AcroForm9scanFieldEP6ObjectPc#1	NOLINE	BOUNDARY	changed	changed
_ZN8AcroForm4loadEP6PDFDocP7CatalogP6Object#1	NOLINE	BOUNDARY	changed	same
_ZN13AcroFormFieldC1EP8AcroFormP6ObjectS3_17AcroFormFieldTypeP10TextStringjiP8XFAField#1	NOLINE	BOUNDARY	same	same
_ZN13AcroFormFieldD1Ev#1	NOLINE	BOUNDARY	same	same
_ZN13AcroFormField10getPageNumEv#1	NOLINE	BOUNDARY	same	same
_ZN13AcroFormField7getTypeEv#1	NOLINE	BOUNDARY	same	same
_ZN13AcroFormField7getNameEPi#1	NOLINE	BOUNDARY	same	same
_ZN13AcroFormField12findFontNameEPc#1	NOLINE	BOUNDARY	same	same
_ZN13AcroFormField22drawExistingAppearanceEP3GfxP4Dictdddd#1	NOLINE	BOUNDARY	same	same
_ZN13AcroFormField8setColorEP5ArrayiiP7GString#1	NOLINE	BOUNDARY	changed	same
_ZN13AcroFormField11getNextLineEP7GStringiP7GfxFontddPiPdS4_#1	NOLINE	BOUNDARY	changed	changed
_ZN13AcroFormField10drawCircleEdddPKcP7GString#1	NOLINE	BOUNDARY	same	same
_ZN13AcroFormField17drawCircleTopLeftEdddP7GString#1	NOLINE	BOUNDARY	same	same
_ZN13AcroFormField21drawCircleBottomRightEdddP7GString#1	NOLINE	BOUNDARY	same	same
_ZN13AcroFormField8tokenizeEP7GString#1	NOLINE	BOUNDARY	changed	changed
_ZN13AcroFormField8drawTextEP7GStringS1_P11GfxFontDictiiiiiiidddddiS1_#1	NOLINE	BOUNDARY	changed	changed
_ZN13AcroFormField11drawListBoxEPP7GStringPiiiS1_P11GfxFontDictidddddS1_#1	NOLINE	BOUNDARY	changed	changed
_ZN13AcroFormField11drawBarcodeEP7GStringS1_P11GfxFontDictiddddP19XFAFieldBarcodeInfoS1_#1	NOLINE	BOUNDARY	changed	changed
_ZN13AcroFormField11getFieldRefEP6Object#1	NOLINE	BOUNDARY	same	same
_ZN13AcroFormField12getParentRefEP6Object#1	NOLINE	BOUNDARY	same	same
_ZN13AcroFormField11getAnnotObjEP6Object#1	NOLINE	BOUNDARY	same	same
_ZN13AcroFormField7getBBoxEPdS0_S0_S0_#1	NOLINE	BOUNDARY	same	same
_ZN8AcroForm9findFieldEidd#1	NOLINE	BOUNDARY	changed	same
_ZN8AcroForm12findFieldIdxEidd#1	NOLINE	BOUNDARY	changed	same
_ZN13AcroFormField17getAnnotResourcesEP4DictP6Object#1	NOLINE	BOUNDARY	same	same
_ZN13AcroFormField24buildDefaultResourceDictEP6Object#1	NOLINE	BOUNDARY	same	same
_ZN13AcroFormField11fieldLookupEP4DictPKcP6Object#1	NOLINE	BOUNDARY	same	same
_ZN13AcroFormField11fieldLookupEPKcP6Object#1	NOLINE	BOUNDARY	same	same
_ZN13AcroFormField7getFontEP3RefPd#1	NOLINE	BOUNDARY	changed	changed
_ZN13AcroFormField8getColorEPdS0_S0_#1	NOLINE	BOUNDARY	changed	same
_ZN13AcroFormField9getMaxLenEv#1	NOLINE	BOUNDARY	same	same
_ZN13AcroFormField12getResourcesEP6Object#1	NOLINE	BOUNDARY	same	same
_ZN13AcroFormField11getValueObjEP6Object#1	NOLINE	BOUNDARY	same	same
_ZN13AcroFormField13utf8ToUnicodeEP7GStringPi#1	NOLINE	BOUNDARY	changed	same
_ZN13AcroFormField8getValueEPi#1	NOLINE	BOUNDARY	changed	same
_ZN13AcroFormField15unicodeToLatin1EPji#1	NOLINE	BOUNDARY	same	same
_ZN13AcroFormField18unicodeStringEqualEPjiP7GString#1	NOLINE	BOUNDARY	same	same
_ZN13AcroFormField18unicodeStringEqualEPjiPKc#1	NOLINE	BOUNDARY	same	changed
_ZN13AcroFormField21pictureFormatDateTimeEP7GStringS1_#1	NOLINE	BOUNDARY	changed	changed
_ZN13AcroFormField19pictureFormatNumberEP7GStringS1_#1	NOLINE	BOUNDARY	changed	changed
_ZN13AcroFormField17pictureFormatTextEP7GStringS1_#1	NOLINE	BOUNDARY	changed	changed
_ZN13AcroFormField17drawNewAppearanceEP3GfxP4Dictdddd#1	NOLINE	BOUNDARY	changed	changed
_ZN13AcroFormField9drawAnnotEiP3GfxiP6ObjectS3_#1	NOLINE	BOUNDARY	same	same
_ZN13AcroFormField4drawEiP3Gfxi#1	NOLINE	BOUNDARY	same	same
_ZN8AcroForm4drawEiP3Gfxi#1	NOLINE	BOUNDARY	changed	same
_ZN13AcroFormField10isValidIntEP7GStringii#1	NOLINE	BOUNDARY	same	same
_ZN13AcroFormField10convertIntEP7GStringii#1	NOLINE	BOUNDARY	changed	changed
_ZN11PictureNode9isLiteralEv#1	NOLINE	BOUNDARY	same	same
_ZN11PictureNode6isSignEv#1	NOLINE	BOUNDARY	same	same
_ZN11PictureNode7isDigitEv#1	NOLINE	BOUNDARY	same	same
_ZN11PictureNode7isDecPtEv#1	NOLINE	BOUNDARY	same	same
_ZN11PictureNode11isSeparatorEv#1	NOLINE	BOUNDARY	same	same
_ZN11PictureNode6isYearEv#1	NOLINE	BOUNDARY	same	same
_ZN11PictureNode7isMonthEv#1	NOLINE	BOUNDARY	same	same
_ZN11PictureNode5isDayEv#1	NOLINE	BOUNDARY	same	same
_ZN11PictureNode6isHourEv#1	NOLINE	BOUNDARY	same	same
_ZN11PictureNode8isMinuteEv#1	NOLINE	BOUNDARY	same	same
_ZN11PictureNode8isSecondEv#1	NOLINE	BOUNDARY	same	same
_ZN11PictureNode6isCharEv#1	NOLINE	BOUNDARY	same	same
_ZN14PictureLiteral9isLiteralEv#1	NOLINE	BOUNDARY	same	same
_ZN11PictureSign6isSignEv#1	NOLINE	BOUNDARY	same	same
_ZN12PictureDigit7isDigitEv#1	NOLINE	BOUNDARY	same	same
_ZN12PictureDecPt7isDecPtEv#1	NOLINE	BOUNDARY	same	same
_ZN16PictureSeparator11isSeparatorEv#1	NOLINE	BOUNDARY	same	same
_ZN11PictureYear6isYearEv#1	NOLINE	BOUNDARY	same	same
_ZN12PictureMonth7isMonthEv#1	NOLINE	BOUNDARY	same	same
_ZN10PictureDay5isDayEv#1	NOLINE	BOUNDARY	same	same
_ZN11PictureHour6isHourEv#1	NOLINE	BOUNDARY	same	same
_ZN13PictureSecond8isSecondEv#1	NOLINE	BOUNDARY	same	same
_ZN11PictureChar6isCharEv#1	NOLINE	BOUNDARY	same	same
_ZN11PictureCharD1Ev#1	NOLINE	BOUNDARY	same	same
_ZN13PictureSecondD1Ev#1	NOLINE	BOUNDARY	same	same
_ZN11PictureHourD1Ev#1	NOLINE	BOUNDARY	same	same
_ZN10PictureDayD1Ev#1	NOLINE	BOUNDARY	same	same
_ZN12PictureMonthD1Ev#1	NOLINE	BOUNDARY	same	same
_ZN11PictureYearD1Ev#1	NOLINE	BOUNDARY	same	same
_ZN16PictureSeparatorD1Ev#1	NOLINE	BOUNDARY	same	same
_ZN12PictureDecPtD1Ev#1	NOLINE	BOUNDARY	same	same
_ZN12PictureDigitD1Ev#1	NOLINE	BOUNDARY	same	same
_ZN11PictureSignD1Ev#1	NOLINE	BOUNDARY	same	same
_ZN11PictureCharD0Ev#1	NOLINE	BOUNDARY	same	same
_ZN13PictureSecondD0Ev#1	NOLINE	BOUNDARY	same	same
_ZN11PictureHourD0Ev#1	NOLINE	BOUNDARY	same	same
_ZN10PictureDayD0Ev#1	NOLINE	BOUNDARY	same	same
_ZN12PictureMonthD0Ev#1	NOLINE	BOUNDARY	same	same
_ZN11PictureYearD0Ev#1	NOLINE	BOUNDARY	same	same
_ZN16PictureSeparatorD0Ev#1	NOLINE	BOUNDARY	same	same
_ZN12PictureDecPtD0Ev#1	NOLINE	BOUNDARY	same	same
_ZN12PictureDigitD0Ev#1	NOLINE	BOUNDARY	same	same
_ZN11PictureSignD0Ev#1	NOLINE	BOUNDARY	same	same
_ZN14PictureLiteralD1Ev#1	NOLINE	BOUNDARY	same	same
_ZN14PictureLiteralD0Ev#1	NOLINE	BOUNDARY	same	same
_ZN7GString4copyEv#1	NOLINE	BOUNDARY	same	same
_ZN6Annots17loadFormFieldRefsEv.part.0#1	NOLINE	BOUNDARY	same	same
_ZN16AnnotBorderStyleC1E15AnnotBorderTypedPdiS1_i#1	NOLINE	BOUNDARY	same	same
_ZN16AnnotBorderStyleD1Ev#1	NOLINE	BOUNDARY	same	same
_ZN5AnnotC1EP6PDFDocP4DictP3Ref#1	NOLINE	BOUNDARY	same	same
_ZN5AnnotD1Ev#1	NOLINE	BOUNDARY	same	same
_ZN5Annot12setLineStyleEP16AnnotBorderStylePd#1	NOLINE	BOUNDARY	same	same
_ZN5Annot14setStrokeColorEPdi#1	NOLINE	BOUNDARY	same	same
_ZN5Annot26generatePolyLineAppearanceEP6Object#1	NOLINE	BOUNDARY	same	same
_ZN5Annot12setFillColorEP6Object#1	NOLINE	BOUNDARY	same	same
_ZN5Annot25generatePolygonAppearanceEP6Object#1	NOLINE	BOUNDARY	same	same
_ZN5Annot16parseLineEndTypeEP6Object#1	NOLINE	BOUNDARY	same	same
_ZN5Annot18adjustLineEndpointE16AnnotLineEndTypedddddPdS1_#1	NOLINE	BOUNDARY	same	same
_ZN5Annot10drawCircleEdddPKc#1	NOLINE	BOUNDARY	same	same
_ZN5Annot13drawLineArrowE16AnnotLineEndTypedddddi#1	NOLINE	BOUNDARY	same	same
_ZN5Annot22generateLineAppearanceEP6Object#1	NOLINE	BOUNDARY	same	same
_ZN5Annot17drawCircleTopLeftEddd#1	NOLINE	BOUNDARY	same	same
_ZN5Annot21drawCircleBottomRightEddd#1	NOLINE	BOUNDARY	same	same
_ZN5Annot8drawTextEP7GStringS1_idi#1	NOLINE	BOUNDARY	changed	changed
_ZN5Annot26generateFreeTextAppearanceEP6Object#1	NOLINE	BOUNDARY	same	same
_ZN5Annot23generateAnnotAppearanceEP6Object#1	NOLINE	BOUNDARY	changed	changed
_ZN5Annot4drawEP3Gfxi#1	NOLINE	BOUNDARY	same	same
_ZN5Annot9getObjectEP6Object#1	NOLINE	BOUNDARY	same	same
_ZN10PageAnnotsC1Ev#1	NOLINE	BOUNDARY	same	same
_ZN10PageAnnotsD1Ev#1	NOLINE	BOUNDARY	changed	same
_ZN6AnnotsC1EP6PDFDoc#1	NOLINE	BOUNDARY	changed	same
_ZN6AnnotsD1Ev#1	NOLINE	BOUNDARY	changed	same
_ZN6Annots10loadAnnotsEi#1	NOLINE	BOUNDARY	changed	changed
_ZN6Annots17loadFormFieldRefsEv#1	NOLINE	BOUNDARY	same	same
_ZN6Annots12getNumAnnotsEi#1	NOLINE	BOUNDARY	changed	same
_ZN6Annots8getAnnotEii#1	NOLINE	BOUNDARY	changed	same
_ZN6Annots4findEidd#1	NOLINE	BOUNDARY	changed	same
_ZN6Annots7findIdxEidd#1	NOLINE	BOUNDARY	changed	same
_ZN6Annots3addEiP6Object#1	NOLINE	BOUNDARY	changed	same
_ZN6Annots24generateAnnotAppearancesEi#1	NOLINE	BOUNDARY	changed	same
_ZN17BuiltinFontWidthsC1EP16BuiltinFontWidthi#1	NOLINE	BOUNDARY	same	changed
_ZN17BuiltinFontWidthsD1Ev#1	NOLINE	BOUNDARY	same	same
_ZN17BuiltinFontWidths8getWidthEPKcPt#1	NOLINE	BOUNDARY	same	changed
_ZN17BuiltinFontWidths4hashEPKc#1	NOLINE	BOUNDARY	same	changed
_Z21initBuiltinFontTablesv#1	NOLINE	BOUNDARY	same	same
_Z21freeBuiltinFontTablesv#1	NOLINE	BOUNDARY	same	same
_ZL17getCharFromStreamPv#1	NOLINE	BOUNDARY	same	same
_ZL15getCharFromFilePv#1	NOLINE	BOUNDARY	same	same
_ZN4CMapC1EP7GStringS1_#1	NOLINE	BOUNDARY	same	same
_ZN4CMapC1EP7GStringS1_i#1	NOLINE	BOUNDARY	same	same
_ZN4CMap10copyVectorEP15CMapVectorEntryS1_#1	NOLINE	BOUNDARY	same	same
_ZN4CMap7addCIDsEjjjj#1	NOLINE	BOUNDARY	same	same
_ZN4CMap14freeCMapVectorEP15CMapVectorEntry#1	NOLINE	BOUNDARY	same	same
_ZN4CMapD1Ev#1	NOLINE	BOUNDARY	same	same
_ZN4CMap9incRefCntEv#1	NOLINE	BOUNDARY	same	same
_ZN4CMap9decRefCntEv#1	NOLINE	BOUNDARY	same	same
_ZN4CMap5matchEP7GStringS1_#1	NOLINE	BOUNDARY	same	same
_ZN4CMap6getCIDEPciPjPi#1	NOLINE	BOUNDARY	changed	changed
_ZN9CMapCacheC1Ev#1	NOLINE	BOUNDARY	same	same
_ZN9CMapCacheD1Ev#1	NOLINE	BOUNDARY	same	same
_ZN9CMapCache7getCMapEP7GStringS1_P5GHash#1	NOLINE	BOUNDARY	changed	same
_ZN4CMap7useCMapEP9CMapCachePcP5GHash#1	NOLINE	BOUNDARY	same	same
_ZN4CMap6parse2EP9CMapCachePFiPvES2_P5GHash#1	NOLINE	BOUNDARY	same	changed
_ZN4CMap5parseEP9CMapCacheP7GStringS3_P5GHash#1	NOLINE	BOUNDARY	same	same
_ZN4CMap5parseEP9CMapCacheP7GStringP6StreamP5GHash#1	NOLINE	BOUNDARY	same	same
_ZN4CMap5parseEP9CMapCacheP7GStringP6ObjectP5GHash#1	NOLINE	BOUNDARY	same	same
_ZN4CMap7useCMapEP9CMapCacheP6ObjectP5GHash#1	NOLINE	BOUNDARY	same	same
_ZL18getCharFromGStringPv#1	NOLINE	BOUNDARY	same	same
_ZL15getCharFromFilePv#2	NOLINE	BOUNDARY	same	same
_ZN17CharCodeToUnicode13addMappingIntEjj.part.0#1	NOLINE	BOUNDARY	same	same
_ZN17CharCodeToUnicode19makeIdentityMappingEv#1	NOLINE	BOUNDARY	same	same
_ZN17CharCodeToUnicode17parseCIDToUnicodeEP7GStringS1_#1	NOLINE	BOUNDARY	same	same
_ZN17CharCodeToUnicode21parseUnicodeToUnicodeEP7GString#1	NOLINE	BOUNDARY	same	changed
_ZN17CharCodeToUnicode17make8BitToUnicodeEPj#1	NOLINE	BOUNDARY	same	same
_ZN17CharCodeToUnicode18make16BitToUnicodeEPj#1	NOLINE	BOUNDARY	same	same
_ZN17CharCodeToUnicode16parseUTF16StringEPciPj#1	NOLINE	BOUNDARY	changed	same
_ZN17CharCodeToUnicode10addMappingEjPcii#1	NOLINE	BOUNDARY	changed	changed
_ZN17CharCodeToUnicode10parseCMap1EPFiPvES0_i#1	NOLINE	BOUNDARY	same	changed
_ZN17CharCodeToUnicode9mergeCMapEP7GStringi#1	NOLINE	BOUNDARY	same	same
_ZN17CharCodeToUnicode9parseCMapEP7GStringi#1	NOLINE	BOUNDARY	same	same
_ZN17CharCodeToUnicode13addMappingIntEjj#1	NOLINE	BOUNDARY	same	same
_ZN17CharCodeToUnicodeC1Ev#1	NOLINE	BOUNDARY	same	same
_ZN17CharCodeToUnicodeC1EP7GString#1	NOLINE	BOUNDARY	same	same
_ZN17CharCodeToUnicodeC1EP7GStringPjjiP23CharCodeToUnicodeStringii#1	NOLINE	BOUNDARY	same	same
_ZN17CharCodeToUnicodeD1Ev#1	NOLINE	BOUNDARY	same	same
_ZN17CharCodeToUnicode9incRefCntEv#1	NOLINE	BOUNDARY	same	same
_ZN17CharCodeToUnicode9decRefCntEv#1	NOLINE	BOUNDARY	same	same
_ZN17CharCodeToUnicode5matchEP7GString#1	NOLINE	BOUNDARY	same	same
_ZN17CharCodeToUnicode10setMappingEjPji#1	NOLINE	BOUNDARY	same	same
_ZN17CharCodeToUnicode12mapToUnicodeEjPji#1	NOLINE	BOUNDARY	same	same
_ZN22CharCodeToUnicodeCacheC1Ei#1	NOLINE	BOUNDARY	same	same
_ZN22CharCodeToUnicodeCacheD1Ev#1	NOLINE	BOUNDARY	changed	same
_ZN22CharCodeToUnicodeCache20getCharCodeToUnicodeEP7GString#1	NOLINE	BOUNDARY	changed	same
_ZN22CharCodeToUnicodeCache3addEP17CharCodeToUnicode#1	NOLINE	BOUNDARY	changed	same
_ZN13DecryptStream8isBinaryEi#1	NOLINE	BOUNDARY	same	same
_ZL15md5ProcessBlockP8MD5State#1	NOLINE	BOUNDARY	same	same
_ZL15sha256HashBlockPhPj#1	NOLINE	BOUNDARY	same	same
_ZL15sha512HashBlockPhPy#1	NOLINE	BOUNDARY	same	same
_ZL6sha256PhiS_#1	NOLINE	BOUNDARY	changed	same
_ZN13DecryptStreamD1Ev#1	NOLINE	BOUNDARY	same	same
_ZN13DecryptStreamD0Ev#1	NOLINE	BOUNDARY	same	same
_ZL13invMixColumnsPh#1	NOLINE	BOUNDARY	same	same
_ZL14invMixColumnsWPj#1	NOLINE	BOUNDARY	same	same
_ZL18aes256KeyExpansionP18DecryptAES256StatePhi.constprop.0#1	NOLINE	BOUNDARY	changed	same
_ZL18aes256DecryptBlockP18DecryptAES256StatePhi#1	NOLINE	BOUNDARY	changed	same
_Z10rc4InitKeyPhiS_#1	NOLINE	BOUNDARY	changed	same
_Z14rc4DecryptBytePhS_S_h#1	NOLINE	BOUNDARY	same	same
_Z15aesKeyExpansionP15DecryptAESStatePhii#1	NOLINE	BOUNDARY	changed	same
_ZN13DecryptStream5resetEv#1	NOLINE	BOUNDARY	same	same
_Z15aesEncryptBlockP15DecryptAESStatePh#1	NOLINE	BOUNDARY	changed	same
_ZN7Decrypt6r6HashEPhiPKciPc#1	NOLINE	BOUNDARY	changed	same
_Z15aesDecryptBlockP15DecryptAESStatePhi#1	NOLINE	BOUNDARY	changed	same
_ZN13DecryptStream7getCharEv#1	NOLINE	BOUNDARY	same	same
_ZN13DecryptStream8lookCharEv#1	NOLINE	BOUNDARY	same	same
_Z8md5StartP8MD5State#1	NOLINE	BOUNDARY	same	same
_Z9md5AppendP8MD5StatePhi#1	NOLINE	BOUNDARY	changed	same
_Z9md5FinishP8MD5State#1	NOLINE	BOUNDARY	same	same
_Z3md5PhiS_.part.0#1	NOLINE	BOUNDARY	same	same
_ZN7Decrypt12makeFileKey2EiiiP7GStringS1_iS1_S1_Phi#1	NOLINE	BOUNDARY	changed	same
_ZN7Decrypt11makeFileKeyEiiiP7GStringS1_S1_S1_iS1_S1_S1_PhiPi#1	NOLINE	BOUNDARY	same	same
_ZN13DecryptStreamC1EP6StreamPh14CryptAlgorithmiii#1	NOLINE	BOUNDARY	same	same
_ZN13DecryptStream4copyEv#1	NOLINE	BOUNDARY	same	same
_Z3md5PhiS_#1	NOLINE	BOUNDARY	same	same
_ZN13DecryptStream7getKindEv#1	NOLINE	BOUNDARY	same	same
_ZN13DecryptStream18getUndecodedStreamEv#1	NOLINE	BOUNDARY	same	same
_ZN3Gfx6opClipEP6Objecti#1	NOLINE	BOUNDARY	same	same
_ZN3Gfx8opEOClipEP6Objecti#1	NOLINE	BOUNDARY	same	same
_ZN3Gfx16opSetTextLeadingEP6Objecti#1	NOLINE	BOUNDARY	same	same
_ZN3Gfx18opBeginIgnoreUndefEP6Objecti#1	NOLINE	BOUNDARY	same	same
_ZN3Gfx16opEndIgnoreUndefEP6Objecti#1	NOLINE	BOUNDARY	same	same
_ZN3Gfx8opMoveToEP6Objecti#1	NOLINE	BOUNDARY	same	same
_ZN3Gfx11opMarkPointEP6Objecti#1	NOLINE	BOUNDARY	same	same
_ZN3Gfx16opSetCacheDeviceEP6Objecti#1	NOLINE	BOUNDARY	same	same
_ZN3Gfx14opSetCharWidthEP6Objecti#1	NOLINE	BOUNDARY	same	same
_ZN3Gfx16opSetWordSpacingEP6Objecti#1	NOLINE	BOUNDARY	same	same
_ZN3Gfx16opSetCharSpacingEP6Objecti#1	NOLINE	BOUNDARY	same	same
_ZL8dblToCold.constprop.0#1	NOLINE	BOUNDARY	same	same
_ZN16GfxRadialShading10getDomain1Ev.isra.0#1	NOLINE	BOUNDARY	same	same
_ZN16GfxRadialShading10getDomain0Ev.isra.0#1	NOLINE	BOUNDARY	same	same
_ZN3Gfx8opConcatEP6Objecti#1	NOLINE	BOUNDARY	same	same
_ZN3Gfx9opSetDashEP6Objecti#1	NOLINE	BOUNDARY	same	same
_ZN3Gfx9opSetFlatEP6Objecti#1	NOLINE	BOUNDARY	same	same
_ZN3Gfx13opSetLineJoinEP6Objecti#1	NOLINE	BOUNDARY	same	same
_ZN3Gfx12opSetLineCapEP6Objecti#1	NOLINE	BOUNDARY	same	same
_ZN3Gfx15opSetMiterLimitEP6Objecti#1	NOLINE	BOUNDARY	same	same
_ZN3Gfx14opSetLineWidthEP6Objecti#1	NOLINE	BOUNDARY	same	same
_ZN3Gfx15opSetTextRenderEP6Objecti#1	NOLINE	BOUNDARY	same	same
_ZN3Gfx13opSetTextRiseEP6Objecti#1	NOLINE	BOUNDARY	same	same
_ZN3Gfx17opSetHorizScalingEP6Objecti#1	NOLINE	BOUNDARY	same	same
_ZN3Gfx9opEndTextEP6Objecti#1	NOLINE	BOUNDARY	same	same
_ZN3Gfx11opBeginTextEP6Objecti#1	NOLINE	BOUNDARY	same	same
_ZN3Gfx14opTextNextLineEP6Objecti#1	NOLINE	BOUNDARY	same	same
_ZN3Gfx10opTextMoveEP6Objecti#1	NOLINE	BOUNDARY	same	same
_ZN3Gfx13opTextMoveSetEP6Objecti#1	NOLINE	BOUNDARY	same	same
_ZN3Gfx15opSetTextMatrixEP6Objecti#1	NOLINE	BOUNDARY	same	same
_ZN3Gfx6opSaveEP6Objecti#1	NOLINE	BOUNDARY	same	same
_ZN3Gfx9opRestoreEP6Objecti#1	NOLINE	BOUNDARY	same	same
_ZN3Gfx11opRectangleEP6Objecti#1	NOLINE	BOUNDARY	changed	same
_ZN3Gfx10opEndImageEP6Objecti#1	NOLINE	BOUNDARY	same	same
_ZN3Gfx11opImageDataEP6Objecti#1	NOLINE	BOUNDARY	same	same
_ZN3Gfx16opSetStrokeColorEP6Objecti#1	NOLINE	BOUNDARY	same	same
_ZN3Gfx20opSetRenderingIntentEP6Objecti#1	NOLINE	BOUNDARY	same	same
_ZN3Gfx13opSetFillGrayEP6Objecti#1	NOLINE	BOUNDARY	same	same
_ZN3Gfx15opSetStrokeGrayEP6Objecti#1	NOLINE	BOUNDARY	same	same
_ZN3Gfx18opEndMarkedContentEP6Objecti#1	NOLINE	BOUNDARY	same	same
_ZN3Gfx18opSetFillCMYKColorEP6Objecti#1	NOLINE	BOUNDARY	same	same
_ZN3Gfx19opSetStrokeRGBColorEP6Objecti#1	NOLINE	BOUNDARY	same	same
_ZN3Gfx17opSetFillRGBColorEP6Objecti#1	NOLINE	BOUNDARY	same	same
_ZN3Gfx20opSetStrokeCMYKColorEP6Objecti#1	NOLINE	BOUNDARY	same	same
_ZN3Gfx8opLineToEP6Objecti#1	NOLINE	BOUNDARY	same	same
_ZN3Gfx11opClosePathEP6Objecti#1	NOLINE	BOUNDARY	changed	same
_ZN3Gfx10opCurveTo2EP6Objecti#1	NOLINE	BOUNDARY	same	same
_ZN3Gfx10opCurveTo1EP6Objecti#1	NOLINE	BOUNDARY	same	same
_ZN3Gfx9opCurveToEP6Objecti#1	NOLINE	BOUNDARY	same	same
_ZN3Gfx14opSetFillColorEP6Objecti#1	NOLINE	BOUNDARY	same	same
_ZN12GfxResourcesC1EP4XRefP4DictPS_#1	NOLINE	BOUNDARY	same	same
_ZN12GfxResourcesD1Ev#1	NOLINE	BOUNDARY	same	same
_ZN12GfxResources10lookupFontEPc#1	NOLINE	BOUNDARY	same	same
_ZN12GfxResources15lookupFontByRefE3Ref#1	NOLINE	BOUNDARY	same	same
_ZN12GfxResources13lookupXObjectEPKcP6Object#1	NOLINE	BOUNDARY	same	same
_ZN12GfxResources15lookupXObjectNFEPKcP6Object#1	NOLINE	BOUNDARY	same	same
_ZN12GfxResources16lookupColorSpaceEPKcP6Objecti#1	NOLINE	BOUNDARY	same	same
_ZN3Gfx19opSetFillColorSpaceEP6Objecti#1	NOLINE	BOUNDARY	same	same
_ZN3Gfx21opSetStrokeColorSpaceEP6Objecti#1	NOLINE	BOUNDARY	same	same
_ZN12GfxResources13lookupPatternEPKc#1	NOLINE	BOUNDARY	same	same
_ZN3Gfx15opSetFillColorNEP6Objecti#1	NOLINE	BOUNDARY	changed	same
_ZN3Gfx17opSetStrokeColorNEP6Objecti#1	NOLINE	BOUNDARY	changed	same
_ZN12GfxResources13lookupShadingEPKc#1	NOLINE	BOUNDARY	same	same
_ZN12GfxResources12lookupGStateEPKcP6Object#1	NOLINE	BOUNDARY	same	same
_ZN12GfxResources18lookupPropertiesNFEPKcP6Object#1	NOLINE	BOUNDARY	same	same
_ZN3Gfx20opBeginMarkedContentEP6Objecti#1	NOLINE	BOUNDARY	same	same
_ZN3GfxC1EP6PDFDocP9OutputDevP11LocalParamsiP4DictddP12PDFRectangleS9_iPFiPvESA_#1	NOLINE	BOUNDARY	changed	same
_ZN3GfxC1EP6PDFDocP9OutputDevP11LocalParamsP4DictP12PDFRectangleS9_PFiPvESA_#1	NOLINE	BOUNDARY	changed	same
_ZN3GfxD1Ev#1	NOLINE	BOUNDARY	changed	same
_ZN3Gfx25checkForContentStreamLoopEP6Object#1	NOLINE	BOUNDARY	changed	same
_ZN3Gfx13getContentObjEP6Object#1	NOLINE	BOUNDARY	same	same
_ZN3Gfx6findOpEPc#1	NOLINE	BOUNDARY	same	same
_ZN3Gfx8checkArgEP6Object8TchkType#1	NOLINE	BOUNDARY	same	same
_ZN3Gfx6execOpEP6ObjectS1_i#1	NOLINE	BOUNDARY	same	same
_ZN3Gfx2goEi#1	NOLINE	BOUNDARY	same	same
_ZN3Gfx7displayEP6Objecti#1	NOLINE	BOUNDARY	same	same
_ZN3Gfx6getPosEv#1	NOLINE	BOUNDARY	same	same
_ZN3Gfx20parseRenderingIntentEPKc#1	NOLINE	BOUNDARY	same	same
_ZN3Gfx17doFunctionShFill1EP18GfxFunctionShadingddddP8GfxColori#1	NOLINE	BOUNDARY	changed	same
_ZN3Gfx16doFunctionShFillEP18GfxFunctionShading#1	NOLINE	BOUNDARY	same	same
_ZN3Gfx13doAxialShFillEP15GfxAxialShading#1	NOLINE	BOUNDARY	changed	same
_ZN3Gfx14doRadialShFillEP16GfxRadialShading#1	NOLINE	BOUNDARY	changed	same
_ZN3Gfx19gouraudFillTriangleEddPdddS0_ddS0_P25GfxGouraudTriangleShadingi#1	NOLINE	BOUNDARY	changed	same
_ZN3Gfx23doGouraudTriangleShFillEP25GfxGouraudTriangleShading#1	NOLINE	BOUNDARY	same	same
_ZN3Gfx9fillPatchEP8GfxPatchP19GfxPatchMeshShadingi#1	NOLINE	BOUNDARY	changed	same
_ZN3Gfx17doPatchMeshShFillEP19GfxPatchMeshShading#1	NOLINE	BOUNDARY	changed	same
_ZN3Gfx8doShFillEP10GfxShading#1	NOLINE	BOUNDARY	same	same
_ZN3Gfx9doEndPathEv#1	NOLINE	BOUNDARY	same	same
_ZN3Gfx9opEndPathEP6Objecti#1	NOLINE	BOUNDARY	same	same
_ZN3Gfx9doSetFontEP7GfxFontd#1	NOLINE	BOUNDARY	same	same
_ZN3Gfx9opSetFontEP6Objecti#1	NOLINE	BOUNDARY	same	same
_ZN3Gfx14doIncCharCountEP7GString#1	NOLINE	BOUNDARY	same	same
_ZN3Gfx22takeContentStreamStackEPS_#1	NOLINE	BOUNDARY	same	same
_ZN3Gfx9endOfPageEv#1	NOLINE	BOUNDARY	same	same
_ZN3Gfx16buildImageStreamEPi#1	NOLINE	BOUNDARY	same	same
_ZN3Gfx9saveStateEv#1	NOLINE	BOUNDARY	same	same
_ZN3Gfx12restoreStateEv#1	NOLINE	BOUNDARY	same	same
_ZN3Gfx14saveStateStackEv#1	NOLINE	BOUNDARY	same	same
_ZN3Gfx17restoreStateStackEP8GfxState#1	NOLINE	BOUNDARY	same	same
_ZN3Gfx20doShadingPatternFillEP17GfxShadingPatterniii#1	NOLINE	BOUNDARY	changed	same
_ZN3Gfx8opShFillEP6Objecti#1	NOLINE	BOUNDARY	changed	same
_ZN3Gfx8drawFormEP6ObjectP4DictPdS4_iiiiiP8FunctionS1_#1	NOLINE	BOUNDARY	changed	same
_ZN3Gfx10doSoftMaskEP6ObjectS1_iiiP8FunctionS1_#1	NOLINE	BOUNDARY	same	same
_ZN3Gfx14opSetExtGStateEP6Objecti#1	NOLINE	BOUNDARY	same	same
_ZN3Gfx6doFormEP6ObjectS1_#1	NOLINE	BOUNDARY	same	same
_ZN3Gfx9drawAnnotEP6ObjectP16AnnotBorderStyledddd#1	NOLINE	BOUNDARY	changed	same
_ZN3Gfx19doTilingPatternFillEP16GfxTilingPatterniii#1	NOLINE	BOUNDARY	same	same
_ZN3Gfx13doPatternFillEi#1	NOLINE	BOUNDARY	same	same
_ZN3Gfx6opFillEP6Objecti#1	NOLINE	BOUNDARY	same	same
_ZN3Gfx8opEOFillEP6Objecti#1	NOLINE	BOUNDARY	same	same
_ZN3Gfx18doPatternImageMaskEP6ObjectP6Streamiiiii#1	NOLINE	BOUNDARY	changed	same
_ZN3Gfx7doImageEP6ObjectP6Streami#1	NOLINE	BOUNDARY	changed	same
_ZN3Gfx12opBeginImageEP6Objecti#1	NOLINE	BOUNDARY	same	same
_ZN3Gfx9opXObjectEP6Objecti#1	NOLINE	BOUNDARY	same	same
_ZN3Gfx15doPatternStrokeEv#1	NOLINE	BOUNDARY	same	same
_ZN3Gfx8opStrokeEP6Objecti#1	NOLINE	BOUNDARY	same	same
_ZN3Gfx13opCloseStrokeEP6Objecti#1	NOLINE	BOUNDARY	changed	same
_ZN3Gfx12opFillStrokeEP6Objecti#1	NOLINE	BOUNDARY	same	same
_ZN3Gfx17opCloseFillStrokeEP6Objecti#1	NOLINE	BOUNDARY	changed	same
_ZN3Gfx14opEOFillStrokeEP6Objecti#1	NOLINE	BOUNDARY	same	same
_ZN3Gfx19opCloseEOFillStrokeEP6Objecti#1	NOLINE	BOUNDARY	changed	same
_ZN3Gfx13doPatternTextEi#1	NOLINE	BOUNDARY	same	same
_ZN3Gfx10doShowTextEP7GString#1	NOLINE	BOUNDARY	same	changed
_ZN3Gfx10opShowTextEP6Objecti#1	NOLINE	BOUNDARY	same	same
_ZN3Gfx14opMoveShowTextEP6Objecti#1	NOLINE	BOUNDARY	same	same
_ZN3Gfx17opMoveSetShowTextEP6Objecti#1	NOLINE	BOUNDARY	same	same
_ZN3Gfx15opShowSpaceTextEP6Objecti#1	NOLINE	BOUNDARY	same	same
_ZN3Gfx13pushResourcesEP4Dict#1	NOLINE	BOUNDARY	same	same
_ZN3Gfx12popResourcesEv#1	NOLINE	BOUNDARY	changed	same
_ZN9OutputDev20useTilingPatternFillEv#1	NOLINE	BOUNDARY	same	same
_ZN9OutputDev11useDrawFormEv#1	NOLINE	BOUNDARY	same	same
_ZN9OutputDev11needNonTextEv#1	NOLINE	BOUNDARY	same	same
_ZN9OutputDev13needCharCountEv#1	NOLINE	BOUNDARY	same	same
_ZN9OutputDev9startPageEiP8GfxState#1	NOLINE	BOUNDARY	same	same
_ZN9OutputDev7endPageEv#1	NOLINE	BOUNDARY	same	same
_ZN9OutputDev11startStreamE3RefP8GfxState#1	NOLINE	BOUNDARY	same	same
_ZN9OutputDev9endStreamE3Ref#1	NOLINE	BOUNDARY	same	same
_ZN9OutputDev9saveStateEP8GfxState#1	NOLINE	BOUNDARY	same	same
_ZN9OutputDev12restoreStateEP8GfxState#1	NOLINE	BOUNDARY	same	same
_ZN9OutputDev9updateCTMEP8GfxStatedddddd#1	NOLINE	BOUNDARY	same	same
_ZN9OutputDev14updateLineDashEP8GfxState#1	NOLINE	BOUNDARY	same	same
_ZN9OutputDev14updateFlatnessEP8GfxState#1	NOLINE	BOUNDARY	same	same
_ZN9OutputDev14updateLineJoinEP8GfxState#1	NOLINE	BOUNDARY	same	same
_ZN9OutputDev13updateLineCapEP8GfxState#1	NOLINE	BOUNDARY	same	same
_ZN9OutputDev16updateMiterLimitEP8GfxState#1	NOLINE	BOUNDARY	same	same
_ZN9OutputDev15updateLineWidthEP8GfxState#1	NOLINE	BOUNDARY	same	same
_ZN9OutputDev18updateStrokeAdjustEP8GfxState#1	NOLINE	BOUNDARY	same	same
_ZN9OutputDev20updateFillColorSpaceEP8GfxState#1	NOLINE	BOUNDARY	same	same
_ZN9OutputDev22updateStrokeColorSpaceEP8GfxState#1	NOLINE	BOUNDARY	same	same
_ZN9OutputDev15updateFillColorEP8GfxState#1	NOLINE	BOUNDARY	same	same
_ZN9OutputDev17updateStrokeColorEP8GfxState#1	NOLINE	BOUNDARY	same	same
_ZN9OutputDev15updateBlendModeEP8GfxState#1	NOLINE	BOUNDARY	same	same
_ZN9OutputDev17updateFillOpacityEP8GfxState#1	NOLINE	BOUNDARY	same	same
_ZN9OutputDev19updateStrokeOpacityEP8GfxState#1	NOLINE	BOUNDARY	same	same
_ZN9OutputDev19updateFillOverprintEP8GfxState#1	NOLINE	BOUNDARY	same	same
_ZN9OutputDev21updateStrokeOverprintEP8GfxState#1	NOLINE	BOUNDARY	same	same
_ZN9OutputDev19updateOverprintModeEP8GfxState#1	NOLINE	BOUNDARY	same	same
_ZN9OutputDev21updateRenderingIntentEP8GfxState#1	NOLINE	BOUNDARY	same	same
_ZN9OutputDev14updateTransferEP8GfxState#1	NOLINE	BOUNDARY	same	same
_ZN9OutputDev18updateAlphaIsShapeEP8GfxState#1	NOLINE	BOUNDARY	same	same
_ZN9OutputDev10updateFontEP8GfxState#1	NOLINE	BOUNDARY	same	same
_ZN9OutputDev13updateTextMatEP8GfxState#1	NOLINE	BOUNDARY	same	same
_ZN9OutputDev15updateCharSpaceEP8GfxState#1	NOLINE	BOUNDARY	same	same
_ZN9OutputDev12updateRenderEP8GfxState#1	NOLINE	BOUNDARY	same	same
_ZN9OutputDev10updateRiseEP8GfxState#1	NOLINE	BOUNDARY	same	same
_ZN9OutputDev15updateWordSpaceEP8GfxState#1	NOLINE	BOUNDARY	same	same
_ZN9OutputDev18updateHorizScalingEP8GfxState#1	NOLINE	BOUNDARY	same	same
_ZN9OutputDev13updateTextPosEP8GfxState#1	NOLINE	BOUNDARY	same	same
_ZN9OutputDev15updateTextShiftEP8GfxStated#1	NOLINE	BOUNDARY	same	same
_ZN9OutputDev6strokeEP8GfxState#1	NOLINE	BOUNDARY	same	same
_ZN9OutputDev4fillEP8GfxState#1	NOLINE	BOUNDARY	same	same
_ZN9OutputDev6eoFillEP8GfxState#1	NOLINE	BOUNDARY	same	same
_ZN9OutputDev17tilingPatternFillEP8GfxStateP3GfxP6ObjectiiP4DictPdS8_iiiidd#1	NOLINE	BOUNDARY	same	same
_ZN9OutputDev10shadedFillEP8GfxStateP10GfxShading#1	NOLINE	BOUNDARY	same	same
_ZN9OutputDev4clipEP8GfxState#1	NOLINE	BOUNDARY	same	same
_ZN9OutputDev6eoClipEP8GfxState#1	NOLINE	BOUNDARY	same	same
_ZN9OutputDev16clipToStrokePathEP8GfxState#1	NOLINE	BOUNDARY	same	same
_ZN9OutputDev13beginStringOpEP8GfxState#1	NOLINE	BOUNDARY	same	same
_ZN9OutputDev11endStringOpEP8GfxState#1	NOLINE	BOUNDARY	same	same
_ZN9OutputDev11beginStringEP8GfxStateP7GString#1	NOLINE	BOUNDARY	same	same
_ZN9OutputDev9endStringEP8GfxState#1	NOLINE	BOUNDARY	same	same
_ZN9OutputDev8drawCharEP8GfxStateddddddjiPjiiii#1	NOLINE	BOUNDARY	same	same
_ZN9OutputDev10drawStringEP8GfxStateP7GStringiii#1	NOLINE	BOUNDARY	same	same
_ZN9OutputDev12fillTextPathEP8GfxState#1	NOLINE	BOUNDARY	same	same
_ZN9OutputDev14strokeTextPathEP8GfxState#1	NOLINE	BOUNDARY	same	same
_ZN9OutputDev14clipToTextPathEP8GfxState#1	NOLINE	BOUNDARY	same	same
_ZN9OutputDev20clipToTextStrokePathEP8GfxState#1	NOLINE	BOUNDARY	same	same
_ZN9OutputDev13clearTextPathEP8GfxState#1	NOLINE	BOUNDARY	same	same
_ZN9OutputDev26addTextPathToSavedClipPathEP8GfxState#1	NOLINE	BOUNDARY	same	same
_ZN9OutputDev19clipToSavedClipPathEP8GfxState#1	NOLINE	BOUNDARY	same	same
_ZN9OutputDev12endType3CharEP8GfxState#1	NOLINE	BOUNDARY	same	same
_ZN9OutputDev13endTextObjectEP8GfxState#1	NOLINE	BOUNDARY	same	same
_ZN9OutputDev12incCharCountEi#1	NOLINE	BOUNDARY	same	same
_ZN9OutputDev15beginActualTextEP8GfxStatePji#1	NOLINE	BOUNDARY	same	same
_ZN9OutputDev13endActualTextEP8GfxState#1	NOLINE	BOUNDARY	same	same
_ZN9OutputDev7type3D0EP8GfxStatedd#1	NOLINE	BOUNDARY	same	same
_ZN9OutputDev7type3D1EP8GfxStatedddddd#1	NOLINE	BOUNDARY	same	same
_ZN9OutputDev8drawFormE3Ref#1	NOLINE	BOUNDARY	same	same
_ZN9OutputDev9psXObjectEP6StreamS1_#1	NOLINE	BOUNDARY	same	same
_ZN9OutputDev22beginTransparencyGroupEP8GfxStatePdP13GfxColorSpaceiii#1	NOLINE	BOUNDARY	same	same
_ZN9OutputDev20endTransparencyGroupEP8GfxState#1	NOLINE	BOUNDARY	same	same
_ZN9OutputDev22paintTransparencyGroupEP8GfxStatePd#1	NOLINE	BOUNDARY	same	same
_ZN9OutputDev11setSoftMaskEP8GfxStatePdiP8FunctionP8GfxColor#1	NOLINE	BOUNDARY	same	same
_ZN9OutputDev13clearSoftMaskEP8GfxState#1	NOLINE	BOUNDARY	same	same
_ZN9OutputDev18beginStructureItemEPKciP4Dict#1	NOLINE	BOUNDARY	same	same
_ZN9OutputDev16endStructureItemEv#1	NOLINE	BOUNDARY	same	same
_ZN16GfxRadialShading9getCoordsEPdS0_S0_S0_S0_S0_#1	NOLINE	BOUNDARY	same	same
_ZN8GfxState6moveToEdd#1	NOLINE	BOUNDARY	same	same
_ZN8GfxState6lineToEdd#1	NOLINE	BOUNDARY	same	same
_ZN8GfxState9closePathEv#1	NOLINE	BOUNDARY	changed	same
_ZN13GfxColorSpace16getDefaultRangesEPdS0_i#1	NOLINE	BOUNDARY	changed	same
_ZN23GfxDeviceGrayColorSpaceD1Ev#1	NOLINE	BOUNDARY	changed	same
_ZN20GfxCalGrayColorSpace7getGrayEP8GfxColorPi18GfxRenderingIntent#1	NOLINE	BOUNDARY	same	same
_ZN20GfxCalGrayColorSpace6getRGBEP8GfxColorP6GfxRGB18GfxRenderingIntent#1	NOLINE	BOUNDARY	changed	same
_ZN20GfxCalGrayColorSpace7getCMYKEP8GfxColorP7GfxCMYK18GfxRenderingIntent#1	NOLINE	BOUNDARY	changed	same
_ZN20GfxCalGrayColorSpace15getDefaultColorEP8GfxColor#1	NOLINE	BOUNDARY	same	same
_ZN20GfxCalGrayColorSpaceD1Ev#1	NOLINE	BOUNDARY	same	same
_ZN22GfxDeviceRGBColorSpaceD1Ev#1	NOLINE	BOUNDARY	same	same
_ZN22GfxDeviceRGBColorSpace7getGrayEP8GfxColorPi18GfxRenderingIntent#1	NOLINE	BOUNDARY	same	same
_ZN19GfxCalRGBColorSpace6getRGBEP8GfxColorP6GfxRGB18GfxRenderingIntent#1	NOLINE	BOUNDARY	same	same
_ZN19GfxCalRGBColorSpace7getCMYKEP8GfxColorP7GfxCMYK18GfxRenderingIntent#1	NOLINE	BOUNDARY	same	same
_ZN19GfxCalRGBColorSpace15getDefaultColorEP8GfxColor#1	NOLINE	BOUNDARY	same	same
_ZN19GfxCalRGBColorSpaceD1Ev#1	NOLINE	BOUNDARY	same	same
_ZN19GfxCalRGBColorSpace7getGrayEP8GfxColorPi18GfxRenderingIntent#1	NOLINE	BOUNDARY	same	same
_ZN23GfxDeviceCMYKColorSpaceD1Ev#1	NOLINE	BOUNDARY	same	same
_ZN23GfxDeviceCMYKColorSpace7getGrayEP8GfxColorPi18GfxRenderingIntent#1	NOLINE	BOUNDARY	same	same
_ZN23GfxDeviceCMYKColorSpace6getRGBEP8GfxColorP6GfxRGB18GfxRenderingIntent#1	NOLINE	BOUNDARY	same	same
_ZN23GfxDeviceCMYKColorSpace7getCMYKEP8GfxColorP7GfxCMYK18GfxRenderingIntent#1	NOLINE	BOUNDARY	same	same
_ZN23GfxDeviceCMYKColorSpace15getDefaultColorEP8GfxColor#1	NOLINE	BOUNDARY	same	same
_ZN16GfxLabColorSpaceD1Ev#1	NOLINE	BOUNDARY	same	same
_ZN16GfxLabColorSpace7getGrayEP8GfxColorPi18GfxRenderingIntent#1	NOLINE	BOUNDARY	same	same
_ZN16GfxLabColorSpace7getCMYKEP8GfxColorP7GfxCMYK18GfxRenderingIntent#1	NOLINE	BOUNDARY	same	same
_ZN16GfxLabColorSpace15getDefaultColorEP8GfxColor#1	NOLINE	BOUNDARY	same	same
_ZN16GfxLabColorSpace16getDefaultRangesEPdS0_i#1	NOLINE	BOUNDARY	same	same
_ZN21GfxICCBasedColorSpaceD1Ev#1	NOLINE	BOUNDARY	same	same
_ZN21GfxICCBasedColorSpace7getGrayEP8GfxColorPi18GfxRenderingIntent#1	NOLINE	BOUNDARY	same	same
_ZN21GfxICCBasedColorSpace6getRGBEP8GfxColorP6GfxRGB18GfxRenderingIntent#1	NOLINE	BOUNDARY	same	same
_ZN21GfxICCBasedColorSpace7getCMYKEP8GfxColorP7GfxCMYK18GfxRenderingIntent#1	NOLINE	BOUNDARY	same	same
_ZN21GfxICCBasedColorSpace15getDefaultColorEP8GfxColor#1	NOLINE	BOUNDARY	same	same
_ZN21GfxICCBasedColorSpace16getDefaultRangesEPdS0_i#1	NOLINE	BOUNDARY	same	same
_ZN20GfxIndexedColorSpace16getDefaultRangesEPdS0_i#1	NOLINE	BOUNDARY	same	same
_ZN23GfxSeparationColorSpace7getGrayEP8GfxColorPi18GfxRenderingIntent#1	NOLINE	BOUNDARY	same	same
_ZN23GfxSeparationColorSpace6getRGBEP8GfxColorP6GfxRGB18GfxRenderingIntent#1	NOLINE	BOUNDARY	same	same
_ZN23GfxSeparationColorSpace7getCMYKEP8GfxColorP7GfxCMYK18GfxRenderingIntent#1	NOLINE	BOUNDARY	same	same
_ZN23GfxSeparationColorSpace15getDefaultColorEP8GfxColor#1	NOLINE	BOUNDARY	same	same
_ZN20GfxDeviceNColorSpace7getGrayEP8GfxColorPi18GfxRenderingIntent#1	NOLINE	BOUNDARY	same	same
_ZN20GfxDeviceNColorSpace6getRGBEP8GfxColorP6GfxRGB18GfxRenderingIntent#1	NOLINE	BOUNDARY	same	same
_ZN20GfxDeviceNColorSpace7getCMYKEP8GfxColorP7GfxCMYK18GfxRenderingIntent#1	NOLINE	BOUNDARY	same	same
_ZN20GfxDeviceNColorSpace15getDefaultColorEP8GfxColor#1	NOLINE	BOUNDARY	same	same
_ZN20GfxPatternColorSpaceD1Ev#1	NOLINE	BOUNDARY	same	same
_ZN20GfxPatternColorSpace7getGrayEP8GfxColorPi18GfxRenderingIntent#1	NOLINE	BOUNDARY	same	same
_ZN20GfxPatternColorSpace6getRGBEP8GfxColorP6GfxRGB18GfxRenderingIntent#1	NOLINE	BOUNDARY	same	same
_ZN20GfxPatternColorSpace7getCMYKEP8GfxColorP7GfxCMYK18GfxRenderingIntent#1	NOLINE	BOUNDARY	same	same
_ZN20GfxPatternColorSpace15getDefaultColorEP8GfxColor#1	NOLINE	BOUNDARY	same	same
_ZN17GfxShadingPatternD1Ev#1	NOLINE	BOUNDARY	same	same
_ZN23GfxDeviceGrayColorSpaceD0Ev#1	NOLINE	BOUNDARY	same	same
_ZN20GfxCalGrayColorSpaceD0Ev#1	NOLINE	BOUNDARY	same	same
_ZN22GfxDeviceRGBColorSpaceD0Ev#1	NOLINE	BOUNDARY	same	same
_ZN19GfxCalRGBColorSpaceD0Ev#1	NOLINE	BOUNDARY	same	same
_ZN23GfxDeviceCMYKColorSpaceD0Ev#1	NOLINE	BOUNDARY	same	same
_ZN16GfxLabColorSpaceD0Ev#1	NOLINE	BOUNDARY	same	same
_ZN23GfxDeviceGrayColorSpace4copyEv#1	NOLINE	BOUNDARY	same	same
_ZN20GfxCalGrayColorSpace4copyEv#1	NOLINE	BOUNDARY	same	same
_ZN22GfxDeviceRGBColorSpace4copyEv#1	NOLINE	BOUNDARY	same	same
_ZN23GfxDeviceCMYKColorSpace4copyEv#1	NOLINE	BOUNDARY	same	same
_ZN16GfxLabColorSpace4copyEv#1	NOLINE	BOUNDARY	same	same
_ZN21GfxICCBasedColorSpace4copyEv#1	NOLINE	BOUNDARY	same	same
_ZN20GfxPatternColorSpace4copyEv#1	NOLINE	BOUNDARY	same	same
_ZN17GfxShadingPattern4copyEv#1	NOLINE	BOUNDARY	same	same
_ZN16GfxTilingPatternD1Ev#1	NOLINE	BOUNDARY	same	same
_ZN16GfxLabColorSpace6getRGBEP8GfxColorP6GfxRGB18GfxRenderingIntent#1	NOLINE	BOUNDARY	same	same
_ZN20GfxIndexedColorSpaceD1Ev#1	NOLINE	BOUNDARY	same	same
_ZN23GfxSeparationColorSpaceD1Ev#1	NOLINE	BOUNDARY	same	same
_ZN23GfxSeparationColorSpaceD0Ev#1	NOLINE	BOUNDARY	same	same
_ZN20GfxDeviceNColorSpaceD1Ev#1	NOLINE	BOUNDARY	same	same
_ZN20GfxDeviceNColorSpaceD0Ev#1	NOLINE	BOUNDARY	same	same
_ZN23GfxSeparationColorSpace4copyEv#1	NOLINE	BOUNDARY	same	same
_ZN16GfxTilingPatternD0Ev#1	NOLINE	BOUNDARY	same	same
_ZN17GfxShadingPatternD0Ev#1	NOLINE	BOUNDARY	same	same
_ZN20GfxPatternColorSpaceD0Ev#1	NOLINE	BOUNDARY	same	same
_ZN21GfxICCBasedColorSpaceD0Ev#1	NOLINE	BOUNDARY	same	same
_ZN20GfxIndexedColorSpaceD0Ev#1	NOLINE	BOUNDARY	same	same
_ZN19GfxCalRGBColorSpace4copyEv#1	NOLINE	BOUNDARY	same	same
_ZN20GfxIndexedColorSpace4copyEv#1	NOLINE	BOUNDARY	same	same
_ZN16GfxRadialShadingD1Ev#1	NOLINE	BOUNDARY	same	same
_ZN18GfxFunctionShadingD1Ev#1	NOLINE	BOUNDARY	same	same
_ZN15GfxAxialShadingD1Ev#1	NOLINE	BOUNDARY	same	same
_ZN15GfxAxialShadingD0Ev#1	NOLINE	BOUNDARY	same	same
_ZN18GfxFunctionShadingD0Ev#1	NOLINE	BOUNDARY	same	same
_ZN16GfxRadialShadingD0Ev#1	NOLINE	BOUNDARY	same	same
_ZN19GfxPatchMeshShadingD1Ev#1	NOLINE	BOUNDARY	same	same
_ZN19GfxPatchMeshShadingD0Ev#1	NOLINE	BOUNDARY	same	same
_ZN25GfxGouraudTriangleShadingD1Ev#1	NOLINE	BOUNDARY	same	same
_ZN25GfxGouraudTriangleShadingD0Ev#1	NOLINE	BOUNDARY	same	same
_ZN13GfxColorSpaceC1Ev#1	NOLINE	BOUNDARY	same	same
_ZN13GfxColorSpaceD1Ev#1	NOLINE	BOUNDARY	same	same
_ZN13GfxColorSpaceD0Ev#1	NOLINE	BOUNDARY	same	same
_ZN13GfxColorSpace6createE17GfxColorSpaceMode#1	NOLINE	BOUNDARY	same	same
_ZN13GfxColorSpace21getNumColorSpaceModesEv#1	NOLINE	BOUNDARY	same	same
_ZN13GfxColorSpace21getColorSpaceModeNameEi#1	NOLINE	BOUNDARY	same	same
_ZN23GfxDeviceGrayColorSpaceC1Ev#1	NOLINE	BOUNDARY	same	same
_ZN20GfxCalGrayColorSpaceC1Ev#1	NOLINE	BOUNDARY	same	same
_ZN20GfxCalGrayColorSpace5parseEP5Arrayi#1	NOLINE	BOUNDARY	same	same
_ZN22GfxDeviceRGBColorSpaceC1Ev#1	NOLINE	BOUNDARY	same	same
_ZN19GfxCalRGBColorSpaceC1Ev#1	NOLINE	BOUNDARY	same	same
_ZN19GfxCalRGBColorSpace5parseEP5Arrayi#1	NOLINE	BOUNDARY	same	same
_ZN23GfxDeviceCMYKColorSpaceC1Ev#1	NOLINE	BOUNDARY	same	same
_ZN16GfxLabColorSpaceC1Ev#1	NOLINE	BOUNDARY	same	same
_ZN16GfxLabColorSpace5parseEP5Arrayi#1	NOLINE	BOUNDARY	same	same
_ZN21GfxICCBasedColorSpaceC1EiP13GfxColorSpaceP3Ref#1	NOLINE	BOUNDARY	same	same
_ZN20GfxIndexedColorSpaceC1EP13GfxColorSpacei#1	NOLINE	BOUNDARY	same	same
_ZN20GfxIndexedColorSpace14mapColorToBaseEP8GfxColorS1_#1	NOLINE	BOUNDARY	same	same
_ZN20GfxIndexedColorSpace7getGrayEP8GfxColorPi18GfxRenderingIntent#1	NOLINE	BOUNDARY	same	same
_ZN20GfxIndexedColorSpace6getRGBEP8GfxColorP6GfxRGB18GfxRenderingIntent#1	NOLINE	BOUNDARY	same	same
_ZN20GfxIndexedColorSpace7getCMYKEP8GfxColorP7GfxCMYK18GfxRenderingIntent#1	NOLINE	BOUNDARY	same	same
_ZN23GfxSeparationColorSpaceC1EP7GStringP13GfxColorSpaceP8Function#1	NOLINE	BOUNDARY	same	same
_ZN23GfxSeparationColorSpaceC1EP7GStringP13GfxColorSpaceP8Functionij#1	NOLINE	BOUNDARY	same	same
_ZN20GfxDeviceNColorSpaceC1EiPP7GStringP13GfxColorSpaceP8FunctionP6Object#1	NOLINE	BOUNDARY	same	same
_ZN20GfxDeviceNColorSpaceC1EiPP7GStringP13GfxColorSpaceP8FunctionP6Objectij#1	NOLINE	BOUNDARY	same	same
_ZN20GfxDeviceNColorSpace4copyEv#1	NOLINE	BOUNDARY	same	same
_ZN20GfxPatternColorSpaceC1EP13GfxColorSpace#1	NOLINE	BOUNDARY	same	same
_ZN20GfxPatternColorSpace5parseEP5Arrayi#1	NOLINE	BOUNDARY	same	same
_ZN13GfxColorSpace5parseEP6Objecti#1	NOLINE	BOUNDARY	same	same
_ZN21GfxICCBasedColorSpace5parseEP5Arrayi#1	NOLINE	BOUNDARY	same	same
_ZN20GfxIndexedColorSpace5parseEP5Arrayi#1	NOLINE	BOUNDARY	changed	changed
_ZN23GfxSeparationColorSpace5parseEP5Arrayi#1	NOLINE	BOUNDARY	same	same
_ZN20GfxDeviceNColorSpace5parseEP5Arrayi#1	NOLINE	BOUNDARY	same	same
_ZN10GfxPatternC1Ei#1	NOLINE	BOUNDARY	same	same
_ZN10GfxPatternD1Ev#1	NOLINE	BOUNDARY	same	same
_ZN10GfxPatternD0Ev#1	NOLINE	BOUNDARY	same	same
_ZN16GfxTilingPatternC1EiiPdddP6ObjectS0_S2_#1	NOLINE	BOUNDARY	same	same
_ZN16GfxTilingPattern5parseEP6ObjectS1_#1	NOLINE	BOUNDARY	same	same
_ZN16GfxTilingPattern4copyEv#1	NOLINE	BOUNDARY	same	same
_ZN16GfxTilingPattern23scanXObjectForBlendModeEP6ObjectPcP4XRef#1	NOLINE	BOUNDARY	changed	changed
_ZN16GfxTilingPattern24scanSoftMaskForBlendModeEP6ObjectPcP4XRef#1	NOLINE	BOUNDARY	changed	changed
_ZN16GfxTilingPattern25scanExtGStateForBlendModeEP6ObjectPcP4XRef#1	NOLINE	BOUNDARY	changed	changed
_ZN16GfxTilingPattern25scanResourcesForBlendModeEP6ObjectPcP4XRef#1	NOLINE	BOUNDARY	changed	changed
_ZN16GfxTilingPattern13usesBlendModeEP4XRef#1	NOLINE	BOUNDARY	same	same
_ZN16GfxTilingPattern23scanPatternForBlendModeEP6ObjectPcP4XRef#1	NOLINE	BOUNDARY	changed	changed
_ZN17GfxShadingPatternC1EP10GfxShadingPd#1	NOLINE	BOUNDARY	same	same
_ZN10GfxShadingC1Ei#1	NOLINE	BOUNDARY	same	same
_ZN10GfxShadingC1EPS_#1	NOLINE	BOUNDARY	same	same
_ZN10GfxShadingD1Ev#1	NOLINE	BOUNDARY	same	same
_ZN10GfxShadingD0Ev#1	NOLINE	BOUNDARY	same	same
_ZN10GfxShading4initEP4Dict#1	NOLINE	BOUNDARY	same	same
_ZN18GfxFunctionShadingC1EddddPdPP8Functioni#1	NOLINE	BOUNDARY	same	same
_ZN18GfxFunctionShadingC1EPS_#1	NOLINE	BOUNDARY	same	same
_ZN18GfxFunctionShading4copyEv#1	NOLINE	BOUNDARY	same	same
_ZN18GfxFunctionShading5parseEP4Dict#1	NOLINE	BOUNDARY	same	same
_ZN18GfxFunctionShading8getColorEddP8GfxColor#1	NOLINE	BOUNDARY	same	same
_ZN15GfxAxialShadingC1EddddddPP8Functioniii#1	NOLINE	BOUNDARY	same	same
_ZN15GfxAxialShadingC1EPS_#1	NOLINE	BOUNDARY	same	same
_ZN15GfxAxialShading4copyEv#1	NOLINE	BOUNDARY	same	same
_ZN15GfxAxialShading5parseEP4Dict#1	NOLINE	BOUNDARY	same	same
_ZN15GfxAxialShading8getColorEdP8GfxColor#1	NOLINE	BOUNDARY	same	same
_ZN16GfxRadialShadingC1EddddddddPP8Functioniii#1	NOLINE	BOUNDARY	same	same
_ZN16GfxRadialShadingC1EPS_#1	NOLINE	BOUNDARY	same	same
_ZN16GfxRadialShading4copyEv#1	NOLINE	BOUNDARY	same	same
_ZN16GfxRadialShading5parseEP4Dict#1	NOLINE	BOUNDARY	same	same
_ZN16GfxRadialShading8getColorEdP8GfxColor#1	NOLINE	BOUNDARY	same	same
_ZN16GfxShadingBitBufC1EP6Stream#1	NOLINE	BOUNDARY	same	same
_ZN16GfxShadingBitBufD1Ev#1	NOLINE	BOUNDARY	same	same
_ZN16GfxShadingBitBuf7getBitsEiPj#1	NOLINE	BOUNDARY	changed	same
_ZN16GfxShadingBitBuf9flushBitsEv#1	NOLINE	BOUNDARY	same	same
_ZN25GfxGouraudTriangleShadingC1EiP16GfxGouraudVertexiPA3_iiiPP8Functioni#1	NOLINE	BOUNDARY	same	same
_ZN25GfxGouraudTriangleShadingC1EPS_#1	NOLINE	BOUNDARY	same	same
_ZN25GfxGouraudTriangleShading4copyEv#1	NOLINE	BOUNDARY	same	same
_ZN25GfxGouraudTriangleShading5parseEiP4DictP6Stream#1	NOLINE	BOUNDARY	changed	same
_ZN25GfxGouraudTriangleShading11getTriangleEiPdS0_S0_S0_S0_S0_S0_S0_S0_#1	NOLINE	BOUNDARY	same	same
_ZN25GfxGouraudTriangleShading7getBBoxEPdS0_S0_S0_#1	NOLINE	BOUNDARY	same	same
_ZN25GfxGouraudTriangleShading8getColorEPdP8GfxColor#1	NOLINE	BOUNDARY	same	same
_ZN19GfxPatchMeshShadingC1EiP8GfxPatchiiPP8Functioni#1	NOLINE	BOUNDARY	same	same
_ZN19GfxPatchMeshShadingC1EPS_#1	NOLINE	BOUNDARY	same	same
_ZN19GfxPatchMeshShading4copyEv#1	NOLINE	BOUNDARY	same	same
_ZN19GfxPatchMeshShading5parseEiP4DictP6Stream#1	NOLINE	BOUNDARY	changed	same
_ZN10GfxShading5parseEP6Object#1	NOLINE	BOUNDARY	same	same
_ZN17GfxShadingPattern5parseEP6Object#1	NOLINE	BOUNDARY	same	same
_ZN10GfxPattern5parseEP6ObjectS1_#1	NOLINE	BOUNDARY	same	same
_ZN19GfxPatchMeshShading7getBBoxEPdS0_S0_S0_#1	NOLINE	BOUNDARY	same	same
_ZN19GfxPatchMeshShading8getColorEPdP8GfxColor#1	NOLINE	BOUNDARY	same	same
_ZN16GfxImageColorMapC1EiP6ObjectP13GfxColorSpacei#1	NOLINE	BOUNDARY	changed	same
_ZN16GfxImageColorMapC1EPS_#1	NOLINE	BOUNDARY	changed	same
_ZN16GfxImageColorMapD1Ev#1	NOLINE	BOUNDARY	same	same
_ZN16GfxImageColorMap7getGrayEPhPi18GfxRenderingIntent#1	NOLINE	BOUNDARY	same	same
_ZN16GfxImageColorMap6getRGBEPhP6GfxRGB18GfxRenderingIntent#1	NOLINE	BOUNDARY	same	same
_ZN16GfxImageColorMap7getCMYKEPhP7GfxCMYK18GfxRenderingIntent#1	NOLINE	BOUNDARY	same	same
_ZN16GfxImageColorMap8getColorEPhP8GfxColor#1	NOLINE	BOUNDARY	same	same
_ZN16GfxImageColorMap15getGrayByteLineEPhS0_i18GfxRenderingIntent#1	NOLINE	BOUNDARY	changed	same
_ZN16GfxImageColorMap14getRGBByteLineEPhS0_i18GfxRenderingIntent#1	NOLINE	BOUNDARY	changed	same
_ZN16GfxImageColorMap15getCMYKByteLineEPhS0_i18GfxRenderingIntent#1	NOLINE	BOUNDARY	changed	same
_ZN10GfxSubpathC1Edd#1	NOLINE	BOUNDARY	same	same
_ZN10GfxSubpathD1Ev#1	NOLINE	BOUNDARY	same	same
_ZN10GfxSubpathC1EPS_#1	NOLINE	BOUNDARY	same	same
_ZN10GfxSubpath6lineToEdd#1	NOLINE	BOUNDARY	same	same
_ZN10GfxSubpath7curveToEdddddd#1	NOLINE	BOUNDARY	changed	same
_ZN10GfxSubpath5closeEv#1	NOLINE	BOUNDARY	changed	same
_ZN10GfxSubpath6offsetEdd#1	NOLINE	BOUNDARY	same	same
_ZN7GfxPathC1Ev#1	NOLINE	BOUNDARY	same	same
_ZN7GfxPathD1Ev#1	NOLINE	BOUNDARY	changed	same
_ZN7GfxPathC1EiddPP10GfxSubpathii#1	NOLINE	BOUNDARY	changed	same
_ZN7GfxPath7getCurXEv#1	NOLINE	BOUNDARY	changed	same
_ZN7GfxPath7getCurYEv#1	NOLINE	BOUNDARY	changed	same
_ZN7GfxPath6moveToEdd#1	NOLINE	BOUNDARY	same	same
_ZN7GfxPath6lineToEdd#1	NOLINE	BOUNDARY	changed	same
_ZN7GfxPath7curveToEdddddd#1	NOLINE	BOUNDARY	changed	same
_ZN7GfxPath5closeEv#1	NOLINE	BOUNDARY	changed	same
_ZN7GfxPath6appendEPS_#1	NOLINE	BOUNDARY	changed	same
_ZN7GfxPath6offsetEdd#1	NOLINE	BOUNDARY	same	same
_ZN8GfxStateC1EP11LocalParamsddP12PDFRectangleii#1	NOLINE	BOUNDARY	same	same
_ZN8GfxStateD1Ev#1	NOLINE	BOUNDARY	same	same
_ZN8GfxStateC1EPS_i#1	NOLINE	BOUNDARY	same	same
_ZN8GfxState7setPathEP7GfxPath#1	NOLINE	BOUNDARY	same	same
_ZN8GfxState15getUserClipBBoxEPdS0_S0_S0_#1	NOLINE	BOUNDARY	same	same
_ZN8GfxState14transformWidthEd#1	NOLINE	BOUNDARY	same	same
_ZN8GfxState22getTransformedFontSizeEv#1	NOLINE	BOUNDARY	same	same
_ZN8GfxState15getFontTransMatEPdS0_S0_S0_#1	NOLINE	BOUNDARY	same	same
_ZN8GfxState6setCTMEdddddd#1	NOLINE	BOUNDARY	same	same
_ZN8GfxState9concatCTMEdddddd#1	NOLINE	BOUNDARY	same	same
_ZN8GfxState8shiftCTMEdd#1	NOLINE	BOUNDARY	same	same
_ZN8GfxState17setFillColorSpaceEP13GfxColorSpace#1	NOLINE	BOUNDARY	same	same
_ZN8GfxState19setStrokeColorSpaceEP13GfxColorSpace#1	NOLINE	BOUNDARY	same	same
_ZN8GfxState14setFillPatternEP10GfxPattern#1	NOLINE	BOUNDARY	same	same
_ZN8GfxState16setStrokePatternEP10GfxPattern#1	NOLINE	BOUNDARY	same	same
_ZN8GfxState18setRenderingIntentE18GfxRenderingIntent#1	NOLINE	BOUNDARY	same	same
_ZN8GfxState11setTransferEPP8Function#1	NOLINE	BOUNDARY	same	same
_ZN8GfxState11setLineDashEPdid#1	NOLINE	BOUNDARY	same	same
_ZN8GfxState9clearPathEv#1	NOLINE	BOUNDARY	same	same
_ZN8GfxState4clipEv#1	NOLINE	BOUNDARY	same	same
_ZN8GfxState16clipToStrokePathEv#1	NOLINE	BOUNDARY	changed	same
_ZN8GfxState10clipToRectEdddd#1	NOLINE	BOUNDARY	changed	same
_ZN8GfxState9textShiftEdd#1	NOLINE	BOUNDARY	same	same
_ZN8GfxState5shiftEdd#1	NOLINE	BOUNDARY	same	same
_ZN8GfxState4saveEv#1	NOLINE	BOUNDARY	same	same
_ZN8GfxState7restoreEv#1	NOLINE	BOUNDARY	same	same
_ZN8GfxState14parseBlendModeEP6ObjectP12GfxBlendMode#1	NOLINE	BOUNDARY	same	same
_ZN13GfxColorSpace12isNonMarkingEv#1	NOLINE	BOUNDARY	same	same
_ZN23GfxDeviceGrayColorSpace7getModeEv#1	NOLINE	BOUNDARY	same	same
_ZN23GfxDeviceGrayColorSpace9getNCompsEv#1	NOLINE	BOUNDARY	same	same
_ZN20GfxCalGrayColorSpace7getModeEv#1	NOLINE	BOUNDARY	same	same
_ZN20GfxCalGrayColorSpace9getNCompsEv#1	NOLINE	BOUNDARY	same	same
_ZN22GfxDeviceRGBColorSpace7getModeEv#1	NOLINE	BOUNDARY	same	same
_ZN22GfxDeviceRGBColorSpace9getNCompsEv#1	NOLINE	BOUNDARY	same	same
_ZN19GfxCalRGBColorSpace7getModeEv#1	NOLINE	BOUNDARY	same	same
_ZN19GfxCalRGBColorSpace9getNCompsEv#1	NOLINE	BOUNDARY	same	same
_ZN23GfxDeviceCMYKColorSpace7getModeEv#1	NOLINE	BOUNDARY	same	same
_ZN23GfxDeviceCMYKColorSpace9getNCompsEv#1	NOLINE	BOUNDARY	same	same
_ZN16GfxLabColorSpace7getModeEv#1	NOLINE	BOUNDARY	same	same
_ZN16GfxLabColorSpace9getNCompsEv#1	NOLINE	BOUNDARY	same	same
_ZN21GfxICCBasedColorSpace7getModeEv#1	NOLINE	BOUNDARY	same	same
_ZN21GfxICCBasedColorSpace9getNCompsEv#1	NOLINE	BOUNDARY	same	same
_ZN20GfxIndexedColorSpace7getModeEv#1	NOLINE	BOUNDARY	same	same
_ZN20GfxIndexedColorSpace9getNCompsEv#1	NOLINE	BOUNDARY	same	same
_ZN23GfxSeparationColorSpace7getModeEv#1	NOLINE	BOUNDARY	same	same
_ZN23GfxSeparationColorSpace9getNCompsEv#1	NOLINE	BOUNDARY	same	same
_ZN23GfxSeparationColorSpace12isNonMarkingEv#1	NOLINE	BOUNDARY	same	same
_ZN20GfxDeviceNColorSpace7getModeEv#1	NOLINE	BOUNDARY	same	same
_ZN20GfxDeviceNColorSpace9getNCompsEv#1	NOLINE	BOUNDARY	same	same
_ZN20GfxDeviceNColorSpace12isNonMarkingEv#1	NOLINE	BOUNDARY	same	same
_ZN20GfxPatternColorSpace7getModeEv#1	NOLINE	BOUNDARY	same	same
_ZN20GfxPatternColorSpace9getNCompsEv#1	NOLINE	BOUNDARY	same	same
_ZN11JBIG2Stream11getPSFilterEiPKci#1	NOLINE	BOUNDARY	same	same
_ZN11JBIG2Stream8isBinaryEi#1	NOLINE	BOUNDARY	same	same
_ZN11JBIG2BitmapD1Ev#1	NOLINE	BOUNDARY	same	same
_ZN11JBIG2BitmapD0Ev#1	NOLINE	BOUNDARY	same	same
_ZN14JBIG2CodeTableD1Ev#1	NOLINE	BOUNDARY	same	same
_ZN14JBIG2CodeTableD0Ev#1	NOLINE	BOUNDARY	same	same
_ZN11JBIG2Stream5resetEv#1	NOLINE	BOUNDARY	same	same
_ZN16JBIG2PatternDictD1Ev#1	NOLINE	BOUNDARY	same	same
_ZN16JBIG2PatternDictD0Ev#1	NOLINE	BOUNDARY	same	same
_ZN15JBIG2SymbolDictD1Ev#1	NOLINE	BOUNDARY	same	same
_ZN15JBIG2SymbolDictD0Ev#1	NOLINE	BOUNDARY	same	same
_ZN19JBIG2HuffmanDecoderC1Ev#1	NOLINE	BOUNDARY	same	same
_ZN19JBIG2HuffmanDecoderD1Ev#1	NOLINE	BOUNDARY	same	same
_ZN19JBIG2HuffmanDecoder5resetEv#1	NOLINE	BOUNDARY	same	same
_ZN19JBIG2HuffmanDecoder8readBitsEj#1	NOLINE	BOUNDARY	same	same
_ZN19JBIG2HuffmanDecoder9decodeIntEPiP17JBIG2HuffmanTable#1	NOLINE	BOUNDARY	same	same
_ZN19JBIG2HuffmanDecoder7readBitEv#1	NOLINE	BOUNDARY	same	same
_ZN19JBIG2HuffmanDecoder10buildTableEP17JBIG2HuffmanTablej#1	NOLINE	BOUNDARY	same	same
_ZN15JBIG2MMRDecoderC1Ev#1	NOLINE	BOUNDARY	same	same
_ZN15JBIG2MMRDecoderD1Ev#1	NOLINE	BOUNDARY	same	same
_ZN15JBIG2MMRDecoder5resetEv#1	NOLINE	BOUNDARY	same	same
_ZN15JBIG2MMRDecoder9get2DCodeEv#1	NOLINE	BOUNDARY	same	same
_ZN15JBIG2MMRDecoder12getWhiteCodeEv#1	NOLINE	BOUNDARY	same	same
_ZN15JBIG2MMRDecoder12getBlackCodeEv#1	NOLINE	BOUNDARY	same	same
_ZN15JBIG2MMRDecoder9get24BitsEv#1	NOLINE	BOUNDARY	same	same
_ZN15JBIG2MMRDecoder6skipToEj#1	NOLINE	BOUNDARY	same	same
_ZN11JBIG2BitmapC1Ejii#1	NOLINE	BOUNDARY	same	same
_ZN11JBIG2BitmapC1EjPS_#1	NOLINE	BOUNDARY	same	same
_ZN11JBIG2Bitmap8getSliceEjjjj#1	NOLINE	BOUNDARY	same	same
_ZN11JBIG2Bitmap6expandEij#1	NOLINE	BOUNDARY	same	same
_ZN11JBIG2Bitmap11clearToZeroEv#1	NOLINE	BOUNDARY	same	same
_ZN11JBIG2Bitmap10clearToOneEv#1	NOLINE	BOUNDARY	same	same
_ZN11JBIG2Bitmap12duplicateRowEii#1	NOLINE	BOUNDARY	same	same
_ZN11JBIG2Bitmap7combineEPS_iij#1	NOLINE	BOUNDARY	changed	same
_ZN15JBIG2SymbolDictC1Ejj#1	NOLINE	BOUNDARY	same	same
_ZN16JBIG2PatternDictC1Ejj#1	NOLINE	BOUNDARY	same	same
_ZN14JBIG2CodeTableC1EjP17JBIG2HuffmanTable#1	NOLINE	BOUNDARY	same	same
_ZN11JBIG2StreamC1EP6StreamP6Object#1	NOLINE	BOUNDARY	same	same
_ZN11JBIG2Stream4copyEv#1	NOLINE	BOUNDARY	same	same
_ZN11JBIG2Stream17readGenericBitmapEiiiiiiP11JBIG2BitmapPiS2_i#1	NOLINE	BOUNDARY	changed	same
_ZN11JBIG2Stream27readGenericRefinementRegionEiiiiP11JBIG2BitmapiiPiS2_#1	NOLINE	BOUNDARY	changed	same
_ZN11JBIG2Stream14readTextRegionEiiiijjiP17JBIG2HuffmanTablejPP11JBIG2BitmapjjjjiS1_S1_S1_S1_S1_S1_S1_S1_jPiS5_#1	NOLINE	BOUNDARY	changed	same
_ZN11JBIG2Stream18readEndOfStripeSegEj#1	NOLINE	BOUNDARY	same	same
_ZN11JBIG2Stream15readProfilesSegEj#1	NOLINE	BOUNDARY	same	same
_ZN11JBIG2Stream16readExtensionSegEj#1	NOLINE	BOUNDARY	same	same
_ZN11JBIG2Stream11findSegmentEj#1	NOLINE	BOUNDARY	same	same
_ZN11JBIG2Stream14discardSegmentEj#1	NOLINE	BOUNDARY	same	same
_ZN11JBIG2Stream17resetGenericStatsEjP23JArithmeticDecoderStats#1	NOLINE	BOUNDARY	same	same
_ZN11JBIG2Stream20resetRefinementStatsEjP23JArithmeticDecoderStats#1	NOLINE	BOUNDARY	same	same
_ZN11JBIG2Stream13resetIntStatsEi#1	NOLINE	BOUNDARY	same	same
_ZN11JBIG2Stream9readUByteEPj#1	NOLINE	BOUNDARY	same	same
_ZN11JBIG2Stream8readByteEPi#1	NOLINE	BOUNDARY	same	same
_ZN11JBIG2Stream9readUWordEPj#1	NOLINE	BOUNDARY	same	same
_ZN11JBIG2Stream9readULongEPj#1	NOLINE	BOUNDARY	same	same
_ZN11JBIG2Stream17readSymbolDictSegEjjPjj#1	NOLINE	BOUNDARY	same	same
_ZN11JBIG2Stream17readTextRegionSegEjiijPjj#1	NOLINE	BOUNDARY	same	same
_ZN11JBIG2Stream18readPatternDictSegEjj#1	NOLINE	BOUNDARY	same	same
_ZN11JBIG2Stream20readGenericRegionSegEjiij#1	NOLINE	BOUNDARY	same	same
_ZN11JBIG2Stream30readGenericRefinementRegionSegEjiijPjj#1	NOLINE	BOUNDARY	same	same
_ZN11JBIG2Stream15readPageInfoSegEj#1	NOLINE	BOUNDARY	same	same
_ZN11JBIG2Stream8readLongEPi#1	NOLINE	BOUNDARY	same	same
_ZN11JBIG2Stream21readHalftoneRegionSegEjiijPjj#1	NOLINE	BOUNDARY	same	same
_ZN11JBIG2Stream16readCodeTableSegEjj#1	NOLINE	BOUNDARY	same	same
_ZN11JBIG2Stream12readSegmentsEv#1	NOLINE	BOUNDARY	same	same
_ZN11JBIG2Stream11decodeImageEv#1	NOLINE	BOUNDARY	same	same
_ZN11JBIG2Stream7getCharEv#1	NOLINE	BOUNDARY	same	same
_ZN11JBIG2Stream8lookCharEv#1	NOLINE	BOUNDARY	same	same
_ZN11JBIG2Stream8getBlockEPci#1	NOLINE	BOUNDARY	same	same
_ZN11JBIG2Stream5closeEv#1	NOLINE	BOUNDARY	changed	same
_ZN11JBIG2StreamD1Ev#1	NOLINE	BOUNDARY	same	same
_ZN11JBIG2StreamD0Ev#1	NOLINE	BOUNDARY	same	same
_ZN11JBIG2Stream7getKindEv#1	NOLINE	BOUNDARY	same	same
_ZN11JBIG2Stream20hasStrongCompressionEv#1	NOLINE	BOUNDARY	same	same
_ZN11JBIG2Bitmap7getTypeEv#1	NOLINE	BOUNDARY	same	same
_ZN15JBIG2SymbolDict7getTypeEv#1	NOLINE	BOUNDARY	same	same
_ZN16JBIG2PatternDict7getTypeEv#1	NOLINE	BOUNDARY	same	same
_ZN14JBIG2CodeTable7getTypeEv#1	NOLINE	BOUNDARY	same	same
_ZN11JBIG2Bitmap8getPixelEii#1	NOLINE	BOUNDARY	same	same
_ZN9JPXStream5resetEv#1	NOLINE	BOUNDARY	same	same
_ZN9JPXStream11getPSFilterEiPKci#1	NOLINE	BOUNDARY	same	same
_ZN9JPXStream8isBinaryEi#1	NOLINE	BOUNDARY	same	same
_ZN9JPXStream5closeEv#1	NOLINE	BOUNDARY	same	same
_ZN9JPXStreamD1Ev#1	NOLINE	BOUNDARY	same	same
_ZN9JPXStream18inverseTransform1DEP11JPXTileCompPijj.part.0#1	NOLINE	BOUNDARY	same	same
_ZN9JPXStreamD0Ev#1	NOLINE	BOUNDARY	same	same
_ZN9JPXStreamC1EP6Stream#1	NOLINE	BOUNDARY	same	same
_ZN9JPXStream4copyEv#1	NOLINE	BOUNDARY	same	same
_ZN9JPXStream11fillReadBufEv#1	NOLINE	BOUNDARY	same	same
_ZN9JPXStream17readCodeBlockDataEP11JPXTileCompP11JPXResLevelP11JPXPrecinctP10JPXSubbandjjP12JPXCodeBlock#1	NOLINE	BOUNDARY	changed	changed
_ZN9JPXStream21inverseTransformLevelEP11JPXTileCompjP11JPXResLevel#1	NOLINE	BOUNDARY	same	changed
_ZN9JPXStream16inverseTransformEP11JPXTileComp#1	NOLINE	BOUNDARY	same	changed
_ZN9JPXStream18inverseTransform1DEP11JPXTileCompPijj#1	NOLINE	BOUNDARY	same	same
_ZN9JPXStream21inverseMultiCompAndDCEP7JPXTile#1	NOLINE	BOUNDARY	same	same
_ZN9JPXStream9readUByteEPj#1	NOLINE	BOUNDARY	same	same
_ZN9JPXStream8readByteEPi#1	NOLINE	BOUNDARY	same	same
_ZN9JPXStream9readUWordEPj#1	NOLINE	BOUNDARY	same	same
_ZN9JPXStream13readMarkerHdrEPiPj#1	NOLINE	BOUNDARY	same	same
_ZN9JPXStream9readULongEPj#1	NOLINE	BOUNDARY	same	same
_ZN9JPXStream15getImageParams2EPiP20StreamColorSpaceMode#1	NOLINE	BOUNDARY	same	same
_ZN9JPXStream16readColorSpecBoxEj#1	NOLINE	BOUNDARY	same	same
_ZN9JPXStream10readBoxHdrEPjS0_S0_#1	NOLINE	BOUNDARY	same	same
_ZN9JPXStream14getImageParamsEPiP20StreamColorSpaceMode#1	NOLINE	BOUNDARY	same	same
_ZN9JPXStream10readNBytesEiiPi#1	NOLINE	BOUNDARY	same	same
_ZN9JPXStream11startBitBufEj#1	NOLINE	BOUNDARY	same	same
_ZN9JPXStream8readBitsEiPj#1	NOLINE	BOUNDARY	same	same
_ZN9JPXStream7skipSOPEv#1	NOLINE	BOUNDARY	same	same
_ZN9JPXStream7skipEPHEv#1	NOLINE	BOUNDARY	same	same
_ZN9JPXStream16readTilePartDataEjji#1	NOLINE	BOUNDARY	same	same
_ZN9JPXStream12readTilePartEv#1	NOLINE	BOUNDARY	same	same
_ZN9JPXStream14readCodestreamEj#1	NOLINE	BOUNDARY	same	same
_ZN9JPXStream9readBoxesEv#1	NOLINE	BOUNDARY	same	same
_ZN9JPXStream11decodeImageEv#1	NOLINE	BOUNDARY	same	same
_ZN9JPXStream8lookCharEv#1	NOLINE	BOUNDARY	same	same
_ZN9JPXStream7getCharEv#1	NOLINE	BOUNDARY	same	same
_ZN9JPXStream12finishBitBufEv#1	NOLINE	BOUNDARY	same	same
_ZN9JPXStream7getKindEv#1	NOLINE	BOUNDARY	same	same
_ZN9JPXStream20hasStrongCompressionEv#1	NOLINE	BOUNDARY	same	same
_ZN5LexerC1EP4XRefP6Stream#1	NOLINE	BOUNDARY	same	same
_ZN5LexerC1EP4XRefP6Object#1	NOLINE	BOUNDARY	same	same
_ZN5LexerD1Ev#1	NOLINE	BOUNDARY	same	same
_ZN5Lexer7getCharEv#1	NOLINE	BOUNDARY	same	same
_ZN5Lexer8lookCharEv#1	NOLINE	BOUNDARY	same	same
_ZN5Lexer6getObjEP6Object#1	NOLINE	BOUNDARY	changed	changed
_ZN5Lexer14skipToNextLineEv#1	NOLINE	BOUNDARY	same	same
_ZN5Lexer9skipToEOFEv#1	NOLINE	BOUNDARY	changed	same
_ZN5Lexer7isSpaceEi#1	NOLINE	BOUNDARY	changed	changed
_ZN15OptionalContent10getNumOCGsEv#1	NOLINE	BOUNDARY	same	same
_ZN15OptionalContent6getOCGEi#1	NOLINE	BOUNDARY	same	same
_ZN15OptionalContent7findOCGEP3Ref#1	NOLINE	BOUNDARY	same	same
_ZN15OptionalContent20evalOCVisibilityExprEP6Objecti#1	NOLINE	BOUNDARY	same	same
_ZN15OptionalContent12evalOCObjectEP6ObjectPi#1	NOLINE	BOUNDARY	same	same
_ZN20OptionalContentGroup5parseEP3RefP6Object#1	NOLINE	BOUNDARY	same	same
_ZN20OptionalContentGroupC1EP3RefP10TextString12OCUsageStateS4_#1	NOLINE	BOUNDARY	same	same
_ZN20OptionalContentGroupD1Ev#1	NOLINE	BOUNDARY	same	same
_ZN20OptionalContentGroup7matchesEP3Ref#1	NOLINE	BOUNDARY	same	same
_ZN20OptionalContentGroup7getNameEv#1	NOLINE	BOUNDARY	same	same
_ZN20OptionalContentGroup13getNameLengthEv#1	NOLINE	BOUNDARY	same	same
_ZN13OCDisplayNodeC1Ev#1	NOLINE	BOUNDARY	same	same
_ZN13OCDisplayNodeC1EP7GString#1	NOLINE	BOUNDARY	same	same
_ZN13OCDisplayNodeC1EP20OptionalContentGroup#1	NOLINE	BOUNDARY	same	same
_ZN13OCDisplayNode8addChildEPS_#1	NOLINE	BOUNDARY	same	same
_ZN13OCDisplayNode11addChildrenEP5GList#1	NOLINE	BOUNDARY	same	same
_ZN13OCDisplayNode12takeChildrenEv#1	NOLINE	BOUNDARY	same	same
_ZN13OCDisplayNodeD1Ev#1	NOLINE	BOUNDARY	changed	same
_ZN15OptionalContentD1Ev#1	NOLINE	BOUNDARY	changed	same
_ZN13OCDisplayNode5parseEP6ObjectP15OptionalContentP4XRefi#1	NOLINE	BOUNDARY	same	same
_ZN15OptionalContentC1EP6PDFDoc#1	NOLINE	BOUNDARY	same	same
_ZN13OCDisplayNode7getNameEv#1	NOLINE	BOUNDARY	same	same
_ZN13OCDisplayNode13getNameLengthEv#1	NOLINE	BOUNDARY	same	same
_ZN13OCDisplayNode14getNumChildrenEv#1	NOLINE	BOUNDARY	same	same
_ZN13OCDisplayNode8getChildEi#1	NOLINE	BOUNDARY	same	same
_ZN11OutlineItemC1EP6ObjectP4DictPS_P4XRef#1	NOLINE	BOUNDARY	same	same
_ZN11OutlineItem5closeEv#1	NOLINE	BOUNDARY	changed	same
_ZN11OutlineItemD1Ev#1	NOLINE	BOUNDARY	same	same
_ZN7OutlineD1Ev#1	NOLINE	BOUNDARY	changed	same
_ZN11OutlineItem12readItemListEP6ObjectS1_PS_P4XRef#1	NOLINE	BOUNDARY	same	same
_ZN7OutlineC1EP6ObjectP4XRef#1	NOLINE	BOUNDARY	same	same
_ZN11OutlineItem4openEv#1	NOLINE	BOUNDARY	same	same
_ZN11OutlineItem8getTitleEv#1	NOLINE	BOUNDARY	same	same
_ZN11OutlineItem14getTitleLengthEv#1	NOLINE	BOUNDARY	same	same
_ZL9countTextP7GStringi#1	NOLINE	BOUNDARY	changed	changed
_Z17drawPDF417BarcodeddddiP7GStringS0_#1	NOLINE	BOUNDARY	changed	changed
_ZN11PSTokenizerC1EPFiPvES0_#1	NOLINE	BOUNDARY	same	same
_ZN11PSTokenizerD1Ev#1	NOLINE	BOUNDARY	same	same
_ZN11PSTokenizer8getTokenEPciPi#1	NOLINE	BOUNDARY	changed	changed
_ZN11PSTokenizer8lookCharEv#1	NOLINE	BOUNDARY	same	same
_ZN11PSTokenizer7getCharEv#1	NOLINE	BOUNDARY	same	same
_ZN18XFAFieldLayoutInfoC1E20XFAFieldLayoutHAlign20XFAFieldLayoutVAligndd#1	NOLINE	BOUNDARY	same	same
_ZN19XFAFieldPictureInfoC1E22XFAFieldPictureSubtypeP7GString#1	NOLINE	BOUNDARY	same	same
_ZN19XFAFieldPictureInfoD1Ev#1	NOLINE	BOUNDARY	same	same
_ZN19XFAFieldBarcodeInfoC1EP7GStringdddiiS1_#1	NOLINE	BOUNDARY	same	same
_ZN19XFAFieldBarcodeInfoD1Ev#1	NOLINE	BOUNDARY	same	same
_ZN8XFAFieldC1EP7GStringS1_S1_P18XFAFieldLayoutInfoP19XFAFieldPictureInfoP19XFAFieldBarcodeInfo#1	NOLINE	BOUNDARY	same	same
_ZN8XFAFieldD1Ev#1	NOLINE	BOUNDARY	same	same
_ZN10XFAScannerD1Ev#1	NOLINE	BOUNDARY	same	same
_ZN10XFAScannerD0Ev#1	NOLINE	BOUNDARY	same	same
_ZN10XFAScannerC1Ev#1	NOLINE	BOUNDARY	same	same
_ZN10XFAScanner9findFieldEP7GString#1	NOLINE	BOUNDARY	same	same
_ZN10XFAScanner14readXFAStreamsEP6Object#1	NOLINE	BOUNDARY	same	same
_ZN10XFAScanner12scanFormNodeEP9ZxElementP7GStringP5GHash#1	NOLINE	BOUNDARY	same	same
_ZN10XFAScanner14scanFormValuesEP9ZxElement#1	NOLINE	BOUNDARY	same	same
_ZN10XFAScanner16getDatasetsValueEPcP9ZxElement#1	NOLINE	BOUNDARY	same	same
_ZN10XFAScanner13getFieldValueEP9ZxElementP7GStringS3_S3_S1_P5GHash#1	NOLINE	BOUNDARY	same	same
_ZN10XFAScanner19getFieldPictureInfoEP9ZxElement#1	NOLINE	BOUNDARY	same	same
_ZN10XFAScanner14getMeasurementEP7GString#1	NOLINE	BOUNDARY	changed	changed
_ZN10XFAScanner18getFieldLayoutInfoEP9ZxElement#1	NOLINE	BOUNDARY	same	same
_ZN10XFAScanner19getFieldBarcodeInfoEP9ZxElement#1	NOLINE	BOUNDARY	same	same
_ZN10XFAScanner9scanFieldEP9ZxElementP7GStringS3_S3_S1_P5GHash#1	NOLINE	BOUNDARY	same	same
_ZN10XFAScanner15getNodeFullNameEP9ZxElement#1	NOLINE	BOUNDARY	same	same
_ZN10XFAScanner16nodeIsBindGlobalEP9ZxElement#1	NOLINE	BOUNDARY	same	same
_ZN10XFAScanner14nodeIsBindNoneEP9ZxElement#1	NOLINE	BOUNDARY	same	same
_ZN10XFAScanner11getNodeNameEP9ZxElement#1	NOLINE	BOUNDARY	same	same
_ZN10XFAScanner8scanNodeEP9ZxElementP7GStringS3_P5GHashS5_S3_S1_S5_#1	NOLINE	BOUNDARY	same	same
_ZN10XFAScanner4loadEP6Object#1	NOLINE	BOUNDARY	same	same
_ZN6ZxNode13getFirstChildEv#1	NOLINE	BOUNDARY	same	same
_ZN6ZxNode12getNextChildEv#1	NOLINE	BOUNDARY	same	same
_ZN6ZxNode8addChildEPS_#1	NOLINE	BOUNDARY	same	same
_ZN5ZxDoc8addChildEP6ZxNode#1	NOLINE	BOUNDARY	same	same
_ZL15writeToFileFuncPvPKci#1	NOLINE	BOUNDARY	same	same
_ZN9ZxElement9isElementEPKc#1	NOLINE	BOUNDARY	same	same
_ZN9ZxXMLDecl5writeEPFbPvPKciES0_#1	NOLINE	BOUNDARY	same	same
_ZN13ZxDocTypeDecl5writeEPFbPvPKciES0_#1	NOLINE	BOUNDARY	same	same
_ZN9ZxComment5writeEPFbPvPKciES0_#1	NOLINE	BOUNDARY	same	same
_ZN4ZxPI5writeEPFbPvPKciES0_#1	NOLINE	BOUNDARY	same	same
_ZN10ZxCharData5writeEPFbPvPKciES0_#1	NOLINE	BOUNDARY	changed	changed
_ZN5ZxDoc5writeEPFbPvPKciES0_#1	NOLINE	BOUNDARY	same	same
_ZN5ZxDocD1Ev#1	NOLINE	BOUNDARY	same	same
_ZN5ZxDocD0Ev#1	NOLINE	BOUNDARY	same	same
_ZN10ZxCharDataD1Ev#1	NOLINE	BOUNDARY	same	same
_ZN13ZxDocTypeDeclD1Ev#1	NOLINE	BOUNDARY	same	same
_ZN9ZxCommentD1Ev#1	NOLINE	BOUNDARY	same	same
_ZN13ZxDocTypeDeclD0Ev#1	NOLINE	BOUNDARY	same	same
_ZN10ZxCharDataD0Ev#1	NOLINE	BOUNDARY	same	same
_ZN9ZxCommentD0Ev#1	NOLINE	BOUNDARY	same	same
_ZN9ZxXMLDeclD1Ev#1	NOLINE	BOUNDARY	same	same
_ZN9ZxXMLDeclD0Ev#1	NOLINE	BOUNDARY	same	same
_ZN4ZxPID1Ev#1	NOLINE	BOUNDARY	same	same
_ZN4ZxPID0Ev#1	NOLINE	BOUNDARY	same	same
_ZN9ZxElementD1Ev#1	NOLINE	BOUNDARY	same	same
_ZN9ZxElementD0Ev#1	NOLINE	BOUNDARY	same	same
_ZN6ZxNodeC1Ev#1	NOLINE	BOUNDARY	same	same
_ZN6ZxNodeD1Ev#1	NOLINE	BOUNDARY	same	same
_ZN6ZxNodeD0Ev#1	NOLINE	BOUNDARY	same	same
_ZN6ZxNode11deleteChildEPS_#1	NOLINE	BOUNDARY	same	same
_ZN6ZxNode11appendChildEPS_#1	NOLINE	BOUNDARY	same	same
_ZN6ZxNode16insertChildAfterEPS_S0_#1	NOLINE	BOUNDARY	same	same
_ZN6ZxNode16findFirstElementEPKc#1	NOLINE	BOUNDARY	same	same
_ZN6ZxNode21findFirstChildElementEPKc#1	NOLINE	BOUNDARY	same	same
_ZN6ZxNode15findAllElementsEPKcP5GList#1	NOLINE	BOUNDARY	same	same
_ZN6ZxNode15findAllElementsEPKc#1	NOLINE	BOUNDARY	same	same
_ZN6ZxNode20findAllChildElementsEPKc#1	NOLINE	BOUNDARY	same	same
_ZN5ZxDocC1Ev#1	NOLINE	BOUNDARY	same	same
_ZN5ZxDoc9writeFileEPKc#1	NOLINE	BOUNDARY	same	same
_ZN5ZxDoc10appendUTF8EP7GStringj#1	NOLINE	BOUNDARY	same	same
_ZN5ZxDoc13parseCharDataEP9ZxElement#1	NOLINE	BOUNDARY	same	changed
_ZN5ZxDoc11parseCDSectEP6ZxNode#1	NOLINE	BOUNDARY	same	changed
_ZN5ZxDoc12parseCommentEP6ZxNode#1	NOLINE	BOUNDARY	same	same
_ZN5ZxDoc9parseNameEv#1	NOLINE	BOUNDARY	same	changed
_ZN5ZxDoc16parseDocTypeDeclEP6ZxNode.part.0#1	NOLINE	BOUNDARY	same	changed
_ZN5ZxDoc16parseDocTypeDeclEP6ZxNode#1	NOLINE	BOUNDARY	same	same
_ZN5ZxDoc7parsePIEP6ZxNode#1	NOLINE	BOUNDARY	same	changed
_ZN5ZxDoc9parseMiscEP6ZxNode#1	NOLINE	BOUNDARY	same	same
_ZN5ZxDoc9parseAttrEv#1	NOLINE	BOUNDARY	same	changed
_ZN5ZxDoc17parseQuotedStringEv#1	NOLINE	BOUNDARY	same	changed
_ZN5ZxDoc12parseXMLDeclEP6ZxNode#1	NOLINE	BOUNDARY	same	changed
_ZN5ZxDoc8parseBOMEv#1	NOLINE	BOUNDARY	same	same
_ZN5ZxDoc10parseSpaceEv#1	NOLINE	BOUNDARY	same	changed
_ZN5ZxDoc5matchEPKc#1	NOLINE	BOUNDARY	same	same
_ZN9ZxXMLDeclC1EP7GStringS1_b#1	NOLINE	BOUNDARY	same	same
_ZN13ZxDocTypeDeclC1EP7GString#1	NOLINE	BOUNDARY	same	same
_ZN9ZxCommentC1EP7GString#1	NOLINE	BOUNDARY	same	same
_ZN4ZxPIC1EP7GStringS1_#1	NOLINE	BOUNDARY	same	same
_ZN9ZxElementC1EP7GString#1	NOLINE	BOUNDARY	same	same
_ZN5ZxDoc12parseElementEP6ZxNode#1	NOLINE	BOUNDARY	same	same
_ZN5ZxDoc12parseContentEP9ZxElement#1	NOLINE	BOUNDARY	same	same
_ZN5ZxDoc5parseEPKcj#1	NOLINE	BOUNDARY	same	same
_ZN5ZxDoc7loadMemEPKcj#1	NOLINE	BOUNDARY	same	same
_ZN5ZxDoc8loadFileEPKc#1	NOLINE	BOUNDARY	same	same
_ZN9ZxElement8findAttrEPKc#1	NOLINE	BOUNDARY	same	same
_ZN9ZxElement7addAttrEP6ZxAttr#1	NOLINE	BOUNDARY	same	same
_ZN9ZxElement22appendEscapedAttrValueEP7GStringS1_#1	NOLINE	BOUNDARY	changed	changed
_ZN9ZxElement5writeEPFbPvPKciES0_#1	NOLINE	BOUNDARY	same	same
_ZN6ZxAttrC1EP7GStringS1_#1	NOLINE	BOUNDARY	same	same
_ZN6ZxAttrD1Ev#1	NOLINE	BOUNDARY	same	same
_ZN10ZxCharDataC1EP7GStringb#1	NOLINE	BOUNDARY	same	same
_ZN6ZxNode5isDocEv#1	NOLINE	BOUNDARY	same	same
_ZN6ZxNode9isXMLDeclEv#1	NOLINE	BOUNDARY	same	same
_ZN6ZxNode13isDocTypeDeclEv#1	NOLINE	BOUNDARY	same	same
_ZN6ZxNode9isCommentEv#1	NOLINE	BOUNDARY	same	same
_ZN6ZxNode4isPIEv#1	NOLINE	BOUNDARY	same	same
_ZN6ZxNode9isElementEv#1	NOLINE	BOUNDARY	same	same
_ZN6ZxNode9isElementEPKc#1	NOLINE	BOUNDARY	same	same
_ZN6ZxNode10isCharDataEv#1	NOLINE	BOUNDARY	same	same
_ZN5ZxDoc5isDocEv#1	NOLINE	BOUNDARY	same	same
_ZN9ZxXMLDecl9isXMLDeclEv#1	NOLINE	BOUNDARY	same	same
_ZN13ZxDocTypeDecl13isDocTypeDeclEv#1	NOLINE	BOUNDARY	same	same
_ZN9ZxComment9isCommentEv#1	NOLINE	BOUNDARY	same	same
_ZN4ZxPI4isPIEv#1	NOLINE	BOUNDARY	same	same
_ZN9ZxElement9isElementEv#1	NOLINE	BOUNDARY	same	same
_ZN10ZxCharData10isCharDataEv#1	NOLINE	BOUNDARY	same	same
_ZN8FoFiBaseD1Ev#1	NOLINE	BOUNDARY	same	same
_ZN8FoFiBaseD0Ev#1	NOLINE	BOUNDARY	same	same
_ZN8FoFiBaseC1EPcii#1	NOLINE	BOUNDARY	same	same
_ZN8FoFiBase8readFileEPcPi#1	NOLINE	BOUNDARY	same	same
_ZN8FoFiBase5getS8EiPi#1	NOLINE	BOUNDARY	same	same
_ZN8FoFiBase5getU8EiPi#1	NOLINE	BOUNDARY	same	same
_ZN8FoFiBase8getS16BEEiPi#1	NOLINE	BOUNDARY	changed	same
_ZN8FoFiBase8getU16BEEiPi#1	NOLINE	BOUNDARY	changed	same
_ZN8FoFiBase8getS32BEEiPi#1	NOLINE	BOUNDARY	changed	same
_ZN8FoFiBase8getU32BEEiPi#1	NOLINE	BOUNDARY	changed	same
_ZN8FoFiBase8getU32LEEiPi#1	NOLINE	BOUNDARY	changed	same
_ZN8FoFiBase9getUVarBEEiiPi#1	NOLINE	BOUNDARY	changed	same
_ZN8FoFiBase11checkRegionEii#1	NOLINE	BOUNDARY	changed	same
_ZN16IdentityFunctionD1Ev#1	NOLINE	BOUNDARY	same	same
_ZN16IdentityFunction9transformEPdS0_#1	NOLINE	BOUNDARY	same	same
_ZN15SampledFunction9transformEPdS0_#1	NOLINE	BOUNDARY	changed	same
_ZN19ExponentialFunctionD1Ev#1	NOLINE	BOUNDARY	same	same
_ZN17StitchingFunction9transformEPdS0_#1	NOLINE	BOUNDARY	changed	same
_ZN16IdentityFunctionD0Ev#1	NOLINE	BOUNDARY	changed	same
_ZN19ExponentialFunctionD0Ev#1	NOLINE	BOUNDARY	same	same
_ZN19ExponentialFunction9transformEPdS0_#1	NOLINE	BOUNDARY	same	same
_ZN15SampledFunctionD1Ev#1	NOLINE	BOUNDARY	same	same
_ZN17StitchingFunctionD1Ev#1	NOLINE	BOUNDARY	changed	same
_ZN17StitchingFunctionD0Ev#1	NOLINE	BOUNDARY	same	same
_ZN18PostScriptFunctionD1Ev#1	NOLINE	BOUNDARY	same	same
_ZN18PostScriptFunctionD0Ev#1	NOLINE	BOUNDARY	same	same
_ZN15SampledFunctionD0Ev#1	NOLINE	BOUNDARY	same	same
_ZN8FunctionC1Ev#1	NOLINE	BOUNDARY	same	same
_ZN8FunctionD1Ev#1	NOLINE	BOUNDARY	same	same
_ZN8FunctionD0Ev#1	NOLINE	BOUNDARY	same	same
_ZN8Function4initEP4Dict#1	NOLINE	BOUNDARY	same	same
_ZN16IdentityFunctionC1Ei#1	NOLINE	BOUNDARY	same	same
_ZN15SampledFunctionC1EP6ObjectP4Dict#1	NOLINE	BOUNDARY	changed	same
_ZN15SampledFunctionC1EPS_#1	NOLINE	BOUNDARY	same	same
_ZN19ExponentialFunctionC1EP6ObjectP4Dict#1	NOLINE	BOUNDARY	same	same
_ZN19ExponentialFunctionC1EPS_#1	NOLINE	BOUNDARY	same	same
_ZN17StitchingFunctionC1EPS_#1	NOLINE	BOUNDARY	changed	same
_ZN18PostScriptFunctionC1EPS_#1	NOLINE	BOUNDARY	changed	same
_ZN18PostScriptFunction7addCodeEPii#1	NOLINE	BOUNDARY	same	same
_ZN18PostScriptFunction8addCodeIEPiii#1	NOLINE	BOUNDARY	same	same
_ZN18PostScriptFunction8addCodeDEPiid#1	NOLINE	BOUNDARY	same	same
_ZN18PostScriptFunction9parseCodeEP5GListPiS2_#1	NOLINE	BOUNDARY	same	same
_ZN18PostScriptFunction8getTokenEP6Stream#1	NOLINE	BOUNDARY	same	changed
_ZN18PostScriptFunction4execEPdi#1	NOLINE	BOUNDARY	changed	same
_ZN18PostScriptFunction9transformEPdS0_#1	NOLINE	BOUNDARY	changed	same
_ZN18PostScriptFunctionC1EP6ObjectP4Dict#1	NOLINE	BOUNDARY	changed	same
_ZN8Function5parseEP6Objectiii#1	NOLINE	BOUNDARY	same	same
_ZN17StitchingFunctionC1EP6ObjectP4Dictiii#1	NOLINE	BOUNDARY	changed	same
_ZN16IdentityFunction7getTypeEv#1	NOLINE	BOUNDARY	same	same
_ZN16IdentityFunction4isOkEv#1	NOLINE	BOUNDARY	same	same
_ZN15SampledFunction7getTypeEv#1	NOLINE	BOUNDARY	same	same
_ZN15SampledFunction4isOkEv#1	NOLINE	BOUNDARY	same	same
_ZN19ExponentialFunction7getTypeEv#1	NOLINE	BOUNDARY	same	same
_ZN19ExponentialFunction4isOkEv#1	NOLINE	BOUNDARY	same	same
_ZN17StitchingFunction7getTypeEv#1	NOLINE	BOUNDARY	same	same
_ZN17StitchingFunction4isOkEv#1	NOLINE	BOUNDARY	same	same
_ZN18PostScriptFunction7getTypeEv#1	NOLINE	BOUNDARY	same	same
_ZN18PostScriptFunction4isOkEv#1	NOLINE	BOUNDARY	same	same
_ZN16IdentityFunction4copyEv#1	NOLINE	BOUNDARY	same	same
_ZN19ExponentialFunction4copyEv#1	NOLINE	BOUNDARY	same	same
_ZN15SampledFunction4copyEv#1	NOLINE	BOUNDARY	same	same
_ZN17StitchingFunction4copyEv#1	NOLINE	BOUNDARY	same	same
_ZN18PostScriptFunction4copyEv#1	NOLINE	BOUNDARY	same	same
_ZN18JArithmeticDecoder7cleanupEv.part.0#1	NOLINE	BOUNDARY	same	same
_ZN23JArithmeticDecoderStatsC1Ei#1	NOLINE	BOUNDARY	same	same
_ZN23JArithmeticDecoderStatsD1Ev#1	NOLINE	BOUNDARY	same	same
_ZN23JArithmeticDecoderStats4copyEv#1	NOLINE	BOUNDARY	same	same
_ZN23JArithmeticDecoderStats5resetEv#1	NOLINE	BOUNDARY	same	same
_ZN23JArithmeticDecoderStats8copyFromEPS_#1	NOLINE	BOUNDARY	same	same
_ZN23JArithmeticDecoderStats8setEntryEjii#1	NOLINE	BOUNDARY	same	same
_ZN18JArithmeticDecoderC1Ev#1	NOLINE	BOUNDARY	same	same
_ZN18JArithmeticDecoderD1Ev#1	NOLINE	BOUNDARY	same	same
_ZN18JArithmeticDecoder7restartEi#1	NOLINE	BOUNDARY	same	same
_ZN18JArithmeticDecoder7cleanupEv#1	NOLINE	BOUNDARY	same	same
_ZN18JArithmeticDecoder6byteInEv#1	NOLINE	BOUNDARY	same	same
_ZN18JArithmeticDecoder5startEv#1	NOLINE	BOUNDARY	same	same
_ZN18JArithmeticDecoder9decodeBitEjP23JArithmeticDecoderStats#1	NOLINE	BOUNDARY	changed	same
_ZN18JArithmeticDecoder10decodeByteEjP23JArithmeticDecoderStats#1	NOLINE	BOUNDARY	same	same
_ZN18JArithmeticDecoder12decodeIntBitEP23JArithmeticDecoderStats#1	NOLINE	BOUNDARY	same	same
_ZN18JArithmeticDecoder10decodeIAIDEjP23JArithmeticDecoderStats#1	NOLINE	BOUNDARY	same	same
_ZN18JArithmeticDecoder9decodeIntEPiP23JArithmeticDecoderStats#1	NOLINE	BOUNDARY	same	same
md5_process#1	texk/web2c/libmd5/md5.c	BOUNDARY	same	same
md5_init#1	texk/web2c/libmd5/md5.c	BOUNDARY	same	same
md5_append#1	texk/web2c/libmd5/md5.c	BOUNDARY	changed	same
md5_finish#1	texk/web2c/libmd5/md5.c	BOUNDARY	changed	same
eof#1	texk/web2c/lib/eofeoln.c	BOUNDARY	same	same
eoln#1	texk/web2c/lib/eofeoln.c	BOUNDARY	same	same
readln#1	texk/web2c/lib/eofeoln.c	BOUNDARY	same	same
recorder_start#1	texk/web2c/lib/openclose.c	BOUNDARY	same	same
recorder_change_filename#1	texk/web2c/lib/openclose.c	BOUNDARY	same	same
recorder_record_input#1	texk/web2c/lib/openclose.c	BOUNDARY	same	same
recorder_record_output#1	texk/web2c/lib/openclose.c	BOUNDARY	same	same
open_input#1	texk/web2c/lib/openclose.c	BOUNDARY	same	changed
open_input_with_dirname#1	texk/web2c/lib/openclose.c	BOUNDARY	same	changed
open_output#1	texk/web2c/lib/openclose.c	BOUNDARY	same	changed
close_file#1	texk/web2c/lib/openclose.c	BOUNDARY	same	changed
printversionandexit#1	texk/web2c/lib/printversion.c	BOUNDARY	same	same
setupboundvariable#1	texk/web2c/lib/setupvar.c	BOUNDARY	same	same
uexit#1	texk/web2c/lib/uexit.c	BOUNDARY	same	same
usage#1	texk/web2c/lib/usage.c	BOUNDARY	same	same
usagehelp#1	texk/web2c/lib/usage.c	BOUNDARY	same	changed
zround#1	texk/web2c/lib/zround.c	BOUNDARY	same	same
kpathsea_set_suffixes_va_list#1	texk/kpathsea/tex-file.c	BOUNDARY	one-build-only	same
init_maketex#1	texk/kpathsea/tex-file.c	BOUNDARY	changed	changed
concatn_with_spaces#1	texk/kpathsea/tex-file.c	BOUNDARY	changed	same
init_path#1	texk/kpathsea/tex-file.c	BOUNDARY	same	changed
target_fontmaps#1	texk/kpathsea/tex-file.c	BOUNDARY	same	same
target_suffixed_names#1	texk/kpathsea/tex-file.c	BOUNDARY	same	same
abs_fname_ok#1	texk/kpathsea/tex-file.c	BOUNDARY	same	changed
target_asis_name.part.0#1	texk/kpathsea/tex-file.c	BOUNDARY	same	same
kpathsea_name_ok.part.0.constprop.0#1	texk/kpathsea/tex-file.c	BOUNDARY	same	changed
kpathsea_init_fallback_resolutions#1	texk/kpathsea/tex-file.c	BOUNDARY	same	changed
kpse_init_fallback_resolutions#1	texk/kpathsea/tex-file.c	BOUNDARY	same	same
kpathsea_set_program_enabled#1	texk/kpathsea/tex-file.c	BOUNDARY	same	same
kpse_set_program_enabled#1	texk/kpathsea/tex-file.c	BOUNDARY	same	same
kpathsea_maketex_option#1	texk/kpathsea/tex-file.c	BOUNDARY	same	same
kpse_maketex_option#1	texk/kpathsea/tex-file.c	BOUNDARY	same	same
kpathsea_set_suffixes#1	texk/kpathsea/tex-file.c	BOUNDARY	changed	same
kpse_set_suffixes#1	texk/kpathsea/tex-file.c	BOUNDARY	changed	same
kpathsea_init_format_return_varlist#1	texk/kpathsea/tex-file.c	BOUNDARY	same	changed
kpathsea_init_format#1	texk/kpathsea/tex-file.c	BOUNDARY	same	same
kpse_init_format#1	texk/kpathsea/tex-file.c	BOUNDARY	same	same
kpathsea_find_file_generic#1	texk/kpathsea/tex-file.c	BOUNDARY	same	same
kpathsea_find_file#1	texk/kpathsea/tex-file.c	BOUNDARY	same	same
kpse_find_file#1	texk/kpathsea/tex-file.c	BOUNDARY	same	same
kpse_find_file_generic#1	texk/kpathsea/tex-file.c	BOUNDARY	same	same
kpathsea_in_name_ok_silent#1	texk/kpathsea/tex-file.c	BOUNDARY	same	same
kpathsea_in_name_ok#1	texk/kpathsea/tex-file.c	BOUNDARY	same	same
kpathsea_in_name_ok_silent_extended#1	texk/kpathsea/tex-file.c	BOUNDARY	same	same
kpathsea_in_name_ok_extended#1	texk/kpathsea/tex-file.c	BOUNDARY	same	same
kpathsea_out_name_ok_silent#1	texk/kpathsea/tex-file.c	BOUNDARY	same	same
kpathsea_out_name_ok#1	texk/kpathsea/tex-file.c	BOUNDARY	same	same
kpathsea_out_name_ok_silent_extended#1	texk/kpathsea/tex-file.c	BOUNDARY	same	same
kpathsea_out_name_ok_extended#1	texk/kpathsea/tex-file.c	BOUNDARY	same	same
kpse_in_name_ok#1	texk/kpathsea/tex-file.c	BOUNDARY	same	same
kpse_out_name_ok#1	texk/kpathsea/tex-file.c	BOUNDARY	same	same
kpse_in_name_ok_silent#1	texk/kpathsea/tex-file.c	BOUNDARY	same	same
kpse_out_name_ok_silent#1	texk/kpathsea/tex-file.c	BOUNDARY	same	same
kpse_in_name_ok_extended#1	texk/kpathsea/tex-file.c	BOUNDARY	same	same
kpse_out_name_ok_extended#1	texk/kpathsea/tex-file.c	BOUNDARY	same	same
kpse_in_name_ok_silent_extended#1	texk/kpathsea/tex-file.c	BOUNDARY	same	same
kpse_out_name_ok_silent_extended#1	texk/kpathsea/tex-file.c	BOUNDARY	same	same
kpathsea_open_file#1	texk/kpathsea/tex-file.c	BOUNDARY	same	same
kpse_open_file#1	texk/kpathsea/tex-file.c	BOUNDARY	same	same
kpathsea_reset_program_name#1	texk/kpathsea/tex-file.c	BOUNDARY	same	same
kpse_reset_program_name#1	texk/kpathsea/tex-file.c	BOUNDARY	same	same
kpathsea_absolute_p#1	texk/kpathsea/absolute.c	BOUNDARY	same	changed
kpse_absolute_p#1	texk/kpathsea/absolute.c	BOUNDARY	same	changed
do_line#1	texk/kpathsea/cnf.c	BOUNDARY	same	changed
kpathsea_cnf_line_env_progname#1	texk/kpathsea/cnf.c	BOUNDARY	same	changed
kpathsea_cnf_get#1	texk/kpathsea/cnf.c	BOUNDARY	same	changed
kpse_cnf_get#1	texk/kpathsea/cnf.c	BOUNDARY	same	same
kpse_cnf_p#1	texk/kpathsea/cnf.c	BOUNDARY	same	changed
concat#1	texk/kpathsea/concat.c	BOUNDARY	same	same
concat3#1	texk/kpathsea/concat3.c	BOUNDARY	same	same
concatn#1	texk/kpathsea/concatn.c	BOUNDARY	same	same
match#1	texk/kpathsea/db.c	BOUNDARY	same	changed
kpathsea_db_insert#1	texk/kpathsea/db.c	BOUNDARY	same	same
kpathsea_init_db#1	texk/kpathsea/db.c	BOUNDARY	changed	changed
kpathsea_db_search#1	texk/kpathsea/db.c	BOUNDARY	changed	changed
kpathsea_db_search_list#1	texk/kpathsea/db.c	BOUNDARY	same	changed
kpse_fopen_trace#1	texk/kpathsea/debug.c	BOUNDARY	same	same
kpse_fclose_trace#1	texk/kpathsea/debug.c	BOUNDARY	same	same
kpathsea_dir_p#1	texk/kpathsea/dir.c	BOUNDARY	same	same
dir_p#1	texk/kpathsea/dir.c	BOUNDARY	same	same
kpathsea_dir_links#1	texk/kpathsea/dir.c	BOUNDARY	same	same
dir_links#1	texk/kpathsea/dir.c	BOUNDARY	same	same
expand_append#1	texk/kpathsea/expand.c	BOUNDARY	same	same
brace_expand.isra.0#1	texk/kpathsea/expand.c	BOUNDARY	same	changed
kpathsea_brace_expand_element#1	texk/kpathsea/expand.c	BOUNDARY	same	same
kpathsea_expand#1	texk/kpathsea/expand.c	BOUNDARY	same	same
kpathsea_brace_expand#1	texk/kpathsea/expand.c	BOUNDARY	same	changed
kpse_brace_expand#1	texk/kpathsea/expand.c	BOUNDARY	same	same
kpathsea_path_expand#1	texk/kpathsea/expand.c	BOUNDARY	same	changed
kpse_path_expand#1	texk/kpathsea/expand.c	BOUNDARY	same	same
same_file_p#1	texk/kpathsea/file-p.c	BOUNDARY	same	same
find_suffix#1	texk/kpathsea/find-suffix.c	BOUNDARY	same	changed
token#1	texk/kpathsea/fontmap.c	BOUNDARY	same	changed
map_file_parse#1	texk/kpathsea/fontmap.c	BOUNDARY	same	changed
kpathsea_fontmap_lookup#1	texk/kpathsea/fontmap.c	BOUNDARY	same	same
hash_create#1	texk/kpathsea/hash.c	BOUNDARY	same	same
hash_insert#1	texk/kpathsea/hash.c	BOUNDARY	same	changed
hash_insert_normalized#1	texk/kpathsea/hash.c	BOUNDARY	same	same
hash_remove#1	texk/kpathsea/hash.c	BOUNDARY	same	changed
hash_lookup#1	texk/kpathsea/hash.c	BOUNDARY	same	changed
hash_print#1	texk/kpathsea/hash.c	BOUNDARY	same	same
kpathsea_expand_default#1	texk/kpathsea/kdefault.c	BOUNDARY	same	changed
kpathsea_new#1	texk/kpathsea/kpathsea.c	BOUNDARY	same	same
kpathsea_finish#1	texk/kpathsea/kpathsea.c	BOUNDARY	same	same
read_line#1	texk/kpathsea/line.c	BOUNDARY	same	same
kpathsea_magstep_fix#1	texk/kpathsea/magstep.c	BOUNDARY	same	same
kpse_magstep_fix#1	texk/kpathsea/magstep.c	BOUNDARY	same	same
element#1	texk/kpathsea/path-elt.c	BOUNDARY	same	changed
kpathsea_path_element#1	texk/kpathsea/path-elt.c	BOUNDARY	same	same
kpathsea_filename_component#1	texk/kpathsea/path-elt.c	BOUNDARY	same	same
casefold_readable_file#1	texk/kpathsea/pathsearch.c	BOUNDARY	same	same
absolute_search#1	texk/kpathsea/pathsearch.c	BOUNDARY	same	same
dir_list_search#1	texk/kpathsea/pathsearch.c	BOUNDARY	same	same
print_space_list#1	texk/kpathsea/pathsearch.c	BOUNDARY	same	same
dir_list_search_list#1	texk/kpathsea/pathsearch.c	BOUNDARY	changed	same
log_search.isra.0#1	texk/kpathsea/pathsearch.c	BOUNDARY	same	same
search#1	texk/kpathsea/pathsearch.c	BOUNDARY	same	changed
kpathsea_path_search_list_generic#1	texk/kpathsea/pathsearch.c	BOUNDARY	same	changed
kpathsea_path_search#1	texk/kpathsea/pathsearch.c	BOUNDARY	same	same
kpathsea_all_path_search#1	texk/kpathsea/pathsearch.c	BOUNDARY	same	same
kpse_path_search#1	texk/kpathsea/pathsearch.c	BOUNDARY	same	same
kpse_all_path_search#1	texk/kpathsea/pathsearch.c	BOUNDARY	same	same
kpathsea_init_prog#1	texk/kpathsea/proginit.c	BOUNDARY	same	same
kpse_init_prog#1	texk/kpathsea/proginit.c	BOUNDARY	same	same
StripFirst#1	texk/kpathsea/progname.c	BOUNDARY	same	changed
expand_symlinks#1	texk/kpathsea/progname.c	BOUNDARY	changed	changed
kpathsea_selfdir#1	texk/kpathsea/progname.c	BOUNDARY	same	changed
kpse_selfdir#1	texk/kpathsea/progname.c	BOUNDARY	same	same
kpathsea_set_program_name#1	texk/kpathsea/progname.c	BOUNDARY	same	changed
kpse_set_program_name#1	texk/kpathsea/progname.c	BOUNDARY	same	same
kpse_program_basename#1	texk/kpathsea/progname.c	BOUNDARY	same	same
kpathsea_readable_file#1	texk/kpathsea/readable.c	BOUNDARY	same	changed
kpse_readable_file#1	texk/kpathsea/readable.c	BOUNDARY	same	same
remove_suffix#1	texk/kpathsea/rm-suffix.c	BOUNDARY	same	same
str_list_add#1	texk/kpathsea/str-list.c	BOUNDARY	same	same
cstr_list_add#1	texk/kpathsea/str-list.c	BOUNDARY	same	same
str_list_concat#1	texk/kpathsea/str-list.c	BOUNDARY	same	same
str_list_concat_elements#1	texk/kpathsea/str-list.c	BOUNDARY	same	same
str_list_free#1	texk/kpathsea/str-list.c	BOUNDARY	same	same
str_list_uniqify#1	texk/kpathsea/str-list.c	BOUNDARY	same	same
str_llist_add#1	texk/kpathsea/str-llist.c	BOUNDARY	same	same
str_llist_float#1	texk/kpathsea/str-llist.c	BOUNDARY	same	same
try_format#1	texk/kpathsea/tex-glyph.c	BOUNDARY	same	same
try_size#1	texk/kpathsea/tex-glyph.c	BOUNDARY	same	same
try_resolution#1	texk/kpathsea/tex-glyph.c	BOUNDARY	same	same
try_fallback_resolutions#1	texk/kpathsea/tex-glyph.c	BOUNDARY	same	same
kpathsea_find_glyph#1	texk/kpathsea/tex-glyph.c	BOUNDARY	same	same
kpse_find_glyph#1	texk/kpathsea/tex-glyph.c	BOUNDARY	same	same
kpathsea_bitmap_tolerance#1	texk/kpathsea/tex-glyph.c	BOUNDARY	same	same
kpse_bitmap_tolerance#1	texk/kpathsea/tex-glyph.c	BOUNDARY	same	same
kpathsea_tex_hush#1	texk/kpathsea/tex-hush.c	BOUNDARY	same	same
kpse_tex_hush#1	texk/kpathsea/tex-hush.c	BOUNDARY	same	same
maketex#1	texk/kpathsea/tex-make.c	BOUNDARY	same	changed
kpathsea_make_tex#1	texk/kpathsea/tex-make.c	BOUNDARY	changed	changed
kpse_make_tex#1	texk/kpathsea/tex-make.c	BOUNDARY	same	same
kpathsea_tilde_expand#1	texk/kpathsea/tilde.c	BOUNDARY	same	changed
uppercasify#1	texk/kpathsea/uppercasify.c	BOUNDARY	same	changed
expanding#1	texk/kpathsea/variable.c	BOUNDARY	same	same
expand#2	texk/kpathsea/variable.c	BOUNDARY	same	changed
kpathsea_var_value#1	texk/kpathsea/variable.c	BOUNDARY	same	changed
kpse_var_value#1	texk/kpathsea/variable.c	BOUNDARY	same	same
kpathsea_var_expand#1	texk/kpathsea/variable.c	BOUNDARY	same	changed
kpse_var_expand#1	texk/kpathsea/variable.c	BOUNDARY	same	changed
xbasename#1	texk/kpathsea/xbasename.c	BOUNDARY	same	changed
xcalloc#1	texk/kpathsea/xcalloc.c	BOUNDARY	same	same
xdirname#1	texk/kpathsea/xdirname.c	BOUNDARY	same	changed
xfopen#1	texk/kpathsea/xfopen.c	BOUNDARY	same	same
xfclose#1	texk/kpathsea/xfopen.c	BOUNDARY	same	same
xfseek#1	texk/kpathsea/xfseek.c	BOUNDARY	same	same
xftell#1	texk/kpathsea/xftell.c	BOUNDARY	same	same
xgetcwd#1	texk/kpathsea/xgetcwd.c	BOUNDARY	same	same
xmalloc#1	texk/kpathsea/xmalloc.c	BOUNDARY	same	same
xopendir#1	texk/kpathsea/xopendir.c	BOUNDARY	same	same
xclosedir#1	texk/kpathsea/xopendir.c	BOUNDARY	same	same
kpathsea_xputenv#1	texk/kpathsea/xputenv.c	BOUNDARY	changed	same
kpathsea_xputenv_int#1	texk/kpathsea/xputenv.c	BOUNDARY	same	same
xputenv#1	texk/kpathsea/xputenv.c	BOUNDARY	same	same
xputenv_int#1	texk/kpathsea/xputenv.c	BOUNDARY	same	same
xrealloc#1	texk/kpathsea/xrealloc.c	BOUNDARY	same	same
xstrdup#1	texk/kpathsea/xstrdup.c	BOUNDARY	same	same
xfseeko#1	texk/kpathsea/xfseeko.c	BOUNDARY	same	same
xftello#1	texk/kpathsea/xftello.c	BOUNDARY	same	same
dir_list_add#1	texk/kpathsea/elt-dirs.c	BOUNDARY	same	changed
expand_elt#1	texk/kpathsea/elt-dirs.c	BOUNDARY	same	changed
do_subdir#1	texk/kpathsea/elt-dirs.c	BOUNDARY	same	changed
kpathsea_normalize_path#1	texk/kpathsea/elt-dirs.c	BOUNDARY	same	changed
kpathsea_element_dirs#1	texk/kpathsea/elt-dirs.c	BOUNDARY	same	changed
extend_filename#1	texk/kpathsea/extend-fname.c	BOUNDARY	same	same
fn_init#1	texk/kpathsea/fn.c	BOUNDARY	same	same
fn_copy0#1	texk/kpathsea/fn.c	BOUNDARY	same	same
fn_free#1	texk/kpathsea/fn.c	BOUNDARY	same	same
fn_1grow#1	texk/kpathsea/fn.c	BOUNDARY	same	changed
fn_grow#1	texk/kpathsea/fn.c	BOUNDARY	same	same
fn_str_grow#1	texk/kpathsea/fn.c	BOUNDARY	same	same
fn_shrink_to#1	texk/kpathsea/fn.c	BOUNDARY	same	same
_ZNK10__cxxabiv117__class_type_info11__do_upcastEPKS0_PPv#1	NOLINE	BOUNDARY	same	same
_ZNK10__cxxabiv117__class_type_info20__do_find_public_srcElPKvPKS0_S2_#1	NOLINE	BOUNDARY	same	same
_ZN10__cxxabiv117__class_type_infoD1Ev#1	NOLINE	BOUNDARY	same	same
_ZN10__cxxabiv117__class_type_infoD0Ev#1	NOLINE	BOUNDARY	same	same
_ZNK10__cxxabiv117__class_type_info11__do_upcastEPKS0_PKvRNS0_15__upcast_resultE#1	NOLINE	BOUNDARY	same	same
_ZNK10__cxxabiv117__class_type_info10__do_catchEPKSt9type_infoPPvj#1	NOLINE	BOUNDARY	same	same
_ZNK10__cxxabiv117__class_type_info12__do_dyncastElNS0_10__sub_kindEPKS0_PKvS3_S5_RNS0_16__dyncast_resultE#1	NOLINE	BOUNDARY	same	same
_ZdlPvm#1	NOLINE	BOUNDARY	same	same
_ZdaPv#1	NOLINE	BOUNDARY	same	same
_ZL16get_adjusted_ptrPKSt9type_infoS1_PPv#1	NOLINE	BOUNDARY	same	same
_ZL28read_encoded_value_with_basehmPKhPm#1	NOLINE	BOUNDARY	same	same
_ZL15get_ttype_entryP16lsda_header_infom#1	NOLINE	BOUNDARY	same	same
_ZL20check_exception_specP16lsda_header_infoPKSt9type_infoPvl#1	NOLINE	BOUNDARY	same	same
_ZL21base_of_encoded_valuehP15_Unwind_Context#1	NOLINE	BOUNDARY	same	same
_ZL17parse_lsda_headerP15_Unwind_ContextPKhP16lsda_header_info#1	NOLINE	BOUNDARY	same	same
__gxx_personality_v0#1	NOLINE	BOUNDARY	same	same
__cxa_call_unexpected#1	NOLINE	BOUNDARY	same	same
_ZN10__cxxabiv111__terminateEPFvvE#1	NOLINE	BOUNDARY	same	same
_ZSt13set_terminatePFvvE#1	NOLINE	BOUNDARY	same	same
_ZSt13get_terminatev#1	NOLINE	BOUNDARY	same	same
_ZSt9terminatev#1	NOLINE	BOUNDARY	same	same
_ZN10__cxxabiv112__unexpectedEPFvvE#1	NOLINE	BOUNDARY	same	same
_ZSt14set_unexpectedPFvvE#1	NOLINE	BOUNDARY	same	same
_ZSt14get_unexpectedv#1	NOLINE	BOUNDARY	same	same
_ZSt10unexpectedv#1	NOLINE	BOUNDARY	same	same
_ZL23__gxx_exception_cleanup19_Unwind_Reason_CodeP17_Unwind_Exception#1	NOLINE	BOUNDARY	same	same
__cxa_init_primary_exception#1	NOLINE	BOUNDARY	same	same
__cxa_throw#1	NOLINE	BOUNDARY	same	same
__cxa_rethrow#1	NOLINE	BOUNDARY	same	same
_Znwm#1	NOLINE	BOUNDARY	same	same
_Znam#1	NOLINE	BOUNDARY	same	same
__cxa_pure_virtual#1	NOLINE	BOUNDARY	same	same
__cxa_deleted_virtual#1	NOLINE	BOUNDARY	same	same
_ZN10__cxxabiv120__si_class_type_infoD1Ev#1	NOLINE	BOUNDARY	same	same
_ZN10__cxxabiv120__si_class_type_infoD0Ev#1	NOLINE	BOUNDARY	same	same
_ZNK10__cxxabiv120__si_class_type_info12__do_dyncastElNS_17__class_type_info10__sub_kindEPKS1_PKvS4_S6_RNS1_16__dyncast_resultE#1	NOLINE	BOUNDARY	same	same
_ZNK10__cxxabiv120__si_class_type_info20__do_find_public_srcElPKvPKNS_17__class_type_infoES2_#1	NOLINE	BOUNDARY	same	same
_ZNK10__cxxabiv120__si_class_type_info11__do_upcastEPKNS_17__class_type_infoEPKvRNS1_15__upcast_resultE#1	NOLINE	BOUNDARY	same	same
_ZNSt9type_infoD1Ev#1	NOLINE	BOUNDARY	same	same
_ZNKSt9type_info14__is_pointer_pEv#1	NOLINE	BOUNDARY	same	same
_ZNKSt9type_info11__do_upcastEPKN10__cxxabiv117__class_type_infoEPPv#1	NOLINE	BOUNDARY	same	same
_ZNSt9type_infoD0Ev#1	NOLINE	BOUNDARY	same	same
_ZNKSt9type_info10__do_catchEPKS_PPvj#1	NOLINE	BOUNDARY	same	same
_ZN9__gnu_cxx27__verbose_terminate_handlerEv#1	NOLINE	BOUNDARY	same	same
_ZNKSt9bad_alloc4whatEv#1	NOLINE	BOUNDARY	same	same
_ZNSt9bad_allocD1Ev#1	NOLINE	BOUNDARY	same	same
_ZNSt9bad_allocD0Ev#1	NOLINE	BOUNDARY	same	same
_ZNKSt20bad_array_new_length4whatEv#1	NOLINE	BOUNDARY	same	same
_ZNSt20bad_array_new_lengthD1Ev#1	NOLINE	BOUNDARY	same	same
_ZNSt20bad_array_new_lengthD0Ev#1	NOLINE	BOUNDARY	same	same
_ZNKSt8bad_cast4whatEv#1	NOLINE	BOUNDARY	same	same
_ZNSt8bad_castD1Ev#1	NOLINE	BOUNDARY	same	same
_ZNSt8bad_castD0Ev#1	NOLINE	BOUNDARY	same	same
_ZNKSt10bad_typeid4whatEv#1	NOLINE	BOUNDARY	same	same
_ZNSt10bad_typeidD1Ev#1	NOLINE	BOUNDARY	same	same
_ZNSt10bad_typeidD0Ev#1	NOLINE	BOUNDARY	same	same
d_make_comp#1	NOLINE	BOUNDARY	same	same
d_make_name#1	NOLINE	BOUNDARY	same	same
d_number#1	NOLINE	BOUNDARY	same	same
d_call_offset#1	NOLINE	BOUNDARY	same	same
d_ref_qualifier#1	NOLINE	BOUNDARY	same	same
d_discriminator#1	NOLINE	BOUNDARY	same	same
d_count_templates_scopes#1	NOLINE	BOUNDARY	same	same
d_pack_length#1	NOLINE	BOUNDARY	same	same
d_index_template_argument.part.0#1	NOLINE	BOUNDARY	same	same
d_growable_string_callback_adapter#1	NOLINE	BOUNDARY	same	same
next_is_type_qual.isra.0#1	NOLINE	BOUNDARY	same	same
d_append_char#1	NOLINE	BOUNDARY	same	same
d_lookup_template_argument#1	NOLINE	BOUNDARY	same	same
d_append_string#1	NOLINE	BOUNDARY	same	same
d_find_pack#1	NOLINE	BOUNDARY	same	same
d_template_param#1	NOLINE	BOUNDARY	same	same
d_append_num#1	NOLINE	BOUNDARY	same	same
d_source_name#1	NOLINE	BOUNDARY	same	same
d_substitution#1	NOLINE	BOUNDARY	same	same
d_print_java_identifier#1	NOLINE	BOUNDARY	same	same
d_type#1	NOLINE	BOUNDARY	same	same
d_operator_name#1	NOLINE	BOUNDARY	same	same
d_parmlist#1	NOLINE	BOUNDARY	same	same
d_bare_function_type#1	NOLINE	BOUNDARY	same	same
d_function_type#1	NOLINE	BOUNDARY	same	same
d_unqualified_name#1	NOLINE	BOUNDARY	same	same
d_name#1	NOLINE	BOUNDARY	same	same
d_encoding.part.0#1	NOLINE	BOUNDARY	same	same
d_special_name#1	NOLINE	BOUNDARY	same	same
d_expr_primary#1	NOLINE	BOUNDARY	same	same
d_expression_1#1	NOLINE	BOUNDARY	same	same
d_exprlist#1	NOLINE	BOUNDARY	same	same
d_cv_qualifiers#1	NOLINE	BOUNDARY	same	same
d_template_arg#1	NOLINE	BOUNDARY	same	same
d_template_args_1#1	NOLINE	BOUNDARY	same	same
d_print_comp_inner#1	NOLINE	BOUNDARY	same	same
d_print_comp#1	NOLINE	BOUNDARY	same	same
d_print_mod#1	NOLINE	BOUNDARY	same	same
d_print_function_type#1	NOLINE	BOUNDARY	same	same
d_print_mod_list#1	NOLINE	BOUNDARY	same	same
d_print_array_type#1	NOLINE	BOUNDARY	same	same
d_print_conversion#1	NOLINE	BOUNDARY	same	same
d_print_expr_op#1	NOLINE	BOUNDARY	same	same
d_demangle_callback.constprop.0#1	NOLINE	BOUNDARY	same	same
d_print_subexpr#1	NOLINE	BOUNDARY	same	same
d_maybe_print_fold_expression#1	NOLINE	BOUNDARY	same	same
__cxa_demangle#1	NOLINE	BOUNDARY	same	same
__gcclibcxx_demangle_callback#1	NOLINE	BOUNDARY	same	same
_ZdlPv#1	NOLINE	BOUNDARY	same	same
_ZNK9__gnu_cxx24__concurrence_lock_error4whatEv#1	NOLINE	BOUNDARY	same	same
_ZNK9__gnu_cxx26__concurrence_unlock_error4whatEv#1	NOLINE	BOUNDARY	same	same
_ZN9__gnu_cxx24__concurrence_lock_errorD1Ev#1	NOLINE	BOUNDARY	same	same
_ZN9__gnu_cxx26__concurrence_unlock_errorD1Ev#1	NOLINE	BOUNDARY	same	same
_ZN9__gnu_cxx24__concurrence_lock_errorD0Ev#1	NOLINE	BOUNDARY	same	same
_ZN9__gnu_cxx26__concurrence_unlock_errorD0Ev#1	NOLINE	BOUNDARY	same	same
_ZN12_GLOBAL__N_14pool4freeEPv.constprop.0#1	NOLINE	BOUNDARY	same	same
_ZN12_GLOBAL__N_14pool8allocateEm.constprop.0#1	NOLINE	BOUNDARY	same	same
_ZN9__gnu_cxx9__freeresEv#1	NOLINE	BOUNDARY	same	same
__cxa_allocate_exception#1	NOLINE	BOUNDARY	same	same
__cxa_free_exception#1	NOLINE	BOUNDARY	same	same
__cxa_allocate_dependent_exception#1	NOLINE	BOUNDARY	same	same
__cxa_free_dependent_exception#1	NOLINE	BOUNDARY	same	same
__cxa_call_terminate#1	NOLINE	BOUNDARY	same	same
__cxa_get_exception_ptr#1	NOLINE	BOUNDARY	same	same
__cxa_begin_catch#1	NOLINE	BOUNDARY	same	same
__cxa_end_catch#1	NOLINE	BOUNDARY	same	same
_ZSt18uncaught_exceptionv#1	NOLINE	BOUNDARY	same	same
_ZSt19uncaught_exceptionsv#1	NOLINE	BOUNDARY	same	same
_ZNSt9exceptionD1Ev#1	NOLINE	BOUNDARY	same	same
_ZNSt13bad_exceptionD1Ev#1	NOLINE	BOUNDARY	same	same
_ZNKSt9exception4whatEv#1	NOLINE	BOUNDARY	same	same
_ZNKSt13bad_exception4whatEv#1	NOLINE	BOUNDARY	same	same
_ZNSt9exceptionD0Ev#1	NOLINE	BOUNDARY	same	same
_ZNSt13bad_exceptionD0Ev#1	NOLINE	BOUNDARY	same	same
_ZN10__cxxabiv115__forced_unwindD1Ev#1	NOLINE	BOUNDARY	same	same
_ZN10__cxxabiv115__forced_unwindD0Ev#1	NOLINE	BOUNDARY	same	same
_ZN10__cxxabiv119__foreign_exceptionD1Ev#1	NOLINE	BOUNDARY	same	same
_ZN10__cxxabiv119__foreign_exceptionD0Ev#1	NOLINE	BOUNDARY	same	same
_ZGTtNKSt9exceptionD1Ev#1	NOLINE	BOUNDARY	same	same
_ZGTtNKSt9exception4whatEv#1	NOLINE	BOUNDARY	same	same
_ZGTtNKSt13bad_exceptionD1Ev#1	NOLINE	BOUNDARY	same	same
_ZGTtNKSt13bad_exception4whatEv#1	NOLINE	BOUNDARY	same	same
__cxa_get_globals_fast#1	NOLINE	BOUNDARY	same	same
__cxa_get_globals#1	NOLINE	BOUNDARY	same	same
__cxa_current_exception_type#1	NOLINE	BOUNDARY	same	same
_ZSt15set_new_handlerPFvvE#1	NOLINE	BOUNDARY	same	same
_ZSt15get_new_handlerv#1	NOLINE	BOUNDARY	same	same
init_dwarf_reg_size_table#1	NOLINE	BOUNDARY	same	same
uw_install_context_1#1	NOLINE	BOUNDARY	same	same
read_encoded_value#1	NOLINE	BOUNDARY	same	same
execute_stack_op#1	NOLINE	BOUNDARY	same	same
uw_update_context_1#1	NOLINE	BOUNDARY	same	same
uw_update_context#1	NOLINE	BOUNDARY	same	same
execute_cfa_program#1	NOLINE	BOUNDARY	same	same
uw_frame_state_for#1	NOLINE	BOUNDARY	same	same
uw_init_context_1#1	NOLINE	BOUNDARY	same	same
_Unwind_RaiseException_Phase2#1	NOLINE	BOUNDARY	same	same
_Unwind_ForcedUnwind_Phase2#1	NOLINE	BOUNDARY	same	same
_Unwind_GetGR#1	NOLINE	BOUNDARY	same	same
_Unwind_GetCFA#1	NOLINE	BOUNDARY	same	same
_Unwind_SetGR#1	NOLINE	BOUNDARY	same	same
_Unwind_GetIP#1	NOLINE	BOUNDARY	same	same
_Unwind_GetIPInfo#1	NOLINE	BOUNDARY	same	same
_Unwind_SetIP#1	NOLINE	BOUNDARY	same	same
_Unwind_GetLanguageSpecificData#1	NOLINE	BOUNDARY	same	same
_Unwind_GetRegionStart#1	NOLINE	BOUNDARY	same	same
_Unwind_FindEnclosingFunction#1	NOLINE	BOUNDARY	same	same
_Unwind_GetDataRelBase#1	NOLINE	BOUNDARY	same	same
_Unwind_GetTextRelBase#1	NOLINE	BOUNDARY	same	same
__frame_state_for#1	NOLINE	BOUNDARY	same	same
_Unwind_DebugHook#1	NOLINE	BOUNDARY	same	same
_Unwind_RaiseException#1	NOLINE	BOUNDARY	same	same
_Unwind_ForcedUnwind#1	NOLINE	BOUNDARY	same	same
_Unwind_Resume#1	NOLINE	BOUNDARY	same	same
_Unwind_Resume_or_Rethrow#1	NOLINE	BOUNDARY	same	same
_Unwind_DeleteException#1	NOLINE	BOUNDARY	same	same
_Unwind_Backtrace#1	NOLINE	BOUNDARY	same	same
fde_unencoded_compare#1	NOLINE	BOUNDARY	same	same
frame_downheap#1	NOLINE	BOUNDARY	same	same
frame_heapsort#1	NOLINE	BOUNDARY	same	same
read_encoded_value_with_base#1	NOLINE	BOUNDARY	same	same
get_cie_encoding#1	NOLINE	BOUNDARY	same	same
classify_object_over_fdes#1	NOLINE	BOUNDARY	same	same
fde_single_encoding_compare#1	NOLINE	BOUNDARY	same	same
fde_mixed_encoding_compare#1	NOLINE	BOUNDARY	same	same
add_fdes#1	NOLINE	BOUNDARY	same	same
linear_search_fdes#1	NOLINE	BOUNDARY	same	same
_Unwind_IteratePhdrCallback#1	NOLINE	BOUNDARY	same	same
search_object#1	NOLINE	BOUNDARY	same	same
__register_frame_info_bases#1	NOLINE	BOUNDARY	same	same
__register_frame_info#1	NOLINE	BOUNDARY	same	same
__register_frame#1	NOLINE	BOUNDARY	same	same
__register_frame_info_table_bases#1	NOLINE	BOUNDARY	same	same
__register_frame_info_table#1	NOLINE	BOUNDARY	same	same
__register_frame_table#1	NOLINE	BOUNDARY	same	same
__deregister_frame_info_bases#1	NOLINE	BOUNDARY	same	same
__deregister_frame_info#1	NOLINE	BOUNDARY	same	same
__deregister_frame#1	NOLINE	BOUNDARY	same	same
_Unwind_Find_FDE#1	NOLINE	BOUNDARY	same	same
__aarch64_ldadd4_acq_rel#1	NOLINE	BOUNDARY	same	same
__aarch64_swp8_acq_rel#1	NOLINE	BOUNDARY	same	same
__libc_csu_init#1	NOLINE	BOUNDARY	same	same
__libc_csu_fini#1	NOLINE	BOUNDARY	same	same
_fini#1	NOLINE	BOUNDARY	same	same
e843419@0007_0000005d_100d4#1	NOT-IN-BASE	BOUNDARY	one-build-only	same
e843419@0007_0000005d_2150#1	NOT-IN-BASE	BOUNDARY	same	one-build-only
e843419@0007_0000005d_30d8#1	NOT-IN-BASE	BOUNDARY	one-build-only	same
e843419@0007_0000005d_90d4#1	NOT-IN-BASE	BOUNDARY	one-build-only	same
e843419@0007_0000005d_9150#1	NOT-IN-BASE	BOUNDARY	same	one-build-only
e843419@0008_0000006d_14ff0#1	NOT-IN-BASE	BOUNDARY	one-build-only	same
e843419@0008_0000006d_15034#1	NOT-IN-BASE	BOUNDARY	same	one-build-only
e843419@0008_0000006d_15ff4#1	NOT-IN-BASE	BOUNDARY	one-build-only	same
e843419@0008_0000006d_30034#1	NOT-IN-BASE	BOUNDARY	same	one-build-only
e843419@0008_0000006d_33ff4#1	NOT-IN-BASE	BOUNDARY	one-build-only	same
e843419@0008_0000006d_39034#1	NOT-IN-BASE	BOUNDARY	same	one-build-only
e843419@0008_0000006d_4030#1	NOT-IN-BASE	BOUNDARY	same	one-build-only
e843419@0008_0000006d_52ff0#1	NOT-IN-BASE	BOUNDARY	one-build-only	same
e843419@0008_0000006d_57ff0#1	NOT-IN-BASE	BOUNDARY	one-build-only	same
e843419@0008_0000006d_5f034#1	NOT-IN-BASE	BOUNDARY	same	one-build-only
e843419@0008_0000006d_6034#1	NOT-IN-BASE	BOUNDARY	same	one-build-only
e843419@0008_0000006d_8ff4#1	NOT-IN-BASE	BOUNDARY	one-build-only	same
e843419@0008_0000006d_9034#1	NOT-IN-BASE	BOUNDARY	same	one-build-only
